# *
	1	2	3	4	5	6	7	8	9	10	11	12	13	14	15	16	17	18	19	20	21	22	23	24	25	26	27	28	29	30	31	32	33	34	35	36	37	38	39	40	41	42	43	44	45	46	47	48	49	50	51	52	53	54	55	56	57	58	59	60	61	62	63	64	65	66	67	68	69	70	71	72	73	74	75	76	77	78	79	80	81	82	83	84	85	86	87	88	89	90	91	92	93	94	95	96	97	98	99	100	101	102	103	104	105	106	107	108	109	110	111	112	113	114	115	116	117	118	119	120	121	122	123	124	125	126	127	128	129	130	131	132	133	134	135	136	137	138	139	140	141	142	143	144	145	146	147	148	149	150	151	152	153	154	155	156	157	158	159	160	161	162	163	164	165	166	167	168	169	170	171	172	173	174	175	176	177	178	179	180	181	182	183	184	185	186	187	188	189	190	191	192	193	194	195	196	197	198	199	200	201	202	203	204	205	206	207	208	209	210	211	212	213	214	215	216	217	218	219	220	221	222	223	224	225	226	227	228	229	230	231	232	233	234	235	236	237	238	239	240	241	242	243	244	245	246	247	248	249	250	251	252	253	254	255	256	257	258	259	260	261	262	263	264	265	266	267	268	269	270	271	272	273	274	275	276	277	278	279	280	281	282	283	284	285	286	287	288	289	290	291	292	293	294	295	296	297
1	1	1	1	5	5	5	10	10	10	10	10	15	15	15	15	15	5	23	23	5	23	10	23	23	35	35	35	15	10	10	10	23	35	35	35	44	44	15	15	10	10	5	44	44	15	10	10	10	23	10	10	10	10	44	10	44	35	10	10	15	23	23	10	35	10	23	10	10	23	35	35	35	10	44	10	10	15	10	35	44	44	44	44	10	10	15	10	10	10	35	35	35	44	44	10	10	10	10	10	35	35	35	35	10	10	10	10	44	10	23	10	10	35	44	44	10	10	10	35	10	10	44	10	10	10	35	10	10	10	10	10	10	44	44	35	10	44	44	44	44	10	10	10	10	44	10	10	10	10	10	10	10	10	10	10	10	10	10	10	44	10	35	44	44	10	10	10	10	10	10	10	10	10	44	44	44	44	10	10	10	10	10	10	10	10	10	10	10	44	44	10	10	44	44	10	10	10	44	10	44	44	10	10	10	10	10	10	10	10	10	10	10	10	10	10	10	10	44	10	10	10	10	44	10	10	10	10	10	10	10	10	10	44	10	10	10	10	44	44	10	10	10	10	10	10	44	10	44	44	10	10	10	10	10	10	10	10	10	10	10	10	10	10	44	10	10	10	10	10	10	10	10	10	10	10	10	10	10	44	10	10	10	10	10	10	10	10	10	10	10	10	10	10	10	10	10	10
2	1	2	3	4	5	6	7	8	9	10	11	12	13	14	15	16	17	18	19	20	21	22	23	24	25	26	27	28	29	30	31	32	33	34	35	36	37	38	39	40	41	42	43	44	45	46	47	48	49	50	51	52	53	54	55	56	57	58	59	60	61	62	63	64	65	66	67	68	69	70	71	72	73	74	75	76	77	78	79	80	81	82	83	84	85	86	87	88	89	90	91	92	93	94	95	96	97	98	99	100	101	102	103	104	105	106	107	108	109	110	111	112	113	114	115	116	117	118	119	120	121	122	123	124	125	126	127	128	129	130	131	132	133	134	135	136	137	138	139	140	141	142	143	144	145	146	147	148	149	150	151	152	153	154	155	156	157	158	159	160	161	162	163	164	165	166	167	168	169	170	171	172	173	174	175	176	177	178	179	180	181	182	183	184	185	186	187	188	189	190	191	192	193	194	195	196	197	198	199	200	201	202	203	204	205	206	207	208	209	210	211	212	213	214	215	216	217	218	219	220	221	222	223	224	225	226	227	228	229	230	231	232	233	234	235	236	237	238	239	240	241	242	243	244	245	246	247	248	249	250	251	252	253	254	255	256	257	258	259	260	261	262	263	264	265	266	267	268	269	270	271	272	273	274	275	276	277	278	279	280	281	282	283	284	285	286	287	288	289	290	291	292	293	294	295	296	297
3	1	3	3	4	5	6	7	8	9	10	11	12	13	14	15	16	17	18	19	20	21	22	23	24	25	26	27	28	29	30	31	32	33	34	35	36	37	38	39	40	41	42	43	44	45	46	47	48	49	50	51	52	53	54	55	56	57	58	59	60	61	62	63	64	65	66	67	68	69	70	71	72	73	74	75	76	77	78	79	80	81	82	83	84	85	86	87	88	89	90	91	92	93	94	95	96	97	98	99	100	101	102	103	104	105	106	107	108	109	110	111	112	113	114	115	116	117	118	119	120	121	122	123	124	125	126	127	128	129	130	131	132	133	134	135	136	137	138	139	140	141	142	143	144	145	146	147	148	149	150	151	152	153	154	155	156	157	158	159	160	161	162	163	164	165	166	167	168	169	170	171	172	173	174	175	176	177	178	179	180	181	182	183	184	185	186	187	188	189	190	191	192	193	194	195	196	197	198	199	200	201	202	203	204	205	206	207	208	209	210	211	212	213	214	215	216	217	218	219	220	221	222	223	224	225	226	227	228	229	230	231	232	233	234	235	236	237	238	239	240	241	242	243	244	245	246	247	248	249	250	251	252	253	254	255	256	257	258	259	260	261	262	263	264	265	266	267	268	269	270	271	272	273	274	275	276	277	278	279	280	281	282	283	284	285	286	287	288	289	290	291	292	293	294	295	296	297
4	5	4	4	4	5	6	5	6	4	5	20	4	20	4	5	17	17	6	17	20	4	5	5	42	20	4	42	6	4	20	17	5	5	6	5	17	5	5	6	17	42	42	4	5	20	4	20	20	20	6	5	4	17	4	5	20	17	20	6	17	6	17	4	5	5	4	5	6	42	20	4	42	4	6	20	17	42	17	6	17	5	6	17	4	20	42	6	42	5	20	4	42	20	4	4	20	17	17	20	6	20	4	42	4	6	4	5	5	17	20	17	42	6	20	20	42	4	5	17	20	42	4	6	4	5	5	17	5	4	20	6	5	20	17	17	42	42	6	4	17	4	42	5	4	42	42	5	6	17	17	5	4	20	20	17	6	6	20	17	4	17	17	5	5	20	42	4	6	4	20	6	42	42	17	5	6	4	4	5	17	17	20	17	6	5	5	20	4	6	20	17	4	17	6	20	17	6	42	42	4	20	20	6	4	20	5	6	4	20	20	5	4	6	17	20	17	42	6	42	5	17	42	17	17	6	17	42	4	20	6	4	17	42	6	42	17	5	42	42	42	42	6	4	5	42	42	42	5	6	5	5	4	42	5	6	4	42	5	20	6	20	42	42	20	20	4	20	5	6	6	20	17	4	5	6	42	6	20	42	42	6	42	5	17	17	42	6	4	20	17	42	42	17	6	6	5	42
5	5	5	5	5	5	5	5	5	5	5	5	5	5	5	5	5	5	5	5	5	5	5	5	5	5	5	5	5	5	5	5	5	5	5	5	5	5	5	5	5	5	5	5	5	5	5	5	5	5	5	5	5	5	5	5	5	5	5	5	5	5	5	5	5	5	5	5	5	5	5	5	5	5	5	5	5	5	5	5	5	5	5	5	5	5	5	5	5	5	5	5	5	5	5	5	5	5	5	5	5	5	5	5	5	5	5	5	5	5	5	5	5	5	5	5	5	5	5	5	5	5	5	5	5	5	5	5	5	5	5	5	5	5	5	5	5	5	5	5	5	5	5	5	5	5	5	5	5	5	5	5	5	5	5	5	5	5	5	5	5	5	5	5	5	5	5	5	5	5	5	5	5	5	5	5	5	5	5	5	5	5	5	5	5	5	5	5	5	5	5	5	5	5	5	5	5	5	5	5	5	5	5	5	5	5	5	5	5	5	5	5	5	5	5	5	5	5	5	5	5	5	5	5	5	5	5	5	5	5	5	5	5	5	5	5	5	5	5	5	5	5	5	5	5	5	5	5	5	5	5	5	5	5	5	5	5	5	5	5	5	5	5	5	5	5	5	5	5	5	5	5	5	5	5	5	5	5	5	5	5	5	5	5	5	5	5	5	5	5	5	5	5	5	5	5	5	5
6	5	6	6	6	5	6	5	6	6	5	5	6	5	6	5	6	6	6	6	5	6	5	5	6	5	6	6	6	6	5	6	5	5	6	5	6	5	5	6	6	6	6	6	5	5	6	5	5	5	6	5	6	6	6	5	5	6	5	6	6	6	6	6	5	5	6	5	6	6	5	6	6	6	6	5	6	6	6	6	6	5	6	6	6	5	6	6	6	5	5	6	6	5	6	6	5	6	6	5	6	5	6	6	6	6	6	5	5	6	5	6	6	6	5	5	6	6	5	6	5	6	6	6	6	5	5	6	5	6	5	6	5	5	6	6	6	6	6	6	6	6	6	5	6	6	6	5	6	6	6	5	6	5	5	6	6	6	5	6	6	6	6	5	5	5	6	6	6	6	5	6	6	6	6	5	6	6	6	5	6	6	5	6	6	5	5	5	6	6	5	6	6	6	6	5	6	6	6	6	6	5	5	6	6	5	5	6	6	5	5	5	6	6	6	5	6	6	6	6	5	6	6	6	6	6	6	6	6	5	6	6	6	6	6	6	6	5	6	6	6	6	6	6	5	6	6	6	5	6	5	5	6	6	5	6	6	6	5	5	6	5	6	6	5	5	6	5	5	6	6	5	6	6	5	6	6	6	5	6	6	6	6	5	6	6	6	6	6	5	6	6	6	6	6	6	5	6
7	10	7	7	5	5	5	7	7	7	10	7	15	15	38	15	15	5	32	32	5	32	22	23	32	33	33	33	15	10	10	7	32	33	33	35	37	37	38	38	10	7	5	81	44	38	22	22	51	32	10	51	67	55	37	55	37	33	147	22	38	23	23	51	64	65	23	67	67	23	35	35	35	55	37	55	107	15	51	35	81	81	81	44	147	118	38	51	10	89	64	64	64	81	44	65	65	125	22	67	64	126	126	126	128	55	107	107	108	65	23	67	22	126	44	163	147	118	118	35	89	67	175	65	125	125	126	128	128	186	107	128	132	108	108	64	51	37	44	163	164	250	118	143	89	81	55	147	147	179	118	151	206	125	128	186	107	186	132	132	108	89	126	163	164	250	65	220	118	143	143	89	107	128	175	175	175	164	179	179	143	151	151	206	125	185	186	211	132	108	175	147	237	163	163	220	220	143	44	186	248	164	179	151	151	268	206	206	185	185	186	211	211	132	237	237	185	89	164	250	220	244	125	248	250	179	251	151	268	206	185	254	211	175	211	143	258	237	108	164	179	220	250	244	244	206	163	132	248	248	250	251	251	268	254	254	258	237	258	274	220	244	185	211	248	251	296	254	268	268	237	258	254	274	274	244	254	251	296	248	244	258	274	283	268	274	251	274	283	283	283	296	258	296	283	296	296	283
8	10	8	8	6	5	6	7	8	8	10	7	28	15	39	15	28	6	18	18	5	18	22	23	18	33	34	34	28	50	10	8	32	33	34	35	74	37	38	39	50	8	6	82	44	38	59	22	51	32	50	51	68	105	74	55	37	34	147	59	39	61	61	87	64	65	61	67	68	61	35	79	79	105	74	55	156	28	87	79	82	81	82	138	148	118	39	87	50	89	64	100	100	81	138	123	65	184	59	67	100	126	113	113	131	105	156	107	108	123	23	68	59	113	44	163	148	168	118	79	89	68	176	123	184	125	126	131	128	157	107	131	132	108	189	100	87	74	138	194	218	242	168	143	171	82	105	147	148	225	168	151	207	125	128	157	156	157	132	213	189	171	113	163	164	250	123	260	168	197	143	171	156	131	176	175	176	218	225	179	197	203	151	207	184	185	186	211	213	189	175	148	270	194	194	220	260	197	138	157	249	164	179	203	203	268	206	207	230	185	186	211	234	213	270	237	230	171	218	242	220	275	184	249	242	225	277	203	269	206	230	255	234	176	234	197	281	237	189	218	225	260	242	275	244	207	194	213	248	249	250	251	277	269	254	255	281	270	258	274	260	244	230	234	248	251	295	254	268	269	270	258	255	287	274	275	255	277	296	249	275	281	287	283	269	287	277	287	294	283	294	295	281	295	294	295	296	294
9	10	9	9	4	5	6	7	8	9	10	11	12	13	14	15	16	17	18	19	20	21	22	23	24	25	26	27	28	29	30	31	32	33	34	35	36	37	38	39	40	41	42	43	44	45	46	47	48	49	50	51	52	53	54	55	56	57	58	59	60	61	62	63	64	65	66	67	68	69	70	71	72	73	74	75	76	77	78	79	80	81	82	83	84	85	86	87	88	89	90	91	92	93	94	95	96	97	98	99	100	101	102	103	104	105	106	107	108	109	110	111	112	113	114	115	116	117	118	119	120	121	122	123	124	125	126	127	128	129	130	131	132	133	134	135	136	137	138	139	140	141	142	143	144	145	146	147	148	149	150	151	152	153	154	155	156	157	158	159	160	161	162	163	164	165	166	167	168	169	170	171	172	173	174	175	176	177	178	179	180	181	182	183	184	185	186	187	188	189	190	191	192	193	194	195	196	197	198	199	200	201	202	203	204	205	206	207	208	209	210	211	212	213	214	215	216	217	218	219	220	221	222	223	224	225	226	227	228	229	230	231	232	233	234	235	236	237	238	239	240	241	242	243	244	245	246	247	248	249	250	251	252	253	254	255	256	257	258	259	260	261	262	263	264	265	266	267	268	269	270	271	272	273	274	275	276	277	278	279	280	281	282	283	284	285	286	287	288	289	290	291	292	293	294	295	296	297
10	10	10	10	5	5	5	10	10	10	10	10	15	15	15	15	15	5	23	23	5	23	10	23	23	35	35	35	15	10	10	10	23	35	35	35	44	44	15	15	10	10	5	44	44	15	10	10	10	23	10	10	10	10	44	10	44	35	10	10	15	23	23	10	35	10	23	10	10	23	35	35	35	10	44	10	10	15	10	35	44	44	44	44	10	10	15	10	10	10	35	35	35	44	44	10	10	10	10	10	35	35	35	35	10	10	10	10	44	10	23	10	10	35	44	44	10	10	10	35	10	10	44	10	10	10	35	10	10	10	10	10	10	44	44	35	10	44	44	44	44	10	10	10	10	44	10	10	10	10	10	10	10	10	10	10	10	10	10	10	44	10	35	44	44	10	10	10	10	10	10	10	10	10	44	44	44	44	10	10	10	10	10	10	10	10	10	10	10	44	44	10	10	44	44	10	10	10	44	10	44	44	10	10	10	10	10	10	10	10	10	10	10	10	10	10	10	10	44	10	10	10	10	44	10	10	10	10	10	10	10	10	10	44	10	10	10	10	44	44	10	10	10	10	10	10	44	10	44	44	10	10	10	10	10	10	10	10	10	10	10	10	10	10	44	10	10	10	10	10	10	10	10	10	10	10	10	10	10	44	10	10	10	10	10	10	10	10	10	10	10	10	10	10	10	10	10	10
11	10	11	11	20	5	5	7	7	11	10	11	13	13	45	15	15	5	32	32	20	49	22	23	49	25	25	25	15	30	30	7	32	33	33	35	37	37	38	38	10	11	20	93	44	45	47	47	48	49	10	51	99	55	56	55	56	33	58	22	38	23	23	48	64	65	110	67	67	110	70	70	70	75	37	75	107	13	51	35	81	81	81	44	58	85	45	51	30	89	90	90	90	93	114	96	96	125	22	99	64	101	101	101	154	55	130	107	108	65	110	67	47	126	114	115	58	85	118	35	120	99	190	65	153	125	126	128	128	210	130	128	132	133	108	64	48	56	44	115	164	165	85	143	120	93	75	147	147	179	118	151	229	153	154	186	107	186	158	132	133	89	126	163	164	165	96	195	118	170	170	89	130	154	175	175	175	201	202	179	143	151	182	206	125	185	186	187	158	108	190	147	215	163	163	195	220	143	114	210	264	201	202	151	182	205	206	206	209	209	210	211	187	132	237	215	185	120	164	165	220	244	153	248	250	179	251	182	205	229	185	267	211	190	211	170	258	237	133	201	202	195	250	261	244	229	115	158	248	248	250	251	265	205	254	254	271	215	258	259	220	261	209	187	264	265	278	267	268	268	237	271	254	259	274	244	267	251	278	264	261	258	259	283	268	274	265	274	289	289	283	278	271	296	283	296	296	289
12	15	12	12	4	5	6	15	28	12	15	13	12	13	12	15	16	17	6	17	20	4	15	5	42	13	12	77	28	12	13	16	5	15	28	15	16	15	15	28	16	77	42	12	15	13	12	13	13	20	28	15	12	16	12	15	13	16	13	28	16	6	17	12	15	15	4	15	28	42	13	12	77	12	28	13	16	77	16	28	16	15	28	16	12	13	77	28	77	15	13	12	77	13	12	12	13	16	16	13	28	13	12	77	12	28	12	15	15	16	20	16	77	28	13	13	77	12	15	16	13	77	12	28	12	15	15	16	15	12	13	28	15	13	16	16	77	77	28	12	16	12	77	15	12	77	77	15	28	16	16	15	12	13	13	16	28	28	13	16	12	16	16	15	15	13	77	12	28	12	13	28	77	77	16	15	28	12	12	15	16	16	13	16	28	15	15	13	12	28	13	16	12	16	28	13	16	28	77	77	12	13	13	28	12	13	15	28	12	13	13	15	12	28	16	13	16	77	28	77	15	16	77	16	16	28	16	77	12	13	28	12	16	77	28	77	16	15	77	77	77	77	28	12	15	77	77	77	15	28	15	15	12	77	15	28	12	77	15	13	28	13	77	77	13	13	12	13	15	28	28	13	16	12	15	28	77	28	13	77	77	28	77	15	16	16	77	28	12	13	16	77	77	16	28	28	15	77
13	15	13	13	20	5	5	15	15	13	15	13	13	13	13	15	15	5	5	5	20	20	15	5	20	13	13	13	15	13	13	15	5	15	15	15	15	15	15	15	15	13	20	13	15	13	13	13	13	20	15	15	13	15	13	15	13	15	13	15	15	5	5	13	15	15	20	15	15	20	13	13	13	13	15	13	15	13	15	15	15	15	15	15	13	13	13	15	13	15	13	13	13	13	13	13	13	15	15	13	15	13	13	13	13	15	13	15	15	15	20	15	13	15	13	13	13	13	15	15	13	13	13	15	13	15	15	15	15	13	13	15	15	13	15	15	13	13	15	13	15	13	13	15	13	13	13	15	15	15	15	15	13	13	13	15	15	15	13	15	13	15	15	15	15	13	13	13	15	13	13	15	13	13	15	15	15	13	13	15	15	15	13	15	15	15	15	13	13	15	13	15	13	15	15	13	15	15	13	13	13	13	13	15	13	13	15	15	13	13	13	15	13	15	15	13	15	13	15	13	15	15	13	15	15	15	15	13	13	13	15	13	15	13	15	13	15	15	13	13	13	13	15	13	15	13	13	13	15	15	15	15	13	13	15	15	13	13	15	13	15	13	13	13	13	13	13	13	15	15	15	13	15	13	15	15	13	15	13	13	13	15	13	15	15	15	13	15	13	13	15	13	13	15	15	15	15	13
14	15	14	14	4	5	6	38	39	14	15	45	12	13	14	15	16	17	6	17	20	4	15	5	42	45	14	86	28	12	13	60	5	38	39	15	16	15	38	39	16	86	42	14	15	45	12	13	45	20	28	38	14	16	12	15	13	60	45	28	60	6	17	14	15	15	4	38	39	42	13	12	77	12	28	13	16	77	60	28	60	38	39	16	14	45	86	39	77	15	13	12	77	45	12	12	13	16	16	45	28	45	14	86	14	28	12	15	15	16	20	60	77	39	13	45	86	14	38	16	13	86	14	28	12	15	38	60	38	14	13	39	15	13	16	16	86	77	28	14	16	14	86	15	12	86	77	38	39	16	60	15	14	13	45	60	28	39	13	16	12	16	60	38	15	45	77	14	39	12	13	28	77	86	60	38	39	12	12	15	16	16	13	60	28	15	38	45	12	28	45	60	14	60	39	45	60	28	77	86	14	13	13	28	12	45	38	39	12	13	45	38	14	28	60	45	16	77	28	86	38	16	77	60	60	28	16	77	14	45	28	14	60	86	39	77	16	38	77	77	77	86	39	12	15	86	86	77	38	39	38	15	12	86	38	39	12	86	15	45	39	13	77	86	45	13	14	45	38	39	39	13	60	14	38	28	86	28	45	86	77	28	86	15	60	60	77	39	12	13	16	86	77	60	28	39	38	77
15	15	15	15	5	5	5	15	15	15	15	15	15	15	15	15	15	5	5	5	5	5	15	5	5	15	15	15	15	15	15	15	5	15	15	15	15	15	15	15	15	15	5	15	15	15	15	15	15	5	15	15	15	15	15	15	15	15	15	15	15	5	5	15	15	15	5	15	15	5	15	15	15	15	15	15	15	15	15	15	15	15	15	15	15	15	15	15	15	15	15	15	15	15	15	15	15	15	15	15	15	15	15	15	15	15	15	15	15	15	5	15	15	15	15	15	15	15	15	15	15	15	15	15	15	15	15	15	15	15	15	15	15	15	15	15	15	15	15	15	15	15	15	15	15	15	15	15	15	15	15	15	15	15	15	15	15	15	15	15	15	15	15	15	15	15	15	15	15	15	15	15	15	15	15	15	15	15	15	15	15	15	15	15	15	15	15	15	15	15	15	15	15	15	15	15	15	15	15	15	15	15	15	15	15	15	15	15	15	15	15	15	15	15	15	15	15	15	15	15	15	15	15	15	15	15	15	15	15	15	15	15	15	15	15	15	15	15	15	15	15	15	15	15	15	15	15	15	15	15	15	15	15	15	15	15	15	15	15	15	15	15	15	15	15	15	15	15	15	15	15	15	15	15	15	15	15	15	15	15	15	15	15	15	15	15	15	15	15	15	15	15	15	15	15	15	15	15
16	15	16	16	17	5	6	15	28	16	15	15	16	15	16	15	16	17	6	17	5	17	15	5	6	15	16	28	28	16	15	16	5	15	28	15	16	15	15	28	16	28	6	16	15	15	16	15	15	5	28	15	16	16	16	15	15	16	15	28	16	6	17	16	15	15	17	15	28	6	15	16	28	16	28	15	16	28	16	28	16	15	28	16	16	15	28	28	28	15	15	16	28	15	16	16	15	16	16	15	28	15	16	28	16	28	16	15	15	16	5	16	28	28	15	15	28	16	15	16	15	28	16	28	16	15	15	16	15	16	15	28	15	15	16	16	28	28	28	16	16	16	28	15	16	28	28	15	28	16	16	15	16	15	15	16	28	28	15	16	16	16	16	15	15	15	28	16	28	16	15	28	28	28	16	15	28	16	16	15	16	16	15	16	28	15	15	15	16	28	15	16	16	16	28	15	16	28	28	28	16	15	15	28	16	15	15	28	16	15	15	15	16	28	16	15	16	28	28	28	15	16	28	16	16	28	16	28	16	15	28	16	16	28	28	28	16	15	28	28	28	28	28	16	15	28	28	28	15	28	15	15	16	28	15	28	16	28	15	15	28	15	28	28	15	15	16	15	15	28	28	15	16	16	15	28	28	28	15	28	28	28	28	15	16	16	28	28	16	15	16	28	28	16	28	28	15	28
17	5	17	17	17	5	6	5	6	17	5	5	17	5	17	5	17	17	6	17	5	17	5	5	6	5	17	6	6	17	5	17	5	5	6	5	17	5	5	6	17	6	6	17	5	5	17	5	5	5	6	5	17	17	17	5	5	17	5	6	17	6	17	17	5	5	17	5	6	6	5	17	6	17	6	5	17	6	17	6	17	5	6	17	17	5	6	6	6	5	5	17	6	5	17	17	5	17	17	5	6	5	17	6	17	6	17	5	5	17	5	17	6	6	5	5	6	17	5	17	5	6	17	6	17	5	5	17	5	17	5	6	5	5	17	17	6	6	6	17	17	17	6	5	17	6	6	5	6	17	17	5	17	5	5	17	6	6	5	17	17	17	17	5	5	5	6	17	6	17	5	6	6	6	17	5	6	17	17	5	17	17	5	17	6	5	5	5	17	6	5	17	17	17	6	5	17	6	6	6	17	5	5	6	17	5	5	6	17	5	5	5	17	6	17	5	17	6	6	6	5	17	6	17	17	6	17	6	17	5	6	17	17	6	6	6	17	5	6	6	6	6	6	17	5	6	6	6	5	6	5	5	17	6	5	6	17	6	5	5	6	5	6	6	5	5	17	5	5	6	6	5	17	17	5	6	6	6	5	6	6	6	6	5	17	17	6	6	17	5	17	6	6	17	6	6	5	6
18	23	18	18	6	5	6	32	18	18	23	32	6	5	6	5	6	6	18	18	5	18	32	23	18	5	6	6	6	61	23	18	32	5	6	5	18	32	5	6	61	18	6	18	23	5	18	32	23	32	61	23	61	18	18	32	32	6	23	18	6	61	61	61	5	23	61	23	61	61	5	6	6	18	18	32	18	6	61	6	18	32	18	61	61	23	6	61	61	23	5	6	6	32	61	61	23	18	18	23	6	5	6	6	18	18	18	32	23	61	23	61	18	6	23	23	61	61	23	6	23	61	61	61	18	32	5	18	32	18	32	18	23	23	61	6	61	18	61	61	18	18	61	23	61	18	18	23	61	18	61	23	18	32	32	18	18	18	23	61	61	61	6	23	32	32	61	18	61	61	23	61	18	18	61	23	61	18	18	32	61	61	23	18	18	23	32	23	61	61	23	61	18	61	61	32	18	61	61	18	18	32	32	61	61	23	32	18	61	23	32	23	61	61	18	32	61	61	18	18	32	18	18	18	18	18	18	61	61	32	61	61	61	61	61	61	18	32	61	18	18	18	18	18	32	18	61	61	32	18	32	32	18	61	23	61	18	18	32	23	18	32	61	61	32	32	18	23	23	61	18	32	61	61	23	18	61	18	32	18	18	18	61	23	61	61	18	61	61	23	61	18	18	18	61	18	32	61
19	23	19	19	17	5	6	32	18	19	23	32	17	5	17	5	17	17	18	19	5	19	32	23	18	5	17	6	6	62	23	19	32	5	6	5	19	32	5	6	62	18	6	19	23	5	19	32	23	32	61	23	62	19	19	32	32	17	23	18	17	61	62	62	5	23	62	23	61	61	5	17	6	19	18	32	19	6	62	6	19	32	18	62	62	23	6	61	61	23	5	17	6	32	62	62	23	19	19	23	6	5	17	6	19	18	19	32	23	62	23	62	18	6	23	23	61	62	23	17	23	61	62	61	19	32	5	19	32	19	32	18	23	23	62	17	61	18	61	62	19	19	61	23	62	18	18	23	61	19	62	23	19	32	32	19	18	18	23	62	62	62	17	23	32	32	61	19	61	62	23	61	18	18	62	23	61	19	19	32	62	62	23	19	18	23	32	23	62	61	23	62	19	62	61	32	19	61	61	18	19	32	32	61	62	23	32	18	62	23	32	23	62	61	19	32	62	61	18	18	32	19	18	19	19	18	19	61	62	32	61	62	62	61	61	61	19	32	61	18	18	18	18	19	32	18	61	61	32	18	32	32	19	61	23	61	19	18	32	23	18	32	61	61	32	32	19	23	23	61	18	32	62	62	23	18	61	18	32	18	18	18	61	23	62	62	18	61	62	23	62	18	18	19	61	18	32	61
20	5	20	20	20	5	5	5	5	20	5	20	20	20	20	5	5	5	5	5	20	20	5	5	20	20	20	20	5	20	20	5	5	5	5	5	5	5	5	5	5	20	20	20	5	20	20	20	20	20	5	5	20	5	20	5	20	5	20	5	5	5	5	20	5	5	20	5	5	20	20	20	20	20	5	20	5	20	5	5	5	5	5	5	20	20	20	5	20	5	20	20	20	20	20	20	20	5	5	20	5	20	20	20	20	5	20	5	5	5	20	5	20	5	20	20	20	20	5	5	20	20	20	5	20	5	5	5	5	20	20	5	5	20	5	5	20	20	5	20	5	20	20	5	20	20	20	5	5	5	5	5	20	20	20	5	5	5	20	5	20	5	5	5	5	20	20	20	5	20	20	5	20	20	5	5	5	20	20	5	5	5	20	5	5	5	5	20	20	5	20	5	20	5	5	20	5	5	20	20	20	20	20	5	20	20	5	5	20	20	20	5	20	5	5	20	5	20	5	20	5	5	20	5	5	5	5	20	20	20	5	20	5	20	5	20	5	5	20	20	20	20	5	20	5	20	20	20	5	5	5	5	20	20	5	5	20	20	5	20	5	20	20	20	20	20	20	20	5	5	5	20	5	20	5	5	20	5	20	20	20	5	20	5	5	5	20	5	20	20	5	20	20	5	5	5	5	20
21	23	21	21	4	5	6	32	18	21	23	49	4	20	4	5	17	17	18	19	20	21	32	23	24	20	4	42	6	66	110	19	32	5	6	5	19	32	5	6	62	24	42	21	23	20	21	49	110	49	61	23	66	19	21	32	49	17	110	18	17	61	62	66	5	23	66	23	61	69	20	4	42	21	18	49	19	42	62	6	19	32	18	62	66	110	42	61	69	23	20	4	42	49	66	66	110	19	19	110	6	20	4	42	21	18	21	32	23	62	110	62	24	6	110	110	69	66	23	17	110	69	66	61	21	32	5	19	32	21	49	18	23	110	62	17	69	24	61	66	19	21	69	23	66	24	24	23	61	19	62	23	21	49	49	19	18	18	110	62	66	62	17	23	32	49	69	21	61	66	110	61	24	24	62	23	61	21	21	32	62	62	110	19	18	23	32	110	66	61	110	62	21	62	61	49	19	61	69	24	21	49	49	61	66	110	32	18	66	110	49	23	66	61	19	49	62	69	18	24	32	19	24	19	19	18	19	69	66	49	61	66	62	69	61	69	19	32	69	24	24	24	18	21	32	24	69	69	32	18	32	32	21	69	23	61	21	24	32	110	18	49	69	69	49	49	21	110	23	61	18	49	62	66	23	18	69	18	49	24	24	18	69	23	62	62	24	61	66	110	62	24	24	19	61	18	32	69
22	10	22	22	5	5	5	22	22	22	10	22	15	15	15	15	15	5	32	32	5	32	22	23	32	64	64	64	15	10	10	22	32	64	64	35	37	37	15	15	10	22	5	37	44	15	22	22	89	32	10	89	10	55	37	55	37	64	65	22	15	23	23	89	64	65	23	10	10	23	35	35	35	55	37	55	107	15	89	35	37	37	37	44	65	143	15	89	10	89	64	64	64	37	44	65	65	125	22	10	64	35	35	35	55	55	107	107	108	65	23	10	22	35	44	108	65	143	143	35	89	10	44	65	125	125	35	55	55	107	107	55	132	108	108	64	89	37	44	108	164	179	143	143	89	37	55	65	65	179	143	151	125	125	55	107	107	107	132	132	108	89	35	108	164	179	65	244	143	143	143	89	107	55	44	44	44	164	179	179	143	151	151	125	125	185	107	132	132	108	44	65	258	108	108	244	244	143	44	107	164	164	179	151	151	151	125	125	185	185	107	132	132	132	258	258	185	89	164	179	244	244	125	164	179	179	251	151	151	125	185	185	132	44	132	143	258	258	108	164	179	244	179	244	244	125	108	132	164	164	179	251	251	151	185	185	258	258	258	283	244	244	185	132	164	251	251	185	151	151	258	258	185	283	283	244	185	251	251	164	244	258	283	283	151	283	251	283	283	283	283	251	258	251	283	251	251	283
23	23	23	23	5	5	5	23	23	23	23	23	5	5	5	5	5	5	23	23	5	23	23	23	23	5	5	5	5	23	23	23	23	5	5	5	23	23	5	5	23	23	5	23	23	5	23	23	23	23	23	23	23	23	23	23	23	5	23	23	5	23	23	23	5	23	23	23	23	23	5	5	5	23	23	23	23	5	23	5	23	23	23	23	23	23	5	23	23	23	5	5	5	23	23	23	23	23	23	23	5	5	5	5	23	23	23	23	23	23	23	23	23	5	23	23	23	23	23	5	23	23	23	23	23	23	5	23	23	23	23	23	23	23	23	5	23	23	23	23	23	23	23	23	23	23	23	23	23	23	23	23	23	23	23	23	23	23	23	23	23	23	5	23	23	23	23	23	23	23	23	23	23	23	23	23	23	23	23	23	23	23	23	23	23	23	23	23	23	23	23	23	23	23	23	23	23	23	23	23	23	23	23	23	23	23	23	23	23	23	23	23	23	23	23	23	23	23	23	23	23	23	23	23	23	23	23	23	23	23	23	23	23	23	23	23	23	23	23	23	23	23	23	23	23	23	23	23	23	23	23	23	23	23	23	23	23	23	23	23	23	23	23	23	23	23	23	23	23	23	23	23	23	23	23	23	23	23	23	23	23	23	23	23	23	23	23	23	23	23	23	23	23	23	23	23	23	23
24	23	24	24	42	5	6	32	18	24	23	49	42	20	42	5	6	6	18	18	20	24	32	23	24	20	42	42	6	69	110	18	32	5	6	5	18	32	5	6	61	24	42	24	23	20	24	49	110	49	61	23	69	18	24	32	49	6	110	18	6	61	61	69	5	23	69	23	61	69	20	42	42	24	18	49	18	42	61	6	18	32	18	61	69	110	42	61	69	23	20	42	42	49	69	69	110	18	18	110	6	20	42	42	24	18	24	32	23	61	110	61	24	6	110	110	69	69	23	6	110	69	69	61	24	32	5	18	32	24	49	18	23	110	61	6	69	24	61	69	18	24	69	23	69	24	24	23	61	18	61	23	24	49	49	18	18	18	110	61	69	61	6	23	32	49	69	24	61	69	110	61	24	24	61	23	61	24	24	32	61	61	110	18	18	23	32	110	69	61	110	61	24	61	61	49	18	61	69	24	24	49	49	61	69	110	32	18	69	110	49	23	69	61	18	49	61	69	18	24	32	18	24	18	18	18	18	69	69	49	61	69	61	69	61	69	18	32	69	24	24	24	18	24	32	24	69	69	32	18	32	32	24	69	23	61	24	24	32	110	18	49	69	69	49	49	24	110	23	61	18	49	61	69	23	18	69	18	49	24	24	18	69	23	61	61	24	61	69	110	61	24	24	18	61	18	32	69
25	35	25	25	20	5	5	33	33	25	35	25	13	13	45	15	15	5	5	5	20	20	64	5	20	25	25	25	15	70	70	33	5	33	33	35	15	15	38	38	35	25	20	45	15	45	90	90	25	20	35	33	101	35	13	35	13	33	25	64	38	5	5	25	64	64	20	126	126	20	70	70	70	70	15	70	35	13	33	35	38	38	38	15	25	25	45	33	70	64	90	90	90	45	13	90	90	35	64	101	64	101	101	101	101	35	70	35	15	64	20	126	90	126	13	45	25	25	33	35	90	101	45	64	70	35	126	126	126	101	70	126	35	13	15	64	25	13	15	45	15	25	25	64	90	45	70	33	33	64	33	35	101	70	101	126	35	126	70	35	13	64	126	38	15	25	90	25	33	90	90	64	70	101	38	38	38	13	90	64	64	35	70	126	35	35	126	101	70	15	45	33	25	38	38	25	33	64	13	101	45	13	90	35	70	101	126	126	70	70	101	126	101	35	33	25	35	90	15	25	33	64	70	38	33	64	35	70	101	101	35	101	126	45	126	90	64	33	13	13	90	25	33	90	64	101	45	70	38	38	33	35	70	101	126	126	90	25	64	25	33	90	70	101	45	70	101	101	126	126	33	90	126	25	33	64	101	35	101	45	90	64	25	64	126	33	70	33	90	90	64	101	90	126	64	126	126	90
26	35	26	26	4	5	6	33	34	26	35	25	12	13	14	15	16	17	6	17	20	4	64	5	42	25	26	27	28	71	70	57	5	33	34	35	16	15	38	39	119	27	42	14	15	45	91	90	25	20	79	33	102	119	12	35	13	57	25	100	60	6	17	26	64	64	4	126	113	42	70	71	72	71	28	70	119	77	57	79	60	38	39	16	26	25	86	34	72	64	90	91	92	45	12	91	90	119	135	101	100	101	102	103	102	79	71	35	15	135	20	162	92	113	13	45	27	26	33	119	90	103	14	100	71	35	126	162	126	102	70	113	35	13	16	135	27	77	28	14	16	26	27	64	91	86	72	33	34	135	57	35	102	70	101	162	79	113	70	119	12	135	162	38	15	25	92	26	34	91	90	100	72	103	60	38	39	12	91	64	135	119	70	162	79	35	126	101	71	28	45	57	26	60	39	25	57	100	77	103	14	13	90	79	71	101	126	113	71	70	101	126	102	79	57	25	119	92	28	27	33	135	72	60	57	100	119	72	102	101	79	102	162	86	113	92	135	33	77	77	92	27	34	91	64	103	86	72	38	39	33	35	71	103	126	113	91	27	64	25	34	90	72	103	45	70	102	101	126	113	34	90	162	26	33	100	103	79	101	86	92	100	27	64	162	57	72	34	91	90	135	103	92	162	100	113	126	92
27	35	27	27	42	5	6	33	34	27	35	25	77	13	86	15	28	6	6	6	20	42	64	5	42	25	27	27	28	72	70	34	5	33	34	35	28	15	38	39	79	27	42	86	15	45	92	90	25	20	79	33	103	79	77	35	13	34	25	100	39	6	6	27	64	64	42	126	113	42	70	72	72	72	28	70	79	77	34	79	39	38	39	28	27	25	86	34	72	64	90	92	92	45	77	92	90	79	100	101	100	101	103	103	103	79	72	35	15	100	20	113	92	113	13	45	27	27	33	79	90	103	86	100	72	35	126	113	126	103	70	113	35	13	28	100	27	77	28	86	28	27	27	64	92	86	72	33	34	100	34	35	103	70	101	113	79	113	70	79	77	100	113	38	15	25	92	27	34	92	90	100	72	103	39	38	39	77	92	64	100	79	70	113	79	35	126	101	72	28	45	34	27	39	39	25	34	100	77	103	86	13	90	79	72	101	126	113	72	70	101	126	103	79	34	25	79	92	28	27	33	100	72	39	34	100	79	72	103	101	79	103	113	86	113	92	100	33	77	77	92	27	34	92	64	103	86	72	38	39	33	35	72	103	126	113	92	27	64	25	34	90	72	103	45	70	103	101	126	113	34	90	113	27	33	100	103	79	101	86	92	100	27	64	113	34	72	34	92	90	100	103	92	113	100	113	126	92
28	15	28	28	6	5	6	15	28	28	15	15	28	15	28	15	28	6	6	6	5	6	15	5	6	15	28	28	28	28	15	28	5	15	28	15	28	15	15	28	28	28	6	28	15	15	28	15	15	5	28	15	28	28	28	15	15	28	15	28	28	6	6	28	15	15	6	15	28	6	15	28	28	28	28	15	28	28	28	28	28	15	28	28	28	15	28	28	28	15	15	28	28	15	28	28	15	28	28	15	28	15	28	28	28	28	28	15	15	28	5	28	28	28	15	15	28	28	15	28	15	28	28	28	28	15	15	28	15	28	15	28	15	15	28	28	28	28	28	28	28	28	28	15	28	28	28	15	28	28	28	15	28	15	15	28	28	28	15	28	28	28	28	15	15	15	28	28	28	28	15	28	28	28	28	15	28	28	28	15	28	28	15	28	28	15	15	15	28	28	15	28	28	28	28	15	28	28	28	28	28	15	15	28	28	15	15	28	28	15	15	15	28	28	28	15	28	28	28	28	15	28	28	28	28	28	28	28	28	15	28	28	28	28	28	28	28	15	28	28	28	28	28	28	15	28	28	28	15	28	15	15	28	28	15	28	28	28	15	15	28	15	28	28	15	15	28	15	15	28	28	15	28	28	15	28	28	28	15	28	28	28	28	15	28	28	28	28	28	15	28	28	28	28	28	28	15	28
29	10	29	29	4	5	6	10	50	29	10	30	12	13	12	15	16	17	61	62	20	66	10	23	69	70	71	72	28	29	30	40	23	35	79	35	83	44	15	28	40	88	42	94	44	13	29	30	30	110	50	10	29	40	94	10	114	119	30	50	16	61	62	29	35	10	66	10	50	69	70	71	72	29	138	30	40	77	40	79	83	44	138	83	29	30	77	50	88	10	70	71	72	114	94	29	30	40	40	30	79	70	71	72	29	50	29	10	44	40	110	40	88	79	114	114	88	29	10	119	30	88	94	50	29	10	35	40	10	29	30	50	10	114	83	119	88	198	138	94	83	29	88	10	29	198	88	10	50	40	40	10	29	30	30	40	50	50	30	40	94	40	119	44	44	30	88	29	50	29	30	50	88	88	83	44	138	94	29	10	40	40	30	40	50	10	10	30	29	138	114	40	29	83	138	30	40	50	198	88	94	114	30	50	29	30	10	50	29	30	30	10	29	50	40	30	40	88	138	88	10	40	88	83	40	50	40	88	29	30	50	29	40	198	50	88	40	10	198	198	88	88	50	29	10	88	198	88	44	138	10	10	29	88	10	50	29	88	10	30	50	30	88	88	114	30	29	30	10	50	50	30	40	29	10	50	88	50	30	198	88	50	88	10	40	40	88	50	29	30	40	88	88	40	50	50	10	88
30	10	30	30	20	5	5	10	10	30	10	30	13	13	13	15	15	5	23	23	20	110	10	23	110	70	70	70	15	30	30	10	23	35	35	35	44	44	15	15	10	30	20	114	44	13	30	30	30	110	10	10	30	10	114	10	114	35	30	10	15	23	23	30	35	10	110	10	10	110	70	70	70	30	44	30	10	13	10	35	44	44	44	44	30	30	13	10	30	10	70	70	70	114	114	30	30	10	10	30	35	70	70	70	30	10	30	10	44	10	110	10	30	35	114	114	30	30	10	35	30	30	114	10	30	10	35	10	10	30	30	10	10	114	44	35	30	114	44	114	44	30	30	10	30	114	30	10	10	10	10	10	30	30	30	10	10	10	30	10	114	10	35	44	44	30	30	30	10	30	30	10	30	30	44	44	44	114	30	10	10	10	30	10	10	10	10	30	30	44	114	10	30	44	44	30	10	10	114	30	114	114	30	10	30	30	10	10	30	30	30	10	30	10	10	30	10	30	44	30	10	10	30	44	10	10	10	30	30	30	10	30	10	114	10	30	10	10	114	114	30	30	10	30	10	30	114	30	44	44	10	10	30	30	10	10	30	30	10	30	10	30	30	30	114	30	30	30	10	10	10	30	10	30	10	10	30	10	30	114	30	10	30	10	10	10	30	10	30	30	10	30	30	10	10	10	10	30
31	10	31	31	17	5	6	7	8	31	10	7	16	15	60	15	16	17	18	19	5	19	22	23	18	33	57	34	28	40	10	31	32	33	34	35	36	37	38	39	40	8	6	80	44	38	98	22	51	32	50	51	111	53	36	55	37	57	147	59	60	61	62	78	64	65	62	67	68	61	35	119	79	53	74	55	76	28	78	79	80	81	82	83	191	118	39	87	50	89	64	135	100	81	83	109	65	97	98	67	100	126	162	113	127	105	76	107	108	109	23	111	59	113	44	163	148	150	118	119	89	68	174	123	97	125	126	127	128	155	107	131	132	108	134	135	87	74	138	193	140	224	168	143	161	82	105	147	148	149	150	151	183	125	128	155	156	157	132	159	134	161	162	163	164	250	123	196	168	180	143	171	156	131	174	175	176	140	149	179	180	181	151	183	184	185	186	211	159	189	175	191	214	193	194	220	196	197	138	157	223	164	179	203	181	268	206	207	216	185	186	211	232	213	214	237	216	171	218	242	220	221	184	223	224	225	226	203	284	206	230	272	232	176	234	197	236	237	189	218	225	260	242	221	244	207	194	213	248	249	250	251	226	269	254	255	236	270	258	274	260	244	230	234	248	251	293	254	268	269	270	258	272	285	274	275	255	277	296	249	275	281	287	283	284	285	277	287	290	283	290	295	281	293	294	295	296	294
32	23	32	32	5	5	5	32	32	32	23	32	5	5	5	5	5	5	32	32	5	32	32	23	32	5	5	5	5	23	23	32	32	5	5	5	32	32	5	5	23	32	5	32	23	5	32	32	23	32	23	23	23	32	32	32	32	5	23	32	5	23	23	23	5	23	23	23	23	23	5	5	5	32	32	32	32	5	23	5	32	32	32	23	23	23	5	23	23	23	5	5	5	32	23	23	23	32	32	23	5	5	5	5	32	32	32	32	23	23	23	23	32	5	23	23	23	23	23	5	23	23	23	23	32	32	5	32	32	32	32	32	23	23	23	5	23	32	23	23	32	32	23	23	23	32	32	23	23	32	23	23	32	32	32	32	32	32	23	23	23	23	5	23	32	32	23	32	23	23	23	23	32	32	23	23	23	32	32	32	23	23	23	32	32	23	32	23	23	23	23	23	32	23	23	32	32	23	23	32	32	32	32	23	23	23	32	32	23	23	32	23	23	23	32	32	23	23	32	32	32	32	32	32	32	32	32	23	23	32	23	23	23	23	23	23	32	32	23	32	32	32	32	32	32	32	23	23	32	32	32	32	32	23	23	23	32	32	32	23	32	32	23	23	32	32	32	23	23	23	32	32	23	23	23	32	23	32	32	32	32	32	23	23	23	23	32	23	23	23	23	32	32	32	23	32	32	23
33	35	33	33	5	5	5	33	33	33	35	33	15	15	38	15	15	5	5	5	5	5	64	5	5	33	33	33	15	35	35	33	5	33	33	35	15	15	38	38	35	33	5	38	15	38	64	64	33	5	35	33	126	35	15	35	15	33	33	64	38	5	5	33	64	64	5	126	126	5	35	35	35	35	15	35	35	15	33	35	38	38	38	15	33	33	38	33	35	64	64	64	64	38	15	64	64	35	64	126	64	126	126	126	126	35	35	35	15	64	5	126	64	126	15	38	33	33	33	35	64	126	38	64	35	35	126	126	126	126	35	126	35	15	15	64	33	15	15	38	15	33	33	64	64	38	35	33	33	64	33	35	126	35	126	126	35	126	35	35	15	64	126	38	15	33	64	33	33	64	64	64	35	126	38	38	38	15	64	64	64	35	35	126	35	35	126	126	35	15	38	33	33	38	38	33	33	64	15	126	38	15	64	35	35	126	126	126	35	35	126	126	126	35	33	33	35	64	15	33	33	64	35	38	33	64	35	35	126	126	35	126	126	38	126	64	64	33	15	15	64	33	33	64	64	126	38	35	38	38	33	35	35	126	126	126	64	33	64	33	33	64	35	126	38	35	126	126	126	126	33	64	126	33	33	64	126	35	126	38	64	64	33	64	126	33	35	33	64	64	64	126	64	126	64	126	126	64
34	35	34	34	6	5	6	33	34	34	35	33	28	15	39	15	28	6	6	6	5	6	64	5	6	33	34	34	28	79	35	34	5	33	34	35	28	15	38	39	79	34	6	39	15	38	100	64	33	5	79	33	113	79	28	35	15	34	33	100	39	6	6	34	64	64	6	126	113	6	35	79	79	79	28	35	79	28	34	79	39	38	39	28	34	33	39	34	79	64	64	100	100	38	28	100	64	79	100	126	100	126	113	113	113	79	79	35	15	100	5	113	100	113	15	38	34	34	33	79	64	113	39	100	79	35	126	113	126	113	35	113	35	15	28	100	34	28	28	39	28	34	34	64	100	39	79	33	34	100	34	35	113	35	126	113	79	113	35	79	28	100	113	38	15	33	100	34	34	100	64	100	79	113	39	38	39	28	100	64	100	79	35	113	79	35	126	126	79	28	38	34	34	39	39	33	34	100	28	113	39	15	64	79	79	126	126	113	79	35	126	126	113	79	34	33	79	100	28	34	33	100	79	39	34	100	79	79	113	126	79	113	113	39	113	100	100	33	28	28	100	34	34	100	64	113	39	79	38	39	33	35	79	113	126	113	100	34	64	33	34	64	79	113	38	35	113	126	126	113	34	64	113	34	33	100	113	79	126	39	100	100	34	64	113	34	79	34	100	64	100	113	100	113	100	113	126	100
35	35	35	35	5	5	5	35	35	35	35	35	15	15	15	15	15	5	5	5	5	5	35	5	5	35	35	35	15	35	35	35	5	35	35	35	15	15	15	15	35	35	5	15	15	15	35	35	35	5	35	35	35	35	15	35	15	35	35	35	15	5	5	35	35	35	5	35	35	5	35	35	35	35	15	35	35	15	35	35	15	15	15	15	35	35	15	35	35	35	35	35	35	15	15	35	35	35	35	35	35	35	35	35	35	35	35	35	15	35	5	35	35	35	15	15	35	35	35	35	35	35	15	35	35	35	35	35	35	35	35	35	35	15	15	35	35	15	15	15	15	35	35	35	35	15	35	35	35	35	35	35	35	35	35	35	35	35	35	35	15	35	35	15	15	35	35	35	35	35	35	35	35	35	15	15	15	15	35	35	35	35	35	35	35	35	35	35	35	15	15	35	35	15	15	35	35	35	15	35	15	15	35	35	35	35	35	35	35	35	35	35	35	35	35	35	35	35	15	35	35	35	35	15	35	35	35	35	35	35	35	35	35	15	35	35	35	35	15	15	35	35	35	35	35	35	15	35	15	15	35	35	35	35	35	35	35	35	35	35	35	35	35	35	15	35	35	35	35	35	35	35	35	35	35	35	35	35	35	15	35	35	35	35	35	35	35	35	35	35	35	35	35	35	35	35	35	35
36	44	36	36	17	5	6	37	74	36	44	37	16	15	16	15	16	17	18	19	5	19	37	23	18	15	16	28	28	83	44	36	32	15	28	15	36	37	15	28	83	74	6	36	44	15	36	37	108	32	138	108	83	36	36	37	37	16	44	74	16	61	62	134	15	44	62	44	138	61	15	16	28	36	74	37	140	28	134	28	36	37	74	83	83	44	28	189	138	108	15	16	28	37	83	83	44	36	36	44	28	15	16	28	36	74	140	164	108	83	23	83	74	28	44	108	138	83	44	16	108	138	83	138	36	37	15	36	37	140	164	74	108	108	134	16	189	74	138	134	140	140	138	44	134	74	74	44	138	140	83	44	36	37	37	140	218	218	108	134	134	134	16	108	164	164	138	140	138	83	44	189	218	74	83	44	138	140	140	164	83	83	44	36	74	108	164	108	134	189	44	83	36	134	189	164	140	138	138	218	140	164	164	138	83	44	37	74	134	108	164	108	134	189	36	37	134	189	218	218	164	140	74	140	140	218	140	138	83	37	189	134	134	138	189	138	36	37	189	218	218	218	218	140	164	74	189	189	164	218	164	164	140	138	108	189	36	74	37	108	218	164	189	189	164	164	140	108	44	138	74	37	134	134	108	218	189	218	164	218	218	74	189	108	83	134	218	189	134	108	134	218	74	140	189	218	164	189
37	44	37	37	5	5	5	37	37	37	44	37	15	15	15	15	15	5	32	32	5	32	37	23	32	15	15	15	15	44	44	37	32	15	15	15	37	37	15	15	44	37	5	37	44	15	37	37	108	32	44	108	44	37	37	37	37	15	44	37	15	23	23	108	15	44	23	44	44	23	15	15	15	37	37	37	164	15	108	15	37	37	37	44	44	44	15	108	44	108	15	15	15	37	44	44	44	37	37	44	15	15	15	15	37	37	164	164	108	44	23	44	37	15	44	108	44	44	44	15	108	44	44	44	37	37	15	37	37	164	164	37	108	108	108	15	108	37	44	108	164	164	44	44	108	37	37	44	44	164	44	44	37	37	37	164	164	164	108	108	108	108	15	108	164	164	44	164	44	44	44	108	164	37	44	44	44	164	164	164	44	44	44	37	37	108	164	108	108	108	44	44	37	108	108	164	164	44	44	164	164	164	164	44	44	44	37	37	108	108	164	108	108	108	37	37	108	108	164	164	164	164	37	164	164	164	164	44	44	37	108	108	108	44	108	44	37	37	108	164	164	164	164	164	164	37	108	108	164	164	164	164	164	44	108	108	37	37	37	108	164	164	108	108	164	164	164	108	44	44	37	37	108	108	108	164	108	164	164	164	164	37	108	108	44	108	164	108	108	108	108	164	37	164	108	164	164	108
38	15	38	38	5	5	5	38	38	38	15	38	15	15	38	15	15	5	5	5	5	5	15	5	5	38	38	38	15	15	15	38	5	38	38	15	15	15	38	38	15	38	5	38	15	38	15	15	38	5	15	38	38	15	15	15	15	38	38	15	38	5	5	38	15	15	5	38	38	5	15	15	15	15	15	15	15	15	38	15	38	38	38	15	38	38	38	38	15	15	15	15	15	38	15	15	15	15	15	38	15	38	38	38	38	15	15	15	15	15	5	38	15	38	15	38	38	38	38	15	15	38	38	15	15	15	38	38	38	38	15	38	15	15	15	15	38	15	15	38	15	38	38	15	15	38	15	38	38	15	38	15	38	15	38	38	15	38	15	15	15	15	38	38	15	38	15	38	38	15	15	15	15	38	38	38	38	15	15	15	15	15	15	38	15	15	38	38	15	15	38	38	38	38	38	38	38	15	15	38	38	15	15	15	15	38	38	38	15	15	38	38	38	15	38	38	15	15	15	38	38	15	15	38	38	15	15	15	38	38	15	38	38	38	38	15	15	38	15	15	15	38	38	15	15	38	38	15	38	38	38	15	15	38	38	38	15	38	15	38	38	15	15	38	38	15	38	38	38	38	38	15	38	38	38	15	38	15	38	38	15	15	38	15	38	38	15	38	15	15	15	38	15	38	15	38	38	15
39	15	39	39	6	5	6	38	39	39	15	38	28	15	39	15	28	6	6	6	5	6	15	5	6	38	39	39	28	28	15	39	5	38	39	15	28	15	38	39	28	39	6	39	15	38	28	15	38	5	28	38	39	28	28	15	15	39	38	28	39	6	6	39	15	15	6	38	39	6	15	28	28	28	28	15	28	28	39	28	39	38	39	28	39	38	39	39	28	15	15	28	28	38	28	28	15	28	28	38	28	38	39	39	39	28	28	15	15	28	5	39	28	39	15	38	39	39	38	28	15	39	39	28	28	15	38	39	38	39	15	39	15	15	28	28	39	28	28	39	28	39	39	15	28	39	28	38	39	28	39	15	39	15	38	39	28	39	15	28	28	28	39	38	15	38	28	39	39	28	15	28	28	39	39	38	39	28	28	15	28	28	15	39	28	15	38	38	28	28	38	39	39	39	39	38	39	28	28	39	39	15	15	28	28	38	38	39	28	15	38	38	39	28	39	38	28	28	28	39	38	28	28	39	39	28	28	28	39	38	28	39	39	39	39	28	28	38	28	28	28	39	39	28	15	39	39	28	38	39	38	15	28	39	38	39	28	39	15	38	39	15	28	39	38	15	39	38	38	39	39	15	39	39	38	28	39	28	38	39	28	28	39	15	39	39	28	39	28	15	28	39	28	39	28	39	38	28
40	10	40	40	17	5	6	10	50	40	10	10	16	15	16	15	16	17	61	62	5	62	10	23	61	35	119	79	28	40	10	40	23	35	79	35	83	44	15	28	40	50	6	83	44	15	40	10	10	23	50	10	40	40	83	10	44	119	10	50	16	61	62	40	35	10	62	10	50	61	35	119	79	40	138	10	40	28	40	79	83	44	138	83	40	10	28	50	50	10	35	119	79	44	83	40	10	40	40	10	79	35	119	79	40	50	40	10	44	40	23	40	50	79	44	44	50	40	10	119	10	50	83	50	40	10	35	40	10	40	10	50	10	44	83	119	50	138	138	83	83	40	50	10	40	138	50	10	50	40	40	10	40	10	10	40	50	50	10	40	83	40	119	44	44	10	50	40	50	40	10	50	50	50	83	44	138	83	40	10	40	40	10	40	50	10	10	10	40	138	44	40	40	83	138	10	40	50	138	50	83	44	10	50	40	10	10	50	40	10	10	10	40	50	40	10	40	50	138	50	10	40	50	83	40	50	40	50	40	10	50	40	40	138	50	50	40	10	138	138	50	50	50	40	10	50	138	50	44	138	10	10	40	50	10	50	40	50	10	10	50	10	50	50	44	10	40	10	10	50	50	10	40	40	10	50	50	50	10	138	50	50	50	10	40	40	50	50	40	10	40	50	50	40	50	50	10	50
41	10	41	41	42	5	6	7	8	41	10	11	77	13	86	15	28	6	18	18	20	24	22	23	24	25	27	27	28	88	30	8	32	33	34	35	74	37	38	39	50	41	42	145	44	45	112	47	48	49	50	51	121	105	137	55	56	34	58	59	39	61	61	136	64	65	69	67	68	69	70	72	72	146	74	75	156	77	87	79	82	81	82	138	116	85	86	87	88	89	90	92	92	93	198	166	96	184	59	99	100	101	103	103	173	105	172	107	108	123	110	68	112	113	114	115	116	142	118	79	120	121	233	123	222	125	126	131	128	199	130	131	132	133	189	100	136	137	138	246	218	219	142	143	217	145	146	147	148	225	168	151	245	153	154	157	156	157	158	213	238	171	113	163	164	165	166	241	168	235	170	171	172	173	176	175	176	239	240	179	197	203	182	207	184	185	186	187	247	189	190	148	257	194	194	195	260	197	198	199	279	201	202	203	227	205	206	207	262	209	210	211	263	213	270	215	230	217	218	219	220	275	222	249	242	225	277	227	253	229	230	276	234	233	234	235	281	237	238	239	240	241	242	280	244	245	246	247	248	249	250	251	286	253	254	255	292	257	258	259	260	261	262	263	264	265	291	267	268	269	270	271	255	282	274	275	276	277	278	279	280	281	282	283	269	287	286	287	297	289	294	291	292	295	294	295	296	297
42	5	42	42	42	5	6	5	6	42	5	20	42	20	42	5	6	6	6	6	20	42	5	5	42	20	42	42	6	42	20	6	5	5	6	5	6	5	5	6	6	42	42	42	5	20	42	20	20	20	6	5	42	6	42	5	20	6	20	6	6	6	6	42	5	5	42	5	6	42	20	42	42	42	6	20	6	42	6	6	6	5	6	6	42	20	42	6	42	5	20	42	42	20	42	42	20	6	6	20	6	20	42	42	42	6	42	5	5	6	20	6	42	6	20	20	42	42	5	6	20	42	42	6	42	5	5	6	5	42	20	6	5	20	6	6	42	42	6	42	6	42	42	5	42	42	42	5	6	6	6	5	42	20	20	6	6	6	20	6	42	6	6	5	5	20	42	42	6	42	20	6	42	42	6	5	6	42	42	5	6	6	20	6	6	5	5	20	42	6	20	6	42	6	6	20	6	6	42	42	42	20	20	6	42	20	5	6	42	20	20	5	42	6	6	20	6	42	6	42	5	6	42	6	6	6	6	42	42	20	6	42	6	42	6	42	6	5	42	42	42	42	6	42	5	42	42	42	5	6	5	5	42	42	5	6	42	42	5	20	6	20	42	42	20	20	42	20	5	6	6	20	6	42	5	6	42	6	20	42	42	6	42	5	6	6	42	6	42	20	6	42	42	6	6	6	5	42
43	44	43	43	4	5	6	81	82	43	44	93	12	13	14	15	16	17	18	19	20	21	37	23	24	45	14	86	28	94	114	80	32	38	39	15	36	37	38	39	83	145	42	43	44	45	54	56	115	49	138	163	122	36	54	37	56	60	190	74	60	61	62	139	15	44	66	175	176	69	13	12	77	54	74	56	140	77	193	28	80	81	82	83	122	190	86	194	198	108	13	12	77	93	94	94	114	36	36	190	28	45	14	86	43	74	177	164	108	83	110	174	137	39	114	115	233	122	175	16	133	233	122	138	54	37	38	80	81	200	201	82	108	133	134	16	246	137	138	139	140	200	233	44	160	145	137	175	176	140	174	44	43	56	93	223	218	249	133	134	160	134	60	163	164	264	198	200	176	94	114	189	239	145	174	175	176	177	177	164	83	83	114	80	74	108	248	115	160	189	190	174	43	193	194	264	223	138	198	279	200	201	201	138	94	190	81	82	160	133	264	163	139	189	80	93	134	238	218	279	248	140	137	223	223	218	140	198	122	93	189	139	193	233	194	198	36	81	238	239	239	279	249	177	164	145	246	238	248	249	248	164	177	233	163	194	54	145	37	115	249	201	238	246	264	201	200	115	175	176	82	56	193	139	163	218	246	218	264	279	239	74	246	108	174	193	239	194	160	133	134	279	137	223	189	249	248	238
44	44	44	44	5	5	5	44	44	44	44	44	15	15	15	15	15	5	23	23	5	23	44	23	23	15	15	15	15	44	44	44	23	15	15	15	44	44	15	15	44	44	5	44	44	15	44	44	44	23	44	44	44	44	44	44	44	15	44	44	15	23	23	44	15	44	23	44	44	23	15	15	15	44	44	44	44	15	44	15	44	44	44	44	44	44	15	44	44	44	15	15	15	44	44	44	44	44	44	44	15	15	15	15	44	44	44	44	44	44	23	44	44	15	44	44	44	44	44	15	44	44	44	44	44	44	15	44	44	44	44	44	44	44	44	15	44	44	44	44	44	44	44	44	44	44	44	44	44	44	44	44	44	44	44	44	44	44	44	44	44	44	15	44	44	44	44	44	44	44	44	44	44	44	44	44	44	44	44	44	44	44	44	44	44	44	44	44	44	44	44	44	44	44	44	44	44	44	44	44	44	44	44	44	44	44	44	44	44	44	44	44	44	44	44	44	44	44	44	44	44	44	44	44	44	44	44	44	44	44	44	44	44	44	44	44	44	44	44	44	44	44	44	44	44	44	44	44	44	44	44	44	44	44	44	44	44	44	44	44	44	44	44	44	44	44	44	44	44	44	44	44	44	44	44	44	44	44	44	44	44	44	44	44	44	44	44	44	44	44	44	44	44	44	44	44	44	44
45	15	45	45	20	5	5	38	38	45	15	45	13	13	45	15	15	5	5	5	20	20	15	5	20	45	45	45	15	13	13	38	5	38	38	15	15	15	38	38	15	45	20	45	15	45	13	13	45	20	15	38	45	15	13	15	13	38	45	15	38	5	5	45	15	15	20	38	38	20	13	13	13	13	15	13	15	13	38	15	38	38	38	15	45	45	45	38	13	15	13	13	13	45	13	13	13	15	15	45	15	45	45	45	45	15	13	15	15	15	20	38	13	38	13	45	45	45	38	15	13	45	45	15	13	15	38	38	38	45	13	38	15	13	15	15	45	13	15	45	15	45	45	15	13	45	13	38	38	15	38	15	45	13	45	38	15	38	13	15	13	15	38	38	15	45	13	45	38	13	13	15	13	45	38	38	38	13	13	15	15	15	13	38	15	15	38	45	13	15	45	38	45	38	38	45	38	15	13	45	45	13	13	15	13	45	38	38	13	13	45	38	45	15	38	45	15	13	15	45	38	15	13	38	38	15	15	13	45	45	15	45	38	45	38	13	15	38	13	13	13	45	38	13	15	45	45	13	38	38	38	15	13	45	38	38	13	45	15	45	38	13	13	45	45	13	45	45	38	38	38	13	38	45	38	15	45	15	45	45	13	15	45	15	38	38	13	38	13	13	15	45	13	38	15	38	38	13
46	10	46	46	4	5	6	22	59	46	10	47	12	13	12	15	16	17	18	19	20	21	22	23	24	90	91	92	28	29	30	98	32	64	100	35	36	37	15	28	40	112	42	54	44	13	46	47	120	49	50	89	29	53	54	55	56	135	96	59	16	61	62	144	64	65	66	10	50	69	70	71	72	73	74	75	76	77	161	79	36	37	74	83	95	170	77	171	88	89	90	91	92	56	94	95	96	97	98	30	100	70	71	72	73	105	106	107	108	109	110	40	112	79	114	133	166	169	143	119	120	88	94	123	124	125	35	53	55	106	130	105	132	133	134	135	217	137	138	160	140	178	235	143	144	137	146	65	123	149	180	151	124	153	75	76	156	156	158	159	160	161	119	108	164	202	166	243	197	169	170	171	172	146	83	44	138	177	178	179	180	181	182	97	184	185	107	158	188	189	114	109	256	134	189	261	221	197	198	172	177	201	202	203	204	182	125	184	208	209	130	132	188	213	236	271	216	217	218	240	244	221	222	140	149	225	226	227	204	153	230	208	159	198	213	235	236	258	238	239	240	280	225	243	244	222	238	247	164	218	179	251	252	227	185	230	256	292	258	289	275	261	262	247	201	265	252	209	151	203	281	271	216	288	283	275	262	277	265	239	280	281	297	283	181	290	286	294	288	289	290	286	292	226	294	277	251	297
47	10	47	47	20	5	5	22	22	47	10	47	13	13	13	15	15	5	32	32	20	49	22	23	49	90	90	90	15	30	30	22	32	64	64	35	37	37	15	15	10	47	20	56	44	13	47	47	120	49	10	89	30	55	56	55	56	64	96	22	15	23	23	120	64	65	110	10	10	110	70	70	70	75	37	75	107	13	89	35	37	37	37	44	96	170	13	89	30	89	90	90	90	56	114	96	96	125	22	30	64	70	70	70	75	55	130	107	108	65	110	10	47	35	114	133	96	170	143	35	120	30	114	65	153	125	35	55	55	130	130	55	132	133	108	64	120	56	44	133	164	202	170	143	120	56	75	65	65	179	143	151	153	153	75	107	107	107	158	132	133	89	35	108	164	202	96	261	143	170	170	89	130	75	44	44	44	201	202	179	143	151	182	125	125	185	107	158	158	108	114	65	271	108	108	261	244	143	114	130	201	201	202	151	182	182	125	125	209	209	130	132	158	132	258	271	185	120	164	202	244	244	153	164	179	179	251	182	182	153	185	209	132	114	132	170	258	258	133	201	202	261	179	261	244	153	133	158	164	164	179	251	265	182	185	185	271	271	258	289	244	261	209	158	201	265	265	209	151	151	258	271	185	289	283	244	209	251	265	201	261	258	289	283	151	283	265	283	289	289	283	265	271	251	283	251	251	289
48	10	48	48	20	5	5	51	51	48	10	48	13	13	45	15	15	5	23	23	20	110	89	23	110	25	25	25	15	30	30	51	23	33	33	35	108	108	38	38	10	48	20	115	44	45	120	120	48	110	10	51	99	132	133	132	133	33	58	89	38	23	23	48	64	65	110	67	67	110	70	70	70	158	108	158	10	13	51	35	163	163	163	44	58	85	45	51	30	89	90	90	90	115	114	96	96	185	89	99	64	101	101	101	187	132	30	10	108	65	110	67	120	126	114	115	58	85	118	35	120	99	190	65	209	185	126	211	211	99	30	211	132	133	108	64	48	133	44	115	44	58	85	143	120	115	158	147	147	65	118	151	267	209	187	67	10	67	158	132	133	89	126	163	44	58	96	85	118	170	170	89	30	187	175	175	175	114	96	65	143	151	182	254	185	185	67	187	158	108	190	147	259	163	163	85	118	143	114	99	190	114	96	151	182	205	254	254	209	209	99	211	187	132	274	259	185	120	44	58	118	143	209	175	147	65	151	182	205	267	185	267	211	190	211	170	283	274	133	114	96	85	147	170	143	267	115	158	175	175	147	151	182	205	254	254	289	259	283	259	118	170	209	187	190	182	205	267	268	268	274	289	254	259	274	143	267	151	205	190	170	283	259	283	268	274	182	274	289	289	283	205	289	268	283	268	268	289
49	23	49	49	20	5	5	32	32	49	23	49	20	20	20	5	5	5	32	32	20	49	32	23	49	20	20	20	5	110	110	32	32	5	5	5	32	32	5	5	23	49	20	49	23	20	49	49	110	49	23	23	110	32	49	32	49	5	110	32	5	23	23	110	5	23	110	23	23	110	20	20	20	49	32	49	32	20	23	5	32	32	32	23	110	110	20	23	110	23	20	20	20	49	110	110	110	32	32	110	5	20	20	20	49	32	49	32	23	23	110	23	49	5	110	110	110	110	23	5	110	110	110	23	49	32	5	32	32	49	49	32	23	110	23	5	110	49	23	110	32	49	110	23	110	49	49	23	23	32	23	23	49	49	49	32	32	32	110	23	110	23	5	23	32	49	110	49	23	110	110	23	49	49	23	23	23	49	49	32	23	23	110	32	32	23	32	110	110	23	110	23	49	23	23	49	32	23	110	49	49	49	49	23	110	110	32	32	110	110	49	23	110	23	32	49	23	110	32	49	32	32	49	32	32	32	32	110	110	49	23	110	23	110	23	110	32	32	110	49	49	49	32	49	32	49	110	110	32	32	32	32	49	110	23	23	49	49	32	110	32	49	110	110	49	49	49	110	23	23	32	49	23	110	23	32	110	32	49	49	49	32	110	23	23	23	49	23	110	110	23	49	49	32	23	32	32	110
50	10	50	50	6	5	6	10	50	50	10	10	28	15	28	15	28	6	61	61	5	61	10	23	61	35	79	79	28	50	10	50	23	35	79	35	138	44	15	28	50	50	6	138	44	15	50	10	10	23	50	10	50	50	138	10	44	79	10	50	28	61	61	50	35	10	61	10	50	61	35	79	79	50	138	10	50	28	50	79	138	44	138	138	50	10	28	50	50	10	35	79	79	44	138	50	10	50	50	10	79	35	79	79	50	50	50	10	44	50	23	50	50	79	44	44	50	50	10	79	10	50	138	50	50	10	35	50	10	50	10	50	10	44	138	79	50	138	138	138	138	50	50	10	50	138	50	10	50	50	50	10	50	10	10	50	50	50	10	50	138	50	79	44	44	10	50	50	50	50	10	50	50	50	138	44	138	138	50	10	50	50	10	50	50	10	10	10	50	138	44	50	50	138	138	10	50	50	138	50	138	44	10	50	50	10	10	50	50	10	10	10	50	50	50	10	50	50	138	50	10	50	50	138	50	50	50	50	50	10	50	50	50	138	50	50	50	10	138	138	50	50	50	50	10	50	138	50	44	138	10	10	50	50	10	50	50	50	10	10	50	10	50	50	44	10	50	10	10	50	50	10	50	50	10	50	50	50	10	138	50	50	50	10	50	50	50	50	50	10	50	50	50	50	50	50	10	50
51	10	51	51	5	5	5	51	51	51	10	51	15	15	38	15	15	5	23	23	5	23	89	23	23	33	33	33	15	10	10	51	23	33	33	35	108	108	38	38	10	51	5	163	44	38	89	89	51	23	10	51	67	132	108	132	108	33	147	89	38	23	23	51	64	65	23	67	67	23	35	35	35	132	108	132	10	15	51	35	163	163	163	44	147	118	38	51	10	89	64	64	64	163	44	65	65	185	89	67	64	126	126	126	211	132	10	10	108	65	23	67	89	126	44	163	147	118	118	35	89	67	175	65	185	185	126	211	211	67	10	211	132	108	108	64	51	108	44	163	44	147	118	143	89	163	132	147	147	65	118	151	254	185	211	67	10	67	132	132	108	89	126	163	44	147	65	118	118	143	143	89	10	211	175	175	175	44	65	65	143	151	151	254	185	185	67	211	132	108	175	147	274	163	163	118	118	143	44	67	175	44	65	151	151	268	254	254	185	185	67	211	211	132	274	274	185	89	44	147	118	143	185	175	147	65	151	151	268	254	185	254	211	175	211	143	283	274	108	44	65	118	147	143	143	254	163	132	175	175	147	151	151	268	254	254	283	274	283	274	118	143	185	211	175	151	268	254	268	268	274	283	254	274	274	143	254	151	268	175	143	283	274	283	268	274	151	274	283	283	283	268	283	268	283	268	268	283
52	10	52	52	4	5	6	67	68	52	10	99	12	13	14	15	16	17	61	62	20	66	10	23	69	101	102	103	28	29	30	111	23	126	113	35	83	44	38	39	40	121	42	122	44	45	29	30	99	110	50	67	52	40	94	10	114	162	99	50	60	61	62	52	35	10	66	67	68	69	70	71	72	29	138	30	40	77	111	79	174	175	176	83	52	99	86	68	88	10	70	71	72	190	94	29	30	40	40	99	79	101	102	103	52	50	29	10	44	40	110	111	88	113	114	190	121	52	67	119	30	121	122	50	29	10	126	111	67	52	30	68	10	114	83	119	121	198	138	122	83	52	121	10	29	233	88	67	68	40	111	10	52	30	99	111	50	68	30	40	94	40	162	175	44	99	88	52	68	29	30	50	88	121	174	175	176	94	29	10	40	40	30	111	50	10	67	99	29	138	190	111	52	174	176	99	111	50	198	121	122	114	30	50	29	99	67	68	29	30	99	67	52	50	111	99	40	88	138	121	67	40	88	174	111	50	40	88	52	99	50	52	111	233	68	88	40	67	198	198	88	121	68	29	10	121	233	88	175	176	67	10	29	121	67	68	29	121	10	99	68	30	88	121	190	30	52	99	67	68	68	30	111	52	67	50	121	50	99	233	88	50	121	10	111	111	88	68	29	30	40	121	88	111	50	68	67	88
53	10	53	53	17	5	6	55	105	53	10	55	16	15	16	15	16	17	18	19	5	19	55	23	18	35	119	79	28	40	10	53	32	35	79	35	36	37	15	28	40	105	6	36	44	15	53	55	132	32	50	132	40	53	36	55	37	119	151	105	16	61	62	159	35	151	62	10	50	61	35	119	79	53	74	55	76	28	159	79	36	37	74	83	181	10	28	213	50	132	35	119	79	37	83	181	151	97	53	10	79	35	119	79	53	105	76	107	108	181	23	40	105	79	44	108	203	40	10	119	132	50	83	203	97	125	35	53	55	76	107	105	132	108	134	119	213	74	138	134	140	226	50	10	159	74	105	151	203	226	40	151	97	125	55	76	156	156	132	159	134	159	119	108	164	251	203	76	50	40	10	213	156	105	83	44	138	140	226	251	40	181	151	97	184	185	107	132	159	189	44	181	97	134	189	107	76	50	138	156	140	164	251	203	181	151	125	184	216	185	107	132	159	213	97	125	216	213	218	277	107	76	184	140	226	277	226	203	181	125	230	216	159	138	213	50	97	125	189	218	277	156	277	76	107	184	189	213	164	218	251	251	226	203	185	230	97	184	125	185	156	107	230	213	164	251	226	185	151	203	184	125	216	216	185	156	230	277	251	218	156	184	230	185	181	216	277	230	216	185	216	277	184	226	230	277	251	230
54	44	54	54	4	5	6	37	74	54	44	56	12	13	12	15	16	17	18	19	20	21	37	23	24	13	12	77	28	94	114	36	32	15	28	15	36	37	15	28	83	137	42	54	44	13	54	56	133	49	138	108	94	36	54	37	56	16	114	74	16	61	62	160	15	44	66	44	138	69	13	12	77	54	74	56	140	77	134	28	36	37	74	83	94	114	77	189	198	108	13	12	77	56	94	94	114	36	36	114	28	13	12	77	54	74	177	164	108	83	110	83	137	28	114	133	198	94	44	16	133	198	94	138	54	37	15	36	37	177	201	74	108	133	134	16	238	137	138	160	140	177	198	44	160	137	137	44	138	140	83	44	54	56	56	140	218	218	133	134	160	134	16	108	164	201	198	177	138	94	114	189	239	137	83	44	138	177	177	164	83	83	114	36	74	108	164	133	160	189	114	83	54	134	189	201	140	138	198	239	177	201	201	138	94	114	37	74	160	133	201	108	160	189	36	56	134	238	218	239	164	140	137	140	140	218	140	198	94	56	189	160	134	198	189	198	36	37	238	239	239	239	218	177	164	137	238	238	164	218	164	164	177	198	108	189	54	137	37	133	218	201	238	238	201	201	177	133	44	138	74	56	134	160	108	218	238	218	201	239	239	74	238	108	83	134	239	189	160	133	134	239	137	140	189	218	164	238
55	10	55	55	5	5	5	55	55	55	10	55	15	15	15	15	15	5	32	32	5	32	55	23	32	35	35	35	15	10	10	55	32	35	35	35	37	37	15	15	10	55	5	37	44	15	55	55	132	32	10	132	10	55	37	55	37	35	151	55	15	23	23	132	35	151	23	10	10	23	35	35	35	55	37	55	107	15	132	35	37	37	37	44	151	10	15	132	10	132	35	35	35	37	44	151	151	125	55	10	35	35	35	35	55	55	107	107	108	151	23	10	55	35	44	108	151	10	10	35	132	10	44	151	125	125	35	55	55	107	107	55	132	108	108	35	132	37	44	108	164	251	10	10	132	37	55	151	151	251	10	151	125	125	55	107	107	107	132	132	108	132	35	108	164	251	151	107	10	10	10	132	107	55	44	44	44	164	251	251	10	151	151	125	125	185	107	132	132	108	44	151	125	108	108	107	107	10	44	107	164	164	251	151	151	151	125	125	185	185	107	132	132	132	125	125	185	132	164	251	107	107	125	164	251	251	251	151	151	125	185	185	132	44	132	10	125	125	108	164	251	107	251	107	107	125	108	132	164	164	251	251	251	151	185	185	125	125	125	185	107	107	185	132	164	251	251	185	151	151	125	125	185	185	185	107	185	251	251	164	107	125	185	185	151	185	251	185	185	185	185	251	125	251	185	251	251	185
56	44	56	56	20	5	5	37	37	56	44	56	13	13	13	15	15	5	32	32	20	49	37	23	49	13	13	13	15	114	114	37	32	15	15	15	37	37	15	15	44	56	20	56	44	13	56	56	133	49	44	108	114	37	56	37	56	15	114	37	15	23	23	133	15	44	110	44	44	110	13	13	13	56	37	56	164	13	108	15	37	37	37	44	114	114	13	108	114	108	13	13	13	56	114	114	114	37	37	114	15	13	13	13	56	37	201	164	108	44	110	44	56	15	114	133	114	114	44	15	133	114	114	44	56	37	15	37	37	201	201	37	108	133	108	15	133	56	44	133	164	201	114	44	133	56	56	44	44	164	44	44	56	56	56	164	164	164	133	108	133	108	15	108	164	201	114	201	44	114	114	108	201	56	44	44	44	201	201	164	44	44	114	37	37	108	164	133	133	108	114	44	56	108	108	201	164	44	114	201	201	201	201	44	114	114	37	37	133	133	201	108	133	108	37	56	108	133	164	201	164	164	56	164	164	164	164	114	114	56	108	133	108	114	108	114	37	37	133	201	201	201	164	201	164	56	133	133	164	164	164	164	201	114	108	108	56	56	37	133	164	201	133	133	201	201	201	133	44	44	37	56	108	133	108	164	133	164	201	201	201	37	133	108	44	108	201	108	133	133	108	201	56	164	108	164	164	133
57	35	57	57	17	5	6	33	34	57	35	33	16	15	60	15	16	17	6	17	5	17	64	5	6	33	57	34	28	119	35	57	5	33	34	35	16	15	38	39	119	34	6	60	15	38	135	64	33	5	79	33	162	119	16	35	15	57	33	100	60	6	17	57	64	64	17	126	113	6	35	119	79	119	28	35	119	28	57	79	60	38	39	16	57	33	39	34	79	64	64	135	100	38	16	135	64	119	135	126	100	126	162	113	162	79	119	35	15	135	5	162	100	113	15	38	34	57	33	119	64	113	60	100	119	35	126	162	126	162	35	113	35	15	16	135	34	28	28	60	16	57	34	64	135	39	79	33	34	135	57	35	162	35	126	162	79	113	35	119	16	135	162	38	15	33	100	57	34	135	64	100	79	113	60	38	39	16	135	64	135	119	35	162	79	35	126	126	119	28	38	57	57	60	39	33	57	100	28	113	60	15	64	79	119	126	126	113	119	35	126	126	162	79	57	33	119	100	28	34	33	135	79	60	57	100	119	79	162	126	79	162	162	39	113	100	135	33	28	28	100	34	34	135	64	113	39	79	38	39	33	35	119	113	126	113	135	34	64	33	34	64	79	113	38	35	162	126	126	113	34	64	162	57	33	100	113	79	126	39	100	100	34	64	162	57	79	34	135	64	135	113	100	162	100	113	126	100
58	10	58	58	20	5	5	147	147	58	10	58	13	13	45	15	15	5	23	23	20	110	65	23	110	25	25	25	15	30	30	147	23	33	33	35	44	44	38	38	10	58	20	190	44	45	96	96	58	110	10	147	99	151	114	151	114	33	58	65	38	23	23	58	64	65	110	67	67	110	70	70	70	182	44	182	10	13	147	35	175	175	175	44	58	85	45	147	30	65	90	90	90	190	114	96	96	10	65	99	64	101	101	101	205	151	30	10	44	65	110	67	96	126	114	190	58	85	118	35	96	99	190	65	30	10	126	268	268	99	30	268	151	114	44	64	58	114	44	190	44	58	85	143	96	190	182	147	147	65	118	151	99	30	205	67	10	67	182	151	114	65	126	175	44	58	96	85	118	170	170	65	30	205	175	175	175	114	96	65	143	151	182	67	10	10	67	205	182	44	190	147	85	175	175	85	118	143	114	99	190	114	96	151	182	205	67	67	30	30	99	268	205	151	118	85	10	96	44	58	118	143	30	175	147	65	151	182	205	99	10	99	268	190	268	170	143	118	114	114	96	85	147	170	143	99	190	182	175	175	147	151	182	205	67	67	170	85	143	85	118	170	30	205	190	182	205	99	268	268	118	170	67	85	118	143	99	151	205	190	170	143	85	143	268	118	182	118	170	170	143	205	170	268	143	268	268	170
59	10	59	59	6	5	6	22	59	59	10	22	28	15	28	15	28	6	18	18	5	18	22	23	18	64	100	100	28	50	10	59	32	64	100	35	74	37	15	28	50	59	6	74	44	15	59	22	89	32	50	89	50	105	74	55	37	100	65	59	28	61	61	171	64	65	61	10	50	61	35	79	79	105	74	55	156	28	171	79	74	37	74	138	123	143	28	171	50	89	64	100	100	37	138	123	65	184	59	10	100	35	79	79	105	105	156	107	108	123	23	50	59	79	44	108	123	197	143	79	89	50	138	123	184	125	35	105	55	156	107	105	132	108	189	100	171	74	138	189	218	225	197	143	171	74	105	65	123	225	197	151	184	125	55	156	156	156	132	213	189	171	79	108	164	179	123	275	197	197	143	171	156	105	138	44	138	218	225	179	197	203	151	184	184	185	107	132	213	189	44	123	281	189	189	244	275	197	138	156	218	164	179	203	203	151	125	184	230	185	107	132	213	213	281	258	230	171	218	225	244	275	184	218	225	225	277	203	203	125	230	230	213	138	213	197	281	258	189	218	225	275	225	275	244	184	189	213	164	218	179	251	277	203	185	230	281	281	258	283	275	244	230	213	164	251	277	185	151	203	281	258	230	294	283	275	230	277	251	218	275	281	294	283	203	294	277	294	294	283	294	277	281	277	294	277	251	294
60	15	60	60	17	5	6	38	39	60	15	38	16	15	60	15	16	17	6	17	5	17	15	5	6	38	60	39	28	16	15	60	5	38	39	15	16	15	38	39	16	39	6	60	15	38	16	15	38	5	28	38	60	16	16	15	15	60	38	28	60	6	17	60	15	15	17	38	39	6	15	16	28	16	28	15	16	28	60	28	60	38	39	16	60	38	39	39	28	15	15	16	28	38	16	16	15	16	16	38	28	38	60	39	60	28	16	15	15	16	5	60	28	39	15	38	39	60	38	16	15	39	60	28	16	15	38	60	38	60	15	39	15	15	16	16	39	28	28	60	16	60	39	15	16	39	28	38	39	16	60	15	60	15	38	60	28	39	15	16	16	16	60	38	15	38	28	60	39	16	15	28	28	39	60	38	39	16	16	15	16	16	15	60	28	15	38	38	16	28	38	60	60	60	39	38	60	28	28	39	60	15	15	28	16	38	38	39	16	15	38	38	60	28	60	38	16	28	28	39	38	16	28	60	60	28	16	28	60	38	28	60	60	39	39	28	16	38	28	28	28	39	39	16	15	39	39	28	38	39	38	15	16	39	38	39	16	39	15	38	39	15	28	39	38	15	60	38	38	39	39	15	60	60	38	28	39	28	38	39	28	28	39	15	60	60	28	39	16	15	16	39	28	60	28	39	38	28
61	23	61	61	6	5	6	23	61	61	23	23	6	5	6	5	6	6	61	61	5	61	23	23	61	5	6	6	6	61	23	61	23	5	6	5	61	23	5	6	61	61	6	61	23	5	61	23	23	23	61	23	61	61	61	23	23	6	23	61	6	61	61	61	5	23	61	23	61	61	5	6	6	61	61	23	61	6	61	6	61	23	61	61	61	23	6	61	61	23	5	6	6	23	61	61	23	61	61	23	6	5	6	6	61	61	61	23	23	61	23	61	61	6	23	23	61	61	23	6	23	61	61	61	61	23	5	61	23	61	23	61	23	23	61	6	61	61	61	61	61	61	61	23	61	61	61	23	61	61	61	23	61	23	23	61	61	61	23	61	61	61	6	23	23	23	61	61	61	61	23	61	61	61	61	23	61	61	61	23	61	61	23	61	61	23	23	23	61	61	23	61	61	61	61	23	61	61	61	61	61	23	23	61	61	23	23	61	61	23	23	23	61	61	61	23	61	61	61	61	23	61	61	61	61	61	61	61	61	23	61	61	61	61	61	61	61	23	61	61	61	61	61	61	23	61	61	61	23	61	23	23	61	61	23	61	61	61	23	23	61	23	61	61	23	23	61	23	23	61	61	23	61	61	23	61	61	61	23	61	61	61	61	23	61	61	61	61	61	23	61	61	61	61	61	61	23	61
62	23	62	62	17	5	6	23	61	62	23	23	17	5	17	5	17	17	61	62	5	62	23	23	61	5	17	6	6	62	23	62	23	5	6	5	62	23	5	6	62	61	6	62	23	5	62	23	23	23	61	23	62	62	62	23	23	17	23	61	17	61	62	62	5	23	62	23	61	61	5	17	6	62	61	23	62	6	62	6	62	23	61	62	62	23	6	61	61	23	5	17	6	23	62	62	23	62	62	23	6	5	17	6	62	61	62	23	23	62	23	62	61	6	23	23	61	62	23	17	23	61	62	61	62	23	5	62	23	62	23	61	23	23	62	17	61	61	61	62	62	62	61	23	62	61	61	23	61	62	62	23	62	23	23	62	61	61	23	62	62	62	17	23	23	23	61	62	61	62	23	61	61	61	62	23	61	62	62	23	62	62	23	62	61	23	23	23	62	61	23	62	62	62	61	23	62	61	61	61	62	23	23	61	62	23	23	61	62	23	23	23	62	61	62	23	62	61	61	61	23	62	61	62	62	61	62	61	62	23	61	62	62	61	61	61	62	23	61	61	61	61	61	62	23	61	61	61	23	61	23	23	62	61	23	61	62	61	23	23	61	23	61	61	23	23	62	23	23	61	61	23	62	62	23	61	61	61	23	61	61	61	61	23	62	62	61	61	62	23	62	61	61	62	61	61	23	61
63	10	63	63	4	5	6	51	87	63	10	48	12	13	14	15	16	17	61	62	20	66	89	23	69	25	26	27	28	29	30	78	23	33	34	35	134	108	38	39	40	136	42	139	44	45	144	120	48	110	50	51	52	159	160	132	133	57	58	171	60	61	62	63	64	65	66	67	68	69	70	71	72	188	189	158	40	77	78	79	193	163	194	83	84	85	86	87	88	89	90	91	92	115	94	95	96	216	161	99	100	101	102	103	212	213	29	10	108	109	110	111	217	113	114	115	116	117	118	119	120	121	122	123	208	185	126	232	211	52	30	234	132	133	134	135	136	238	138	139	83	84	142	143	144	246	247	147	148	109	150	151	231	209	187	111	50	68	158	159	160	161	162	163	44	58	166	117	168	169	170	171	88	263	174	175	176	94	95	65	180	181	182	272	230	185	67	187	188	189	190	191	273	193	194	85	150	197	198	121	122	114	96	203	204	205	254	255	208	209	99	211	212	213	285	259	216	217	138	116	118	180	262	174	191	123	181	227	228	267	230	231	232	233	234	235	290	274	238	198	166	142	148	169	143	276	246	247	175	176	147	151	204	253	254	255	288	282	283	259	168	170	262	263	190	182	228	267	268	269	287	289	272	273	274	197	276	203	205	233	235	294	282	283	284	285	227	287	288	289	290	253	297	284	294	269	268	297
64	35	64	64	5	5	5	64	64	64	35	64	15	15	15	15	15	5	5	5	5	5	64	5	5	64	64	64	15	35	35	64	5	64	64	35	15	15	15	15	35	64	5	15	15	15	64	64	64	5	35	64	35	35	15	35	15	64	64	64	15	5	5	64	64	64	5	35	35	5	35	35	35	35	15	35	35	15	64	35	15	15	15	15	64	64	15	64	35	64	64	64	64	15	15	64	64	35	64	35	64	35	35	35	35	35	35	35	15	64	5	35	64	35	15	15	64	64	64	35	64	35	15	64	35	35	35	35	35	35	35	35	35	15	15	64	64	15	15	15	15	64	64	64	64	15	35	64	64	64	64	35	35	35	35	35	35	35	35	35	15	64	35	15	15	64	64	64	64	64	64	64	35	35	15	15	15	15	64	64	64	35	35	35	35	35	35	35	35	15	15	64	64	15	15	64	64	64	15	35	15	15	64	35	35	35	35	35	35	35	35	35	35	35	64	64	35	64	15	64	64	64	35	15	64	64	35	35	35	35	35	35	35	15	35	64	64	64	15	15	64	64	64	64	64	35	15	35	15	15	64	35	35	35	35	35	64	64	64	64	64	64	35	35	15	35	35	35	35	35	64	64	35	64	64	64	35	35	35	15	64	64	64	64	35	64	35	64	64	64	64	35	64	35	64	35	35	64
65	10	65	65	5	5	5	65	65	65	10	65	15	15	15	15	15	5	23	23	5	23	65	23	23	64	64	64	15	10	10	65	23	64	64	35	44	44	15	15	10	65	5	44	44	15	65	65	65	23	10	65	10	151	44	151	44	64	65	65	15	23	23	65	64	65	23	10	10	23	35	35	35	151	44	151	10	15	65	35	44	44	44	44	65	143	15	65	10	65	64	64	64	44	44	65	65	10	65	10	64	35	35	35	151	151	10	10	44	65	23	10	65	35	44	44	65	143	143	35	65	10	44	65	10	10	35	151	151	10	10	151	151	44	44	64	65	44	44	44	44	65	143	143	65	44	151	65	65	65	143	151	10	10	151	10	10	10	151	151	44	65	35	44	44	65	65	143	143	143	143	65	10	151	44	44	44	44	65	65	143	151	151	10	10	10	10	151	151	44	44	65	143	44	44	143	143	143	44	10	44	44	65	151	151	151	10	10	10	10	10	151	151	151	143	143	10	65	44	65	143	143	10	44	65	65	151	151	151	10	10	10	151	44	151	143	143	143	44	44	65	143	65	143	143	10	44	151	44	44	65	151	151	151	10	10	143	143	143	143	143	143	10	151	44	151	151	10	151	151	143	143	10	143	143	143	10	151	151	44	143	143	143	143	151	143	151	143	143	143	143	151	143	151	143	151	151	143
66	23	66	66	4	5	6	23	61	66	23	110	4	20	4	5	17	17	61	62	20	66	23	23	69	20	4	42	6	66	110	62	23	5	6	5	62	23	5	6	62	69	42	66	23	20	66	110	110	110	61	23	66	62	66	23	110	17	110	61	17	61	62	66	5	23	66	23	61	69	20	4	42	66	61	110	62	42	62	6	62	23	61	62	66	110	42	61	69	23	20	4	42	110	66	66	110	62	62	110	6	20	4	42	66	61	66	23	23	62	110	62	69	6	110	110	69	66	23	17	110	69	66	61	66	23	5	62	23	66	110	61	23	110	62	17	69	69	61	66	62	66	69	23	66	69	69	23	61	62	62	23	66	110	110	62	61	61	110	62	66	62	17	23	23	110	69	66	61	66	110	61	69	69	62	23	61	66	66	23	62	62	110	62	61	23	23	110	66	61	110	62	66	62	61	110	62	61	69	69	66	110	110	61	66	110	23	61	66	110	110	23	66	61	62	110	62	69	61	69	23	62	69	62	62	61	62	69	66	110	61	66	62	69	61	69	62	23	69	69	69	69	61	66	23	69	69	69	23	61	23	23	66	69	23	61	66	69	23	110	61	110	69	69	110	110	66	110	23	61	61	110	62	66	23	61	69	61	110	69	69	61	69	23	62	62	69	61	66	110	62	69	69	62	61	61	23	69
67	10	67	67	5	5	5	67	67	67	10	67	15	15	38	15	15	5	23	23	5	23	10	23	23	126	126	126	15	10	10	67	23	126	126	35	44	44	38	38	10	67	5	175	44	38	10	10	67	23	10	67	67	10	44	10	44	126	67	10	38	23	23	67	35	10	23	67	67	23	35	35	35	10	44	10	10	15	67	35	175	175	175	44	67	67	38	67	10	10	35	35	35	175	44	10	10	10	10	67	35	126	126	126	67	10	10	10	44	10	23	67	10	126	44	175	67	67	67	35	10	67	175	10	10	10	126	67	67	67	10	67	10	44	44	35	67	44	44	175	44	67	67	10	10	175	10	67	67	10	67	10	67	10	67	67	10	67	10	10	44	10	126	175	44	67	10	67	67	10	10	10	10	67	175	175	175	44	10	10	10	10	10	67	10	10	67	67	10	44	175	67	67	175	175	67	67	10	44	67	175	44	10	10	10	67	67	67	10	10	67	67	67	10	67	67	10	10	44	67	67	10	10	175	67	10	10	10	67	67	10	67	67	175	67	10	10	67	44	44	10	67	67	10	10	67	175	10	175	175	67	10	10	67	67	67	10	67	10	67	67	10	10	67	175	10	67	67	67	67	67	10	67	67	67	10	67	10	67	175	10	10	67	10	67	67	10	67	10	10	10	67	10	67	10	67	67	10
68	10	68	68	6	5	6	67	68	68	10	67	28	15	39	15	28	6	61	61	5	61	10	23	61	126	113	113	28	50	10	68	23	126	113	35	138	44	38	39	50	68	6	176	44	38	50	10	67	23	50	67	68	50	138	10	44	113	67	50	39	61	61	68	35	10	61	67	68	61	35	79	79	50	138	10	50	28	68	79	176	175	176	138	68	67	39	68	50	10	35	79	79	175	138	50	10	50	50	67	79	126	113	113	68	50	50	10	44	50	23	68	50	113	44	175	68	68	67	79	10	68	176	50	50	10	126	68	67	68	10	68	10	44	138	79	68	138	138	176	138	68	68	10	50	176	50	67	68	50	68	10	68	10	67	68	50	68	10	50	138	50	113	175	44	67	50	68	68	50	10	50	50	68	176	175	176	138	50	10	50	50	10	68	50	10	67	67	50	138	175	68	68	176	176	67	68	50	138	68	176	44	10	50	50	67	67	68	50	10	67	67	68	50	68	67	50	50	138	68	67	50	50	176	68	50	50	50	68	67	50	68	68	176	68	50	50	67	138	138	50	68	68	50	10	68	176	50	175	176	67	10	50	68	67	68	50	68	10	67	68	10	50	68	175	10	68	67	67	68	68	10	68	68	67	50	68	50	67	176	50	50	68	10	68	68	50	68	50	10	50	68	50	68	50	68	67	50
69	23	69	69	42	5	6	23	61	69	23	110	42	20	42	5	6	6	61	61	20	69	23	23	69	20	42	42	6	69	110	61	23	5	6	5	61	23	5	6	61	69	42	69	23	20	69	110	110	110	61	23	69	61	69	23	110	6	110	61	6	61	61	69	5	23	69	23	61	69	20	42	42	69	61	110	61	42	61	6	61	23	61	61	69	110	42	61	69	23	20	42	42	110	69	69	110	61	61	110	6	20	42	42	69	61	69	23	23	61	110	61	69	6	110	110	69	69	23	6	110	69	69	61	69	23	5	61	23	69	110	61	23	110	61	6	69	69	61	69	61	69	69	23	69	69	69	23	61	61	61	23	69	110	110	61	61	61	110	61	69	61	6	23	23	110	69	69	61	69	110	61	69	69	61	23	61	69	69	23	61	61	110	61	61	23	23	110	69	61	110	61	69	61	61	110	61	61	69	69	69	110	110	61	69	110	23	61	69	110	110	23	69	61	61	110	61	69	61	69	23	61	69	61	61	61	61	69	69	110	61	69	61	69	61	69	61	23	69	69	69	69	61	69	23	69	69	69	23	61	23	23	69	69	23	61	69	69	23	110	61	110	69	69	110	110	69	110	23	61	61	110	61	69	23	61	69	61	110	69	69	61	69	23	61	61	69	61	69	110	61	69	69	61	61	61	23	69
70	35	70	70	20	5	5	35	35	70	35	70	13	13	13	15	15	5	5	5	20	20	35	5	20	70	70	70	15	70	70	35	5	35	35	35	15	15	15	15	35	70	20	13	15	13	70	70	70	20	35	35	70	35	13	35	13	35	70	35	15	5	5	70	35	35	20	35	35	20	70	70	70	70	15	70	35	13	35	35	15	15	15	15	70	70	13	35	70	35	70	70	70	13	13	70	70	35	35	70	35	70	70	70	70	35	70	35	15	35	20	35	70	35	13	13	70	70	35	35	70	70	13	35	70	35	35	35	35	70	70	35	35	13	15	35	70	13	15	13	15	70	70	35	70	13	70	35	35	35	35	35	70	70	70	35	35	35	70	35	13	35	35	15	15	70	70	70	35	70	70	35	70	70	15	15	15	13	70	35	35	35	70	35	35	35	35	70	70	15	13	35	70	15	15	70	35	35	13	70	13	13	70	35	70	70	35	35	70	70	70	35	70	35	35	70	35	70	15	70	35	35	70	15	35	35	35	70	70	70	35	70	35	13	35	70	35	35	13	13	70	70	35	70	35	70	13	70	15	15	35	35	70	70	35	35	70	70	35	70	35	70	70	70	13	70	70	70	35	35	35	70	35	70	35	35	70	35	70	13	70	35	70	35	35	35	70	35	70	70	35	70	70	35	35	35	35	70
71	35	71	71	4	5	6	35	79	71	35	70	12	13	12	15	16	17	6	17	20	4	35	5	42	70	71	72	28	71	70	119	5	35	79	35	16	15	15	28	119	72	42	12	15	13	71	70	70	20	79	35	71	119	12	35	13	119	70	79	16	6	17	71	35	35	4	35	79	42	70	71	72	71	28	70	119	77	119	79	16	15	28	16	71	70	77	79	72	35	70	71	72	13	12	71	70	119	119	70	79	70	71	72	71	79	71	35	15	119	20	119	72	79	13	13	72	71	35	119	70	72	12	79	71	35	35	119	35	71	70	79	35	13	16	119	72	77	28	12	16	71	72	35	71	77	72	35	79	119	119	35	71	70	70	119	79	79	70	119	12	119	119	15	15	70	72	71	79	71	70	79	72	72	16	15	28	12	71	35	119	119	70	119	79	35	35	70	71	28	13	119	71	16	28	70	119	79	77	72	12	13	70	79	71	70	35	79	71	70	70	35	71	79	119	70	119	72	28	72	35	119	72	16	119	79	119	72	71	70	79	71	119	77	79	72	119	35	77	77	72	72	79	71	35	72	77	72	15	28	35	35	71	72	35	79	71	72	35	70	79	70	72	72	13	70	71	70	35	79	79	70	119	71	35	79	72	79	70	77	72	79	72	35	119	119	72	79	71	70	119	72	72	119	79	79	35	72
72	35	72	72	42	5	6	35	79	72	35	70	77	13	77	15	28	6	6	6	20	42	35	5	42	70	72	72	28	72	70	79	5	35	79	35	28	15	15	28	79	72	42	77	15	13	72	70	70	20	79	35	72	79	77	35	13	79	70	79	28	6	6	72	35	35	42	35	79	42	70	72	72	72	28	70	79	77	79	79	28	15	28	28	72	70	77	79	72	35	70	72	72	13	77	72	70	79	79	70	79	70	72	72	72	79	72	35	15	79	20	79	72	79	13	13	72	72	35	79	70	72	77	79	72	35	35	79	35	72	70	79	35	13	28	79	72	77	28	77	28	72	72	35	72	77	72	35	79	79	79	35	72	70	70	79	79	79	70	79	77	79	79	15	15	70	72	72	79	72	70	79	72	72	28	15	28	77	72	35	79	79	70	79	79	35	35	70	72	28	13	79	72	28	28	70	79	79	77	72	77	13	70	79	72	70	35	79	72	70	70	35	72	79	79	70	79	72	28	72	35	79	72	28	79	79	79	72	72	70	79	72	79	77	79	72	79	35	77	77	72	72	79	72	35	72	77	72	15	28	35	35	72	72	35	79	72	72	35	70	79	70	72	72	13	70	72	70	35	79	79	70	79	72	35	79	72	79	70	77	72	79	72	35	79	79	72	79	72	70	79	72	72	79	79	79	35	72
73	10	73	73	4	5	6	55	105	73	10	75	12	13	12	15	16	17	18	19	20	21	55	23	24	70	71	72	28	29	30	53	32	35	79	35	36	37	15	28	40	146	42	54	44	13	73	75	158	49	50	132	29	53	54	55	56	119	182	105	16	61	62	188	35	151	66	10	50	69	70	71	72	73	74	75	76	77	159	79	36	37	74	83	204	30	77	213	88	132	70	71	72	56	94	204	182	97	53	30	79	70	71	72	73	105	106	107	108	181	110	40	146	79	114	133	227	29	10	119	158	88	94	203	124	125	35	53	55	106	130	105	132	133	134	119	247	137	138	160	140	252	88	10	188	137	146	151	203	226	40	151	124	153	75	76	156	156	158	159	160	159	119	108	164	265	227	106	50	29	30	213	172	146	83	44	138	177	252	251	40	181	182	97	184	185	107	158	188	189	114	181	124	134	189	130	76	50	198	172	177	201	265	203	204	182	125	184	208	209	130	132	188	213	97	153	216	247	218	286	107	76	222	140	226	277	226	227	204	153	230	208	159	198	213	88	97	125	238	239	286	172	277	106	107	222	238	247	164	218	251	251	252	227	185	230	124	222	125	209	156	130	262	247	201	265	252	209	151	203	184	153	216	208	185	156	262	277	265	239	172	184	262	185	181	216	286	230	208	209	216	286	222	226	230	277	251	262
74	44	74	74	6	5	6	37	74	74	44	37	28	15	28	15	28	6	18	18	5	18	37	23	18	15	28	28	28	138	44	74	32	15	28	15	74	37	15	28	138	74	6	74	44	15	74	37	108	32	138	108	138	74	74	37	37	28	44	74	28	61	61	189	15	44	61	44	138	61	15	28	28	74	74	37	218	28	189	28	74	37	74	138	138	44	28	189	138	108	15	28	28	37	138	138	44	74	74	44	28	15	28	28	74	74	218	164	108	138	23	138	74	28	44	108	138	138	44	28	108	138	138	138	74	37	15	74	37	218	164	74	108	108	189	28	189	74	138	189	218	218	138	44	189	74	74	44	138	218	138	44	74	37	37	218	218	218	108	189	189	189	28	108	164	164	138	218	138	138	44	189	218	74	138	44	138	218	218	164	138	138	44	74	74	108	164	108	189	189	44	138	74	189	189	164	218	138	138	218	218	164	164	138	138	44	37	74	189	108	164	108	189	189	74	37	189	189	218	218	164	218	74	218	218	218	218	138	138	37	189	189	189	138	189	138	74	37	189	218	218	218	218	218	164	74	189	189	164	218	164	164	218	138	108	189	74	74	37	108	218	164	189	189	164	164	218	108	44	138	74	37	189	189	108	218	189	218	164	218	218	74	189	108	138	189	218	189	189	108	189	218	74	218	189	218	164	189
75	10	75	75	20	5	5	55	55	75	10	75	13	13	13	15	15	5	32	32	20	49	55	23	49	70	70	70	15	30	30	55	32	35	35	35	37	37	15	15	10	75	20	56	44	13	75	75	158	49	10	132	30	55	56	55	56	35	182	55	15	23	23	158	35	151	110	10	10	110	70	70	70	75	37	75	107	13	132	35	37	37	37	44	182	30	13	132	30	132	70	70	70	56	114	182	182	125	55	30	35	70	70	70	75	55	130	107	108	151	110	10	75	35	114	133	182	30	10	35	158	30	114	151	153	125	35	55	55	130	130	55	132	133	108	35	158	56	44	133	164	265	30	10	158	56	75	151	151	251	10	151	153	153	75	107	107	107	158	132	133	132	35	108	164	265	182	130	10	30	30	132	130	75	44	44	44	201	265	251	10	151	182	125	125	185	107	158	158	108	114	151	153	108	108	130	107	10	114	130	201	201	265	151	182	182	125	125	209	209	130	132	158	132	125	153	185	158	164	265	107	107	153	164	251	251	251	182	182	153	185	209	132	114	132	30	125	125	133	201	265	130	251	130	107	153	133	158	164	164	251	251	265	182	185	185	153	153	125	209	107	130	209	158	201	265	265	209	151	151	125	153	185	209	185	107	209	251	265	201	130	125	209	185	151	185	265	185	209	209	185	265	153	251	185	251	251	209
76	10	76	76	17	5	6	107	156	76	10	107	16	15	16	15	16	17	18	19	5	19	107	23	18	35	119	79	28	40	10	76	32	35	79	35	140	164	15	28	40	156	6	140	44	15	76	107	10	32	50	10	40	76	140	107	164	119	10	156	16	61	62	40	35	10	62	10	50	61	35	119	79	76	218	107	76	28	40	79	140	164	218	83	40	10	28	50	50	10	35	119	79	164	83	40	10	76	76	10	79	35	119	79	76	156	76	107	44	40	23	40	156	79	44	44	50	40	10	119	10	50	83	50	76	107	35	76	107	76	107	156	10	44	83	119	50	218	138	83	140	76	50	10	40	218	156	10	50	76	40	10	76	107	107	76	156	156	10	40	83	40	119	44	164	107	50	76	50	40	10	50	156	156	83	44	138	140	76	107	40	40	10	76	156	10	107	10	40	138	44	40	76	83	138	107	76	50	138	156	140	164	107	50	40	10	107	156	40	10	107	10	40	50	76	107	40	50	218	156	107	76	156	140	76	156	76	50	40	107	50	40	40	138	50	50	76	107	138	218	156	156	156	76	107	156	138	50	164	218	107	107	76	50	10	50	76	156	107	10	156	107	50	50	164	107	76	10	10	50	156	107	40	40	10	156	50	156	107	218	156	156	50	10	40	40	156	50	40	10	40	156	156	76	50	156	107	50
77	15	77	77	42	5	6	15	28	77	15	13	77	13	77	15	28	6	6	6	20	42	15	5	42	13	77	77	28	77	13	28	5	15	28	15	28	15	15	28	28	77	42	77	15	13	77	13	13	20	28	15	77	28	77	15	13	28	13	28	28	6	6	77	15	15	42	15	28	42	13	77	77	77	28	13	28	77	28	28	28	15	28	28	77	13	77	28	77	15	13	77	77	13	77	77	13	28	28	13	28	13	77	77	77	28	77	15	15	28	20	28	77	28	13	13	77	77	15	28	13	77	77	28	77	15	15	28	15	77	13	28	15	13	28	28	77	77	28	77	28	77	77	15	77	77	77	15	28	28	28	15	77	13	13	28	28	28	13	28	77	28	28	15	15	13	77	77	28	77	13	28	77	77	28	15	28	77	77	15	28	28	13	28	28	15	15	13	77	28	13	28	77	28	28	13	28	28	77	77	77	13	13	28	77	13	15	28	77	13	13	15	77	28	28	13	28	77	28	77	15	28	77	28	28	28	28	77	77	13	28	77	28	77	28	77	28	15	77	77	77	77	28	77	15	77	77	77	15	28	15	15	77	77	15	28	77	77	15	13	28	13	77	77	13	13	77	13	15	28	28	13	28	77	15	28	77	28	13	77	77	28	77	15	28	28	77	28	77	13	28	77	77	28	28	28	15	77
78	10	78	78	17	5	6	51	87	78	10	51	16	15	60	15	16	17	61	62	5	62	89	23	61	33	57	34	28	40	10	78	23	33	34	35	134	108	38	39	40	87	6	193	44	38	161	89	51	23	50	51	111	159	134	132	108	57	147	171	60	61	62	78	64	65	62	67	68	61	35	119	79	159	189	132	40	28	78	79	193	163	194	83	191	118	39	87	50	89	64	135	100	163	83	109	65	216	161	67	100	126	162	113	232	213	40	10	108	109	23	111	171	113	44	163	148	150	118	119	89	68	174	123	216	185	126	232	211	111	10	234	132	108	134	135	87	189	138	193	83	191	168	143	161	194	213	147	148	109	150	151	272	185	211	111	50	68	132	159	134	161	162	163	44	147	123	150	168	180	143	171	50	234	174	175	176	83	109	65	180	181	151	272	230	185	67	211	159	189	175	191	285	193	194	118	150	197	138	68	174	44	65	203	181	268	254	255	216	185	67	211	232	213	285	274	216	171	138	148	118	180	230	174	191	123	181	203	284	254	230	272	232	176	234	197	290	274	189	138	123	168	148	180	143	255	194	213	175	176	147	151	181	269	254	255	290	287	283	274	168	143	230	234	175	151	284	254	268	269	287	283	272	285	274	197	255	203	268	176	197	294	287	283	284	285	203	287	290	283	290	269	294	284	294	269	268	294
79	35	79	79	6	5	6	35	79	79	35	35	28	15	28	15	28	6	6	6	5	6	35	5	6	35	79	79	28	79	35	79	5	35	79	35	28	15	15	28	79	79	6	28	15	15	79	35	35	5	79	35	79	79	28	35	15	79	35	79	28	6	6	79	35	35	6	35	79	6	35	79	79	79	28	35	79	28	79	79	28	15	28	28	79	35	28	79	79	35	35	79	79	15	28	79	35	79	79	35	79	35	79	79	79	79	79	35	15	79	5	79	79	79	15	15	79	79	35	79	35	79	28	79	79	35	35	79	35	79	35	79	35	15	28	79	79	28	28	28	28	79	79	35	79	28	79	35	79	79	79	35	79	35	35	79	79	79	35	79	28	79	79	15	15	35	79	79	79	79	35	79	79	79	28	15	28	28	79	35	79	79	35	79	79	35	35	35	79	28	15	79	79	28	28	35	79	79	28	79	28	15	35	79	79	35	35	79	79	35	35	35	79	79	79	35	79	79	28	79	35	79	79	28	79	79	79	79	79	35	79	79	79	28	79	79	79	35	28	28	79	79	79	79	35	79	28	79	15	28	35	35	79	79	35	79	79	79	35	35	79	35	79	79	15	35	79	35	35	79	79	35	79	79	35	79	79	79	35	28	79	79	79	35	79	79	79	79	79	35	79	79	79	79	79	79	35	79
80	44	80	80	17	5	6	81	82	80	44	81	16	15	60	15	16	17	18	19	5	19	37	23	18	38	60	39	28	83	44	80	32	38	39	15	36	37	38	39	83	82	6	80	44	38	36	37	163	32	138	163	174	36	36	37	37	60	175	74	60	61	62	193	15	44	62	175	176	61	15	16	28	36	74	37	140	28	193	28	80	81	82	83	174	175	39	194	138	108	15	16	28	81	83	83	44	36	36	175	28	38	60	39	80	74	140	164	108	83	23	174	74	39	44	163	176	174	175	16	108	176	174	138	36	37	38	80	81	223	164	82	108	108	134	16	194	74	138	193	140	223	176	44	134	82	74	175	176	140	174	44	80	37	81	223	218	249	108	134	134	134	60	163	164	248	138	223	176	83	44	189	218	82	174	175	176	140	140	164	83	83	44	80	74	108	248	163	134	189	175	174	80	193	194	248	223	138	138	249	223	164	164	138	83	175	81	82	134	108	248	163	193	189	80	81	134	189	218	249	248	140	74	223	223	218	140	138	174	81	189	193	193	176	194	138	36	81	189	218	218	249	249	140	164	82	194	189	248	249	248	164	140	176	163	194	36	82	37	163	249	164	189	194	248	164	223	163	175	176	82	37	193	193	163	218	194	218	248	249	218	74	194	108	174	193	218	194	134	108	134	249	74	223	189	249	248	189
81	44	81	81	5	5	5	81	81	81	44	81	15	15	38	15	15	5	32	32	5	32	37	23	32	38	38	38	15	44	44	81	32	38	38	15	37	37	38	38	44	81	5	81	44	38	37	37	163	32	44	163	175	37	37	37	37	38	175	37	38	23	23	163	15	44	23	175	175	23	15	15	15	37	37	37	164	15	163	15	81	81	81	44	175	175	38	163	44	108	15	15	15	81	44	44	44	37	37	175	15	38	38	38	81	37	164	164	108	44	23	175	37	38	44	163	175	175	175	15	108	175	175	44	37	37	38	81	81	248	164	81	108	108	108	15	163	37	44	163	164	248	175	44	108	81	37	175	175	164	175	44	81	37	81	248	164	248	108	108	108	108	38	163	164	248	44	248	175	44	44	108	164	81	175	175	175	164	164	164	44	44	44	81	37	108	248	163	108	108	175	175	81	163	163	248	248	44	44	248	248	164	164	44	44	175	81	81	108	108	248	163	163	108	81	81	108	108	164	248	248	164	37	248	248	164	164	44	175	81	108	163	163	175	163	44	37	81	108	164	164	248	248	164	164	81	163	108	248	248	248	164	164	175	163	163	37	81	37	163	248	164	108	163	248	164	248	163	175	175	81	37	163	163	163	164	163	164	248	248	164	37	163	108	175	163	164	163	108	108	108	248	37	248	108	248	248	108
82	44	82	82	6	5	6	81	82	82	44	81	28	15	39	15	28	6	18	18	5	18	37	23	18	38	39	39	28	138	44	82	32	38	39	15	74	37	38	39	138	82	6	82	44	38	74	37	163	32	138	163	176	74	74	37	37	39	175	74	39	61	61	194	15	44	61	175	176	61	15	28	28	74	74	37	218	28	194	28	82	81	82	138	176	175	39	194	138	108	15	28	28	81	138	138	44	74	74	175	28	38	39	39	82	74	218	164	108	138	23	176	74	39	44	163	176	176	175	28	108	176	176	138	74	37	38	82	81	249	164	82	108	108	189	28	194	74	138	194	218	249	176	44	189	82	74	175	176	218	176	44	82	37	81	249	218	249	108	189	189	189	39	163	164	248	138	249	176	138	44	189	218	82	176	175	176	218	218	164	138	138	44	82	74	108	248	163	189	189	175	176	82	194	194	248	249	138	138	249	249	164	164	138	138	175	81	82	189	108	248	163	194	189	82	81	189	189	218	249	248	218	74	249	249	218	218	138	176	81	189	194	194	176	194	138	74	81	189	218	218	249	249	218	164	82	194	189	248	249	248	164	218	176	163	194	74	82	37	163	249	164	189	194	248	164	249	163	175	176	82	37	194	194	163	218	194	218	248	249	218	74	194	108	176	194	218	194	189	108	189	249	74	249	189	249	248	189
83	44	83	83	17	5	6	44	138	83	44	44	16	15	16	15	16	17	61	62	5	62	44	23	61	15	16	28	28	83	44	83	23	15	28	15	83	44	15	28	83	138	6	83	44	15	83	44	44	23	138	44	83	83	83	44	44	16	44	138	16	61	62	83	15	44	62	44	138	61	15	16	28	83	138	44	83	28	83	28	83	44	138	83	83	44	28	138	138	44	15	16	28	44	83	83	44	83	83	44	28	15	16	28	83	138	83	44	44	83	23	83	138	28	44	44	138	83	44	16	44	138	83	138	83	44	15	83	44	83	44	138	44	44	83	16	138	138	138	83	83	83	138	44	83	138	138	44	138	83	83	44	83	44	44	83	138	138	44	83	83	83	16	44	44	44	138	83	138	83	44	138	138	138	83	44	138	83	83	44	83	83	44	83	138	44	44	44	83	138	44	83	83	83	138	44	83	138	138	138	83	44	44	138	83	44	44	138	83	44	44	44	83	138	83	44	83	138	138	138	44	83	138	83	83	138	83	138	83	44	138	83	83	138	138	138	83	44	138	138	138	138	138	83	44	138	138	138	44	138	44	44	83	138	44	138	83	138	44	44	138	44	138	138	44	44	83	44	44	138	138	44	83	83	44	138	138	138	44	138	138	138	138	44	83	83	138	138	83	44	83	138	138	83	138	138	44	138
84	10	84	84	4	5	6	147	148	84	10	58	12	13	14	15	16	17	61	62	20	66	65	23	69	25	26	27	28	29	30	191	23	33	34	35	83	44	38	39	40	116	42	122	44	45	95	96	58	110	50	147	52	181	94	151	114	57	58	123	60	61	62	84	64	65	66	67	68	69	70	71	72	204	138	182	40	77	191	79	174	175	176	83	84	85	86	148	88	65	90	91	92	190	94	95	96	40	109	99	100	101	102	103	228	203	29	10	44	109	110	111	166	113	114	190	116	117	118	119	96	121	122	123	29	10	126	284	268	52	30	269	151	114	83	135	116	198	138	122	83	84	142	143	95	233	227	147	148	109	150	151	52	30	205	111	50	68	182	181	94	109	162	175	44	58	166	117	168	169	170	123	88	253	174	175	176	94	95	65	180	181	182	111	50	10	67	205	204	138	190	191	117	174	176	85	150	197	198	121	122	114	96	203	204	205	67	68	29	30	99	268	228	203	150	85	40	166	138	116	118	180	88	174	191	123	181	227	228	99	50	52	284	233	269	235	180	118	198	198	166	142	148	169	143	121	233	227	175	176	147	151	204	253	67	68	169	142	143	85	168	170	88	253	190	182	228	99	268	269	168	170	111	117	118	197	121	203	205	233	235	197	142	143	284	150	227	168	169	170	180	253	235	284	197	269	268	235
85	10	85	85	20	5	5	118	118	85	10	85	13	13	45	15	15	5	23	23	20	110	143	23	110	25	25	25	15	30	30	118	23	33	33	35	44	44	38	38	10	85	20	190	44	45	170	170	85	110	10	118	99	10	114	10	114	33	85	143	38	23	23	85	64	143	110	67	67	110	70	70	70	30	44	30	10	13	118	35	175	175	175	44	85	85	45	118	30	143	90	90	90	190	114	170	170	10	143	99	64	101	101	101	99	10	30	10	44	143	110	67	170	126	114	190	85	85	118	35	170	99	190	143	30	10	126	67	67	99	30	67	10	114	44	64	85	114	44	190	44	85	85	143	170	190	30	118	118	143	118	10	99	30	99	67	10	67	30	10	114	143	126	175	44	85	170	85	118	170	170	143	30	99	175	175	175	114	170	143	143	10	30	67	10	10	67	99	30	44	190	118	85	175	175	85	118	143	114	99	190	114	170	10	30	99	67	67	30	30	99	67	99	10	118	85	10	170	44	85	118	143	30	175	118	143	10	30	99	99	10	99	67	190	67	170	143	118	114	114	170	85	118	170	143	99	190	30	175	175	118	10	30	99	67	67	170	85	143	85	118	170	30	99	190	30	99	99	67	67	118	170	67	85	118	143	99	10	99	190	170	143	85	143	67	118	30	118	170	170	143	99	170	67	143	67	67	170
86	15	86	86	42	5	6	38	39	86	15	45	77	13	86	15	28	6	6	6	20	42	15	5	42	45	86	86	28	77	13	39	5	38	39	15	28	15	38	39	28	86	42	86	15	45	77	13	45	20	28	38	86	28	77	15	13	39	45	28	39	6	6	86	15	15	42	38	39	42	13	77	77	77	28	13	28	77	39	28	39	38	39	28	86	45	86	39	77	15	13	77	77	45	77	77	13	28	28	45	28	45	86	86	86	28	77	15	15	28	20	39	77	39	13	45	86	86	38	28	13	86	86	28	77	15	38	39	38	86	13	39	15	13	28	28	86	77	28	86	28	86	86	15	77	86	77	38	39	28	39	15	86	13	45	39	28	39	13	28	77	28	39	38	15	45	77	86	39	77	13	28	77	86	39	38	39	77	77	15	28	28	13	39	28	15	38	45	77	28	45	39	86	39	39	45	39	28	77	86	86	13	13	28	77	45	38	39	77	13	45	38	86	28	39	45	28	77	28	86	38	28	77	39	39	28	28	77	86	45	28	86	39	86	39	77	28	38	77	77	77	86	39	77	15	86	86	77	38	39	38	15	77	86	38	39	77	86	15	45	39	13	77	86	45	13	86	45	38	39	39	13	39	86	38	28	86	28	45	86	77	28	86	15	39	39	77	39	77	13	28	86	77	39	28	39	38	77
87	10	87	87	6	5	6	51	87	87	10	51	28	15	39	15	28	6	61	61	5	61	89	23	61	33	34	34	28	50	10	87	23	33	34	35	189	108	38	39	50	87	6	194	44	38	171	89	51	23	50	51	68	213	189	132	108	34	147	171	39	61	61	87	64	65	61	67	68	61	35	79	79	213	189	132	50	28	87	79	194	163	194	138	148	118	39	87	50	89	64	100	100	163	138	123	65	230	171	67	100	126	113	113	234	213	50	10	108	123	23	68	171	113	44	163	148	168	118	79	89	68	176	123	230	185	126	234	211	68	10	234	132	108	189	100	87	189	138	194	138	148	168	143	171	194	213	147	148	123	168	151	255	185	211	68	50	68	132	213	189	171	113	163	44	147	123	168	168	197	143	171	50	234	176	175	176	138	123	65	197	203	151	255	230	185	67	211	213	189	175	148	287	194	194	118	168	197	138	68	176	44	65	203	203	268	254	255	230	185	67	211	234	213	287	274	230	171	138	148	118	197	230	176	148	123	203	203	269	254	230	255	234	176	234	197	294	274	189	138	123	168	148	197	143	255	194	213	175	176	147	151	203	269	254	255	294	287	283	274	168	143	230	234	175	151	269	254	268	269	287	283	255	287	274	197	255	203	268	176	197	294	287	283	269	287	203	287	294	283	294	269	294	269	294	269	268	294
88	10	88	88	42	5	6	10	50	88	10	30	77	13	77	15	28	6	61	61	20	69	10	23	69	70	72	72	28	88	30	50	23	35	79	35	138	44	15	28	50	88	42	198	44	13	88	30	30	110	50	10	88	50	198	10	114	79	30	50	28	61	61	88	35	10	69	10	50	69	70	72	72	88	138	30	50	77	50	79	138	44	138	138	88	30	77	50	88	10	70	72	72	114	198	88	30	50	50	30	79	70	72	72	88	50	88	10	44	50	110	50	88	79	114	114	88	88	10	79	30	88	198	50	88	10	35	50	10	88	30	50	10	114	138	79	88	198	138	198	138	88	88	10	88	198	88	10	50	50	50	10	88	30	30	50	50	50	30	50	198	50	79	44	44	30	88	88	50	88	30	50	88	88	138	44	138	198	88	10	50	50	30	50	50	10	10	30	88	138	114	50	88	138	138	30	50	50	198	88	198	114	30	50	88	30	10	50	88	30	30	10	88	50	50	30	50	88	138	88	10	50	88	138	50	50	50	88	88	30	50	88	50	198	50	88	50	10	198	198	88	88	50	88	10	88	198	88	44	138	10	10	88	88	10	50	88	88	10	30	50	30	88	88	114	30	88	30	10	50	50	30	50	88	10	50	88	50	30	198	88	50	88	10	50	50	88	50	88	30	50	88	88	50	50	50	10	88
89	10	89	89	5	5	5	89	89	89	10	89	15	15	15	15	15	5	23	23	5	23	89	23	23	64	64	64	15	10	10	89	23	64	64	35	108	108	15	15	10	89	5	108	44	15	89	89	89	23	10	89	10	132	108	132	108	64	65	89	15	23	23	89	64	65	23	10	10	23	35	35	35	132	108	132	10	15	89	35	108	108	108	44	65	143	15	89	10	89	64	64	64	108	44	65	65	185	89	10	64	35	35	35	132	132	10	10	108	65	23	10	89	35	44	108	65	143	143	35	89	10	44	65	185	185	35	132	132	10	10	132	132	108	108	64	89	108	44	108	44	65	143	143	89	108	132	65	65	65	143	151	185	185	132	10	10	10	132	132	108	89	35	108	44	65	65	143	143	143	143	89	10	132	44	44	44	44	65	65	143	151	151	185	185	185	10	132	132	108	44	65	283	108	108	143	143	143	44	10	44	44	65	151	151	151	185	185	185	185	10	132	132	132	283	283	185	89	44	65	143	143	185	44	65	65	151	151	151	185	185	185	132	44	132	143	283	283	108	44	65	143	65	143	143	185	108	132	44	44	65	151	151	151	185	185	283	283	283	283	143	143	185	132	44	151	151	185	151	151	283	283	185	283	283	143	185	151	151	44	143	283	283	283	151	283	151	283	283	283	283	151	283	151	283	151	151	283
90	35	90	90	20	5	5	64	64	90	35	90	13	13	13	15	15	5	5	5	20	20	64	5	20	90	90	90	15	70	70	64	5	64	64	35	15	15	15	15	35	90	20	13	15	13	90	90	90	20	35	64	70	35	13	35	13	64	90	64	15	5	5	90	64	64	20	35	35	20	70	70	70	70	15	70	35	13	64	35	15	15	15	15	90	90	13	64	70	64	90	90	90	13	13	90	90	35	64	70	64	70	70	70	70	35	70	35	15	64	20	35	90	35	13	13	90	90	64	35	90	70	13	64	70	35	35	35	35	70	70	35	35	13	15	64	90	13	15	13	15	90	90	64	90	13	70	64	64	64	64	35	70	70	70	35	35	35	70	35	13	64	35	15	15	90	90	90	64	90	90	64	70	70	15	15	15	13	90	64	64	35	70	35	35	35	35	70	70	15	13	64	90	15	15	90	64	64	13	70	13	13	90	35	70	70	35	35	70	70	70	35	70	35	64	90	35	90	15	90	64	64	70	15	64	64	35	70	70	70	35	70	35	13	35	90	64	64	13	13	90	90	64	90	64	70	13	70	15	15	64	35	70	70	35	35	90	90	64	90	64	90	70	70	13	70	70	70	35	35	64	90	35	90	64	64	70	35	70	13	90	64	90	64	35	64	70	64	90	90	64	70	90	35	64	35	35	90
91	35	91	91	4	5	6	64	100	91	35	90	12	13	12	15	16	17	6	17	20	4	64	5	42	90	91	92	28	71	70	135	5	64	100	35	16	15	15	28	119	92	42	12	15	13	91	90	90	20	79	64	71	119	12	35	13	135	90	100	16	6	17	91	64	64	4	35	79	42	70	71	72	71	28	70	119	77	135	79	16	15	28	16	91	90	77	100	72	64	90	91	92	13	12	91	90	119	135	70	100	70	71	72	71	79	71	35	15	135	20	119	92	79	13	13	92	91	64	119	90	72	12	100	71	35	35	119	35	71	70	79	35	13	16	135	92	77	28	12	16	91	92	64	91	77	72	64	100	135	135	35	71	70	70	119	79	79	70	119	12	135	119	15	15	90	92	91	100	91	90	100	72	72	16	15	28	12	91	64	135	119	70	119	79	35	35	70	71	28	13	135	91	16	28	90	135	100	77	72	12	13	90	79	71	70	35	79	71	70	70	35	71	79	135	90	119	92	28	92	64	135	72	16	135	100	119	72	71	70	79	71	119	77	79	92	135	64	77	77	92	92	100	91	64	72	77	72	15	28	64	35	71	72	35	79	91	92	64	90	100	90	72	72	13	70	71	70	35	79	100	90	119	91	64	100	72	79	70	77	92	100	92	64	119	135	72	100	91	90	135	72	92	119	100	79	35	92
92	35	92	92	42	5	6	64	100	92	35	90	77	13	77	15	28	6	6	6	20	42	64	5	42	90	92	92	28	72	70	100	5	64	100	35	28	15	15	28	79	92	42	77	15	13	92	90	90	20	79	64	72	79	77	35	13	100	90	100	28	6	6	92	64	64	42	35	79	42	70	72	72	72	28	70	79	77	100	79	28	15	28	28	92	90	77	100	72	64	90	92	92	13	77	92	90	79	100	70	100	70	72	72	72	79	72	35	15	100	20	79	92	79	13	13	92	92	64	79	90	72	77	100	72	35	35	79	35	72	70	79	35	13	28	100	92	77	28	77	28	92	92	64	92	77	72	64	100	100	100	35	72	70	70	79	79	79	70	79	77	100	79	15	15	90	92	92	100	92	90	100	72	72	28	15	28	77	92	64	100	79	70	79	79	35	35	70	72	28	13	100	92	28	28	90	100	100	77	72	77	13	90	79	72	70	35	79	72	70	70	35	72	79	100	90	79	92	28	92	64	100	72	28	100	100	79	72	72	70	79	72	79	77	79	92	100	64	77	77	92	92	100	92	64	72	77	72	15	28	64	35	72	72	35	79	92	92	64	90	100	90	72	72	13	70	72	70	35	79	100	90	79	92	64	100	72	79	70	77	92	100	92	64	79	100	72	100	92	90	100	72	92	79	100	79	35	92
93	44	93	93	20	5	5	81	81	93	44	93	13	13	45	15	15	5	32	32	20	49	37	23	49	45	45	45	15	114	114	81	32	38	38	15	37	37	38	38	44	93	20	93	44	45	56	56	115	49	44	163	190	37	56	37	56	38	190	37	38	23	23	115	15	44	110	175	175	110	13	13	13	56	37	56	164	13	163	15	81	81	81	44	190	190	45	163	114	108	13	13	13	93	114	114	114	37	37	190	15	45	45	45	93	37	201	164	108	44	110	175	56	38	114	115	190	190	175	15	133	190	190	44	56	37	38	81	81	264	201	81	108	133	108	15	115	56	44	115	164	264	190	44	133	93	56	175	175	164	175	44	93	56	93	248	164	248	133	108	133	108	38	163	164	264	114	264	175	114	114	108	201	93	175	175	175	201	201	164	44	44	114	81	37	108	248	115	133	108	190	175	93	163	163	264	248	44	114	264	264	201	201	44	114	190	81	81	133	133	264	163	115	108	81	93	108	133	164	264	248	164	56	248	248	164	164	114	190	93	108	115	163	190	163	114	37	81	133	201	201	264	248	201	164	93	115	133	248	248	248	164	201	190	163	163	56	93	37	115	248	201	133	115	264	201	264	115	175	175	81	56	163	115	163	164	115	164	264	264	201	37	115	108	175	163	201	163	133	133	108	264	56	248	108	248	248	133
94	44	94	94	4	5	6	44	138	94	44	114	12	13	12	15	16	17	61	62	20	66	44	23	69	13	12	77	28	94	114	83	23	15	28	15	83	44	15	28	83	198	42	94	44	13	94	114	114	110	138	44	94	83	94	44	114	16	114	138	16	61	62	94	15	44	66	44	138	69	13	12	77	94	138	114	83	77	83	28	83	44	138	83	94	114	77	138	198	44	13	12	77	114	94	94	114	83	83	114	28	13	12	77	94	138	94	44	44	83	110	83	198	28	114	114	198	94	44	16	114	198	94	138	94	44	15	83	44	94	114	138	44	114	83	16	198	198	138	94	83	94	198	44	94	198	198	44	138	83	83	44	94	114	114	83	138	138	114	83	94	83	16	44	44	114	198	94	138	94	114	138	198	198	83	44	138	94	94	44	83	83	114	83	138	44	44	114	94	138	114	83	94	83	138	114	83	138	198	198	94	114	114	138	94	114	44	138	94	114	114	44	94	138	83	114	83	198	138	198	44	83	198	83	83	138	83	198	94	114	138	94	83	198	138	198	83	44	198	198	198	198	138	94	44	198	198	198	44	138	44	44	94	198	44	138	94	198	44	114	138	114	198	198	114	114	94	114	44	138	138	114	83	94	44	138	198	138	114	198	198	138	198	44	83	83	198	138	94	114	83	198	198	83	138	138	44	198
95	10	95	95	4	5	6	65	123	95	10	96	12	13	12	15	16	17	61	62	20	66	65	23	69	90	91	92	28	29	30	109	23	64	100	35	83	44	15	28	40	166	42	94	44	13	95	96	96	110	50	65	29	181	94	151	114	135	96	123	16	61	62	95	64	65	66	10	50	69	70	71	72	204	138	182	40	77	109	79	83	44	138	83	95	170	77	123	88	65	90	91	92	114	94	95	96	40	109	30	100	70	71	72	204	203	29	10	44	109	110	40	166	79	114	114	166	169	143	119	96	88	94	123	29	10	35	181	151	29	30	203	151	114	83	135	166	198	138	94	83	95	235	143	95	198	227	65	123	109	180	151	29	30	182	40	50	50	182	181	94	109	119	44	44	96	166	169	197	169	170	123	88	227	83	44	138	94	95	65	180	181	182	40	50	10	10	182	204	138	114	109	169	83	138	170	180	197	198	88	94	114	96	203	204	182	10	50	29	30	30	151	204	203	180	170	40	166	138	166	143	180	88	83	109	123	181	227	204	30	50	29	181	198	203	235	180	143	198	198	166	235	123	169	143	88	198	227	44	138	65	151	204	227	10	50	169	235	143	170	197	170	88	227	114	182	204	30	151	203	197	170	40	169	143	197	88	203	182	198	235	197	235	143	181	180	227	197	169	170	180	227	235	181	197	203	151	235
96	10	96	96	20	5	5	65	65	96	10	96	13	13	13	15	15	5	23	23	20	110	65	23	110	90	90	90	15	30	30	65	23	64	64	35	44	44	15	15	10	96	20	114	44	13	96	96	96	110	10	65	30	151	114	151	114	64	96	65	15	23	23	96	64	65	110	10	10	110	70	70	70	182	44	182	10	13	65	35	44	44	44	44	96	170	13	65	30	65	90	90	90	114	114	96	96	10	65	30	64	70	70	70	182	151	30	10	44	65	110	10	96	35	114	114	96	170	143	35	96	30	114	65	30	10	35	151	151	30	30	151	151	114	44	64	96	114	44	114	44	96	170	143	96	114	182	65	65	65	143	151	30	30	182	10	10	10	182	151	114	65	35	44	44	96	96	170	143	170	170	65	30	182	44	44	44	114	96	65	143	151	182	10	10	10	10	182	182	44	114	65	170	44	44	170	143	143	114	30	114	114	96	151	182	182	10	10	30	30	30	151	182	151	143	170	10	96	44	96	143	143	30	44	65	65	151	182	182	30	10	30	151	114	151	170	143	143	114	114	96	170	65	170	143	30	114	182	44	44	65	151	182	182	10	10	170	170	143	170	143	170	30	182	114	182	182	30	151	151	143	170	10	170	143	143	30	151	182	114	170	143	170	143	151	143	182	143	170	170	143	182	170	151	143	151	151	170
97	10	97	97	17	5	6	125	184	97	10	125	16	15	16	15	16	17	18	19	5	19	125	23	18	35	119	79	28	40	10	97	32	35	79	35	36	37	15	28	40	184	6	36	44	15	97	125	185	32	50	185	40	97	36	125	37	119	10	184	16	61	62	216	35	10	62	10	50	61	35	119	79	97	74	125	76	28	216	79	36	37	74	83	40	10	28	230	50	185	35	119	79	37	83	40	10	97	97	10	79	35	119	79	97	184	76	107	108	40	23	40	184	79	44	108	50	40	10	119	185	50	83	50	97	125	35	97	125	76	107	184	185	108	134	119	230	74	138	134	140	76	50	10	216	74	184	10	50	76	40	10	97	125	125	76	156	156	185	216	134	216	119	108	164	107	50	76	50	40	10	230	156	184	83	44	138	140	76	107	40	40	10	97	184	185	107	185	216	189	44	40	97	134	189	107	76	50	138	156	140	164	107	50	40	10	125	184	216	185	107	185	216	230	97	125	216	230	218	156	107	76	184	140	76	156	76	50	40	125	230	216	216	138	230	50	97	125	189	218	156	156	156	76	107	184	189	230	164	218	107	107	76	50	185	230	97	184	125	185	156	107	230	230	164	107	76	185	10	50	184	125	216	216	185	156	230	156	107	218	156	184	230	185	40	216	156	230	216	185	216	156	184	76	230	156	107	230
98	10	98	98	17	5	6	22	59	98	10	22	16	15	16	15	16	17	18	19	5	19	22	23	18	64	135	100	28	40	10	98	32	64	100	35	36	37	15	28	40	59	6	36	44	15	98	22	89	32	50	89	40	53	36	55	37	135	65	59	16	61	62	161	64	65	62	10	50	61	35	119	79	53	74	55	76	28	161	79	36	37	74	83	109	143	28	171	50	89	64	135	100	37	83	109	65	97	98	10	100	35	119	79	53	105	76	107	108	109	23	40	59	79	44	108	123	180	143	119	89	50	83	123	97	125	35	53	55	76	107	105	132	108	134	135	171	74	138	134	140	149	197	143	161	74	105	65	123	149	180	151	97	125	55	76	156	156	132	159	134	161	119	108	164	179	123	221	197	180	143	171	156	105	83	44	138	140	149	179	180	181	151	97	184	185	107	132	159	189	44	109	236	134	189	244	221	197	138	156	140	164	179	203	181	151	125	184	216	185	107	132	159	213	236	258	216	171	218	225	244	221	184	140	149	225	226	203	181	125	230	216	159	138	213	197	236	258	189	218	225	275	225	221	244	184	189	213	164	218	179	251	226	203	185	230	236	281	258	283	275	244	230	213	164	251	226	185	151	203	281	258	216	290	283	275	230	277	251	218	275	281	294	283	181	290	277	294	290	283	290	277	281	226	294	277	251	294
99	10	99	99	20	5	5	67	67	99	10	99	13	13	45	15	15	5	23	23	20	110	10	23	110	101	101	101	15	30	30	67	23	126	126	35	44	44	38	38	10	99	20	190	44	45	30	30	99	110	10	67	99	10	114	10	114	126	99	10	38	23	23	99	35	10	110	67	67	110	70	70	70	30	44	30	10	13	67	35	175	175	175	44	99	99	45	67	30	10	70	70	70	190	114	30	30	10	10	99	35	101	101	101	99	10	30	10	44	10	110	67	30	126	114	190	99	99	67	35	30	99	190	10	30	10	126	67	67	99	30	67	10	114	44	35	99	114	44	190	44	99	99	10	30	190	30	67	67	10	67	10	99	30	99	67	10	67	30	10	114	10	126	175	44	99	30	99	67	30	30	10	30	99	175	175	175	114	30	10	10	10	30	67	10	10	67	99	30	44	190	67	99	175	175	99	67	10	114	99	190	114	30	10	30	99	67	67	30	30	99	67	99	10	67	99	10	30	44	99	67	10	30	175	67	10	10	30	99	99	10	99	67	190	67	30	10	67	114	114	30	99	67	30	10	99	190	30	175	175	67	10	30	99	67	67	30	99	10	99	67	30	30	99	190	30	99	99	67	67	67	30	67	99	67	10	99	10	99	190	30	10	99	10	67	67	30	67	30	30	10	99	30	67	10	67	67	30
100	35	100	100	6	5	6	64	100	100	35	64	28	15	28	15	28	6	6	6	5	6	64	5	6	64	100	100	28	79	35	100	5	64	100	35	28	15	15	28	79	100	6	28	15	15	100	64	64	5	79	64	79	79	28	35	15	100	64	100	28	6	6	100	64	64	6	35	79	6	35	79	79	79	28	35	79	28	100	79	28	15	28	28	100	64	28	100	79	64	64	100	100	15	28	100	64	79	100	35	100	35	79	79	79	79	79	35	15	100	5	79	100	79	15	15	100	100	64	79	64	79	28	100	79	35	35	79	35	79	35	79	35	15	28	100	100	28	28	28	28	100	100	64	100	28	79	64	100	100	100	35	79	35	35	79	79	79	35	79	28	100	79	15	15	64	100	100	100	100	64	100	79	79	28	15	28	28	100	64	100	79	35	79	79	35	35	35	79	28	15	100	100	28	28	64	100	100	28	79	28	15	64	79	79	35	35	79	79	35	35	35	79	79	100	64	79	100	28	100	64	100	79	28	100	100	79	79	79	35	79	79	79	28	79	100	100	64	28	28	100	100	100	100	64	79	28	79	15	28	64	35	79	79	35	79	100	100	64	64	100	64	79	79	15	35	79	35	35	79	100	64	79	100	64	100	79	79	35	28	100	100	100	64	79	100	79	100	100	64	100	79	100	79	100	79	35	100
101	35	101	101	20	5	5	126	126	101	35	101	13	13	45	15	15	5	5	5	20	20	35	5	20	101	101	101	15	70	70	126	5	126	126	35	15	15	38	38	35	101	20	45	15	45	70	70	101	20	35	126	101	35	13	35	13	126	101	35	38	5	5	101	35	35	20	126	126	20	70	70	70	70	15	70	35	13	126	35	38	38	38	15	101	101	45	126	70	35	70	70	70	45	13	70	70	35	35	101	35	101	101	101	101	35	70	35	15	35	20	126	70	126	13	45	101	101	126	35	70	101	45	35	70	35	126	126	126	101	70	126	35	13	15	35	101	13	15	45	15	101	101	35	70	45	70	126	126	35	126	35	101	70	101	126	35	126	70	35	13	35	126	38	15	101	70	101	126	70	70	35	70	101	38	38	38	13	70	35	35	35	70	126	35	35	126	101	70	15	45	126	101	38	38	101	126	35	13	101	45	13	70	35	70	101	126	126	70	70	101	126	101	35	126	101	35	70	15	101	126	35	70	38	126	35	35	70	101	101	35	101	126	45	126	70	35	126	13	13	70	101	126	70	35	101	45	70	38	38	126	35	70	101	126	126	70	101	35	101	126	70	70	101	45	70	101	101	126	126	126	70	126	101	126	35	101	35	101	45	70	35	101	35	126	126	70	126	70	70	35	101	70	126	35	126	126	70
102	35	102	102	4	5	6	126	113	102	35	101	12	13	14	15	16	17	6	17	20	4	35	5	42	101	102	103	28	71	70	162	5	126	113	35	16	15	38	39	119	103	42	14	15	45	71	70	101	20	79	126	102	119	12	35	13	162	101	79	60	6	17	102	35	35	4	126	113	42	70	71	72	71	28	70	119	77	162	79	60	38	39	16	102	101	86	113	72	35	70	71	72	45	12	71	70	119	119	101	79	101	102	103	102	79	71	35	15	119	20	162	72	113	13	45	103	102	126	119	70	103	14	79	71	35	126	162	126	102	70	113	35	13	16	119	103	77	28	14	16	102	103	35	71	86	72	126	113	119	162	35	102	70	101	162	79	113	70	119	12	119	162	38	15	101	72	102	113	71	70	79	72	103	60	38	39	12	71	35	119	119	70	162	79	35	126	101	71	28	45	162	102	60	39	101	162	79	77	103	14	13	70	79	71	101	126	113	71	70	101	126	102	79	162	101	119	72	28	103	126	119	72	60	162	79	119	72	102	101	79	102	162	86	113	72	119	126	77	77	72	103	113	71	35	103	86	72	38	39	126	35	71	103	126	113	71	103	35	101	113	70	72	103	45	70	102	101	126	113	113	70	162	102	126	79	103	79	101	86	72	79	103	35	162	162	72	113	71	70	119	103	72	162	79	113	126	72
103	35	103	103	42	5	6	126	113	103	35	101	77	13	86	15	28	6	6	6	20	42	35	5	42	101	103	103	28	72	70	113	5	126	113	35	28	15	38	39	79	103	42	86	15	45	72	70	101	20	79	126	103	79	77	35	13	113	101	79	39	6	6	103	35	35	42	126	113	42	70	72	72	72	28	70	79	77	113	79	39	38	39	28	103	101	86	113	72	35	70	72	72	45	77	72	70	79	79	101	79	101	103	103	103	79	72	35	15	79	20	113	72	113	13	45	103	103	126	79	70	103	86	79	72	35	126	113	126	103	70	113	35	13	28	79	103	77	28	86	28	103	103	35	72	86	72	126	113	79	113	35	103	70	101	113	79	113	70	79	77	79	113	38	15	101	72	103	113	72	70	79	72	103	39	38	39	77	72	35	79	79	70	113	79	35	126	101	72	28	45	113	103	39	39	101	113	79	77	103	86	13	70	79	72	101	126	113	72	70	101	126	103	79	113	101	79	72	28	103	126	79	72	39	113	79	79	72	103	101	79	103	113	86	113	72	79	126	77	77	72	103	113	72	35	103	86	72	38	39	126	35	72	103	126	113	72	103	35	101	113	70	72	103	45	70	103	101	126	113	113	70	113	103	126	79	103	79	101	86	72	79	103	35	113	113	72	113	72	70	79	103	72	113	79	113	126	72
104	10	104	104	4	5	6	128	131	104	10	154	12	13	14	15	16	17	18	19	20	21	55	23	24	101	102	103	28	29	30	127	32	126	113	35	36	37	38	39	40	173	42	43	44	45	73	75	187	49	50	211	52	53	54	55	56	162	205	105	60	61	62	212	35	151	66	67	68	69	70	71	72	73	74	75	76	77	232	79	80	81	82	83	228	99	86	234	88	132	70	71	72	93	94	204	182	97	53	99	79	101	102	103	104	105	106	107	108	181	110	111	146	113	114	115	253	52	67	119	158	121	122	203	124	125	126	127	128	129	130	131	132	133	134	119	263	137	138	139	140	266	121	10	188	145	146	268	269	226	111	151	152	153	154	155	156	157	158	159	160	159	162	163	164	278	227	129	68	29	30	213	172	173	174	175	176	177	252	251	40	181	182	183	184	185	186	187	188	189	190	284	152	193	194	210	155	50	198	199	200	201	265	203	204	205	206	207	208	209	210	211	212	213	183	229	216	247	218	291	186	76	222	223	293	277	226	227	228	229	230	231	232	233	234	88	97	206	238	239	286	199	295	106	107	245	246	247	248	249	296	251	252	253	254	255	124	245	125	267	157	130	262	263	264	265	266	267	268	269	207	153	272	231	254	156	276	277	278	279	172	184	276	185	284	272	286	255	208	209	216	291	222	293	230	295	296	262
105	10	105	105	6	5	6	55	105	105	10	55	28	15	28	15	28	6	18	18	5	18	55	23	18	35	79	79	28	50	10	105	32	35	79	35	74	37	15	28	50	105	6	74	44	15	105	55	132	32	50	132	50	105	74	55	37	79	151	105	28	61	61	213	35	151	61	10	50	61	35	79	79	105	74	55	156	28	213	79	74	37	74	138	203	10	28	213	50	132	35	79	79	37	138	203	151	184	105	10	79	35	79	79	105	105	156	107	108	203	23	50	105	79	44	108	203	50	10	79	132	50	138	203	184	125	35	105	55	156	107	105	132	108	189	79	213	74	138	189	218	277	50	10	213	74	105	151	203	277	50	151	184	125	55	156	156	156	132	213	189	213	79	108	164	251	203	156	50	50	10	213	156	105	138	44	138	218	277	251	50	203	151	184	184	185	107	132	213	189	44	203	184	189	189	107	156	50	138	156	218	164	251	203	203	151	125	184	230	185	107	132	213	213	184	125	230	213	218	277	107	156	184	218	277	277	277	203	203	125	230	230	213	138	213	50	184	125	189	218	277	156	277	156	107	184	189	213	164	218	251	251	277	203	185	230	184	184	125	185	156	107	230	213	164	251	277	185	151	203	184	125	230	230	185	156	230	277	251	218	156	184	230	185	203	230	277	230	230	185	230	277	184	277	230	277	251	230
106	10	106	106	4	5	6	107	156	106	10	130	12	13	12	15	16	17	18	19	20	21	107	23	24	70	71	72	28	29	30	76	32	35	79	35	140	164	15	28	40	172	42	177	44	13	106	130	30	49	50	10	29	76	177	107	201	119	30	156	16	61	62	29	35	10	66	10	50	69	70	71	72	106	218	130	76	77	40	79	140	164	218	83	29	30	77	50	88	10	70	71	72	201	94	29	30	76	76	30	79	70	71	72	106	156	106	107	44	40	110	40	172	79	114	114	88	29	10	119	30	88	94	50	106	107	35	76	107	106	130	156	10	114	83	119	88	239	138	94	140	106	88	10	29	239	172	10	50	76	40	10	106	130	130	76	156	156	30	40	94	40	119	44	164	130	88	106	50	29	30	50	172	172	83	44	138	177	106	107	40	40	30	76	156	10	107	30	29	138	114	40	106	83	138	130	76	50	198	172	177	201	130	50	29	30	107	156	29	30	130	10	29	50	76	130	40	88	218	172	107	76	172	140	76	156	76	88	29	130	50	29	40	198	50	88	76	107	198	239	172	172	156	106	107	172	198	88	164	218	107	107	106	88	10	50	106	172	107	30	156	130	88	88	201	130	106	30	10	50	156	130	40	29	10	156	88	156	130	239	172	156	88	10	40	40	172	50	29	30	40	172	172	76	50	156	107	88
107	10	107	107	5	5	5	107	107	107	10	107	15	15	15	15	15	5	32	32	5	32	107	23	32	35	35	35	15	10	10	107	32	35	35	35	164	164	15	15	10	107	5	164	44	15	107	107	10	32	10	10	10	107	164	107	164	35	10	107	15	23	23	10	35	10	23	10	10	23	35	35	35	107	164	107	107	15	10	35	164	164	164	44	10	10	15	10	10	10	35	35	35	164	44	10	10	107	107	10	35	35	35	35	107	107	107	107	44	10	23	10	107	35	44	44	10	10	10	35	10	10	44	10	107	107	35	107	107	107	107	107	10	44	44	35	10	164	44	44	164	107	10	10	10	164	107	10	10	107	10	10	107	107	107	107	107	107	10	10	44	10	35	44	164	107	10	107	10	10	10	10	107	107	44	44	44	164	107	107	10	10	10	107	107	10	107	10	10	44	44	10	107	44	44	107	107	10	44	107	164	164	107	10	10	10	107	107	10	10	107	10	10	10	107	107	10	10	164	107	107	107	107	164	107	107	107	10	10	107	10	10	10	44	10	10	107	107	44	164	107	107	107	107	107	107	44	10	164	164	107	107	107	10	10	10	107	107	107	10	107	107	10	10	164	107	107	10	10	10	107	107	10	10	10	107	10	107	107	164	107	107	10	10	10	10	107	10	10	10	10	107	107	107	10	107	107	10
108	44	108	108	5	5	5	108	108	108	44	108	15	15	15	15	15	5	23	23	5	23	108	23	23	15	15	15	15	44	44	108	23	15	15	15	108	108	15	15	44	108	5	108	44	15	108	108	108	23	44	108	44	108	108	108	108	15	44	108	15	23	23	108	15	44	23	44	44	23	15	15	15	108	108	108	44	15	108	15	108	108	108	44	44	44	15	108	44	108	15	15	15	108	44	44	44	108	108	44	15	15	15	15	108	108	44	44	108	44	23	44	108	15	44	108	44	44	44	15	108	44	44	44	108	108	15	108	108	44	44	108	108	108	108	15	108	108	44	108	44	44	44	44	108	108	108	44	44	44	44	44	108	108	108	44	44	44	108	108	108	108	15	108	44	44	44	44	44	44	44	108	44	108	44	44	44	44	44	44	44	44	44	108	108	108	44	108	108	108	44	44	108	108	108	44	44	44	44	44	44	44	44	44	44	44	108	108	108	108	44	108	108	108	108	108	108	108	44	44	44	44	108	44	44	44	44	44	44	108	108	108	108	44	108	44	108	108	108	44	44	44	44	44	44	108	108	108	44	44	44	44	44	44	108	108	108	108	108	108	44	44	108	108	44	44	44	108	44	44	108	108	108	108	108	44	108	44	44	44	44	108	108	108	44	108	44	108	108	108	108	44	108	44	108	44	44	108
109	10	109	109	17	5	6	65	123	109	10	65	16	15	16	15	16	17	61	62	5	62	65	23	61	64	135	100	28	40	10	109	23	64	100	35	83	44	15	28	40	123	6	83	44	15	109	65	65	23	50	65	40	181	83	151	44	135	65	123	16	61	62	109	64	65	62	10	50	61	35	119	79	181	138	151	40	28	109	79	83	44	138	83	109	143	28	123	50	65	64	135	100	44	83	109	65	40	109	10	100	35	119	79	181	203	40	10	44	109	23	40	123	79	44	44	123	180	143	119	65	50	83	123	40	10	35	181	151	40	10	203	151	44	83	135	123	138	138	83	83	109	197	143	109	138	203	65	123	109	180	151	40	10	151	40	50	50	151	181	83	109	119	44	44	65	123	180	197	180	143	123	50	203	83	44	138	83	109	65	180	181	151	40	50	10	10	151	181	138	44	109	180	83	138	143	180	197	138	50	83	44	65	203	181	151	10	50	40	10	10	151	181	203	180	143	40	123	138	123	143	180	50	83	109	123	181	203	181	10	50	40	181	138	203	197	180	143	138	138	123	197	123	180	143	50	138	203	44	138	65	151	181	203	10	50	180	197	143	143	197	143	50	203	44	151	181	10	151	203	197	143	40	180	143	197	50	203	151	138	197	197	197	143	181	180	203	197	180	143	180	203	197	181	197	203	151	197
110	23	110	110	20	5	5	23	23	110	23	110	20	20	20	5	5	5	23	23	20	110	23	23	110	20	20	20	5	110	110	23	23	5	5	5	23	23	5	5	23	110	20	110	23	20	110	110	110	110	23	23	110	23	110	23	110	5	110	23	5	23	23	110	5	23	110	23	23	110	20	20	20	110	23	110	23	20	23	5	23	23	23	23	110	110	20	23	110	23	20	20	20	110	110	110	110	23	23	110	5	20	20	20	110	23	110	23	23	23	110	23	110	5	110	110	110	110	23	5	110	110	110	23	110	23	5	23	23	110	110	23	23	110	23	5	110	110	23	110	23	110	110	23	110	110	110	23	23	23	23	23	110	110	110	23	23	23	110	23	110	23	5	23	23	110	110	110	23	110	110	23	110	110	23	23	23	110	110	23	23	23	110	23	23	23	23	110	110	23	110	23	110	23	23	110	23	23	110	110	110	110	110	23	110	110	23	23	110	110	110	23	110	23	23	110	23	110	23	110	23	23	110	23	23	23	23	110	110	110	23	110	23	110	23	110	23	23	110	110	110	110	23	110	23	110	110	110	23	23	23	23	110	110	23	23	110	110	23	110	23	110	110	110	110	110	110	110	23	23	23	110	23	110	23	23	110	23	110	110	110	23	110	23	23	23	110	23	110	110	23	110	110	23	23	23	23	110
111	10	111	111	17	5	6	67	68	111	10	67	16	15	60	15	16	17	61	62	5	62	10	23	61	126	162	113	28	40	10	111	23	126	113	35	83	44	38	39	40	68	6	174	44	38	40	10	67	23	50	67	111	40	83	10	44	162	67	50	60	61	62	111	35	10	62	67	68	61	35	119	79	40	138	10	40	28	111	79	174	175	176	83	111	67	39	68	50	10	35	119	79	175	83	40	10	40	40	67	79	126	162	113	111	50	40	10	44	40	23	111	50	113	44	175	68	111	67	119	10	68	174	50	40	10	126	111	67	111	10	68	10	44	83	119	68	138	138	174	83	111	68	10	40	176	50	67	68	40	111	10	111	10	67	111	50	68	10	40	83	40	162	175	44	67	50	111	68	40	10	50	50	68	174	175	176	83	40	10	40	40	10	111	50	10	67	67	40	138	175	111	111	174	176	67	111	50	138	68	174	44	10	50	40	67	67	68	40	10	67	67	111	50	111	67	40	50	138	68	67	40	50	174	111	50	40	50	111	67	50	111	111	176	68	50	40	67	138	138	50	68	68	40	10	68	176	50	175	176	67	10	40	68	67	68	40	68	10	67	68	10	50	68	175	10	111	67	67	68	68	10	111	111	67	50	68	50	67	176	50	50	68	10	111	111	50	68	40	10	40	68	50	111	50	68	67	50
112	10	112	112	42	5	6	22	59	112	10	47	77	13	77	15	28	6	18	18	20	24	22	23	24	90	92	92	28	88	30	59	32	64	100	35	74	37	15	28	50	112	42	137	44	13	112	47	120	49	50	89	88	105	137	55	56	100	96	59	28	61	61	217	64	65	69	10	50	69	70	72	72	146	74	75	156	77	171	79	74	37	74	138	166	170	77	171	88	89	90	92	92	56	198	166	96	184	59	30	100	70	72	72	146	105	172	107	108	123	110	50	112	79	114	133	166	235	143	79	120	88	198	123	222	125	35	105	55	172	130	105	132	133	189	100	217	137	138	238	218	240	235	143	217	137	146	65	123	225	197	151	222	153	75	156	156	156	158	213	238	171	79	108	164	202	166	280	197	235	170	171	172	146	138	44	138	239	240	179	197	203	182	184	184	185	107	158	247	189	114	123	292	189	189	261	275	197	198	172	239	201	202	203	227	182	125	184	262	209	130	132	247	213	281	271	230	217	218	240	244	275	222	218	225	225	277	227	227	153	230	262	213	198	213	235	281	258	238	239	240	280	225	280	244	222	238	247	164	218	179	251	286	227	185	230	292	292	258	289	275	261	262	247	201	265	286	209	151	203	281	271	230	297	283	275	262	277	265	239	280	281	297	283	203	294	286	294	297	289	294	286	292	277	294	277	251	297
113	35	113	113	6	5	6	126	113	113	35	126	28	15	39	15	28	6	6	6	5	6	35	5	6	126	113	113	28	79	35	113	5	126	113	35	28	15	38	39	79	113	6	39	15	38	79	35	126	5	79	126	113	79	28	35	15	113	126	79	39	6	6	113	35	35	6	126	113	6	35	79	79	79	28	35	79	28	113	79	39	38	39	28	113	126	39	113	79	35	35	79	79	38	28	79	35	79	79	126	79	126	113	113	113	79	79	35	15	79	5	113	79	113	15	38	113	113	126	79	35	113	39	79	79	35	126	113	126	113	35	113	35	15	28	79	113	28	28	39	28	113	113	35	79	39	79	126	113	79	113	35	113	35	126	113	79	113	35	79	28	79	113	38	15	126	79	113	113	79	35	79	79	113	39	38	39	28	79	35	79	79	35	113	79	35	126	126	79	28	38	113	113	39	39	126	113	79	28	113	39	15	35	79	79	126	126	113	79	35	126	126	113	79	113	126	79	79	28	113	126	79	79	39	113	79	79	79	113	126	79	113	113	39	113	79	79	126	28	28	79	113	113	79	35	113	39	79	38	39	126	35	79	113	126	113	79	113	35	126	113	35	79	113	38	35	113	126	126	113	113	35	113	113	126	79	113	79	126	39	79	79	113	35	113	113	79	113	79	35	79	113	79	113	79	113	126	79
114	44	114	114	20	5	5	44	44	114	44	114	13	13	13	15	15	5	23	23	20	110	44	23	110	13	13	13	15	114	114	44	23	15	15	15	44	44	15	15	44	114	20	114	44	13	114	114	114	110	44	44	114	44	114	44	114	15	114	44	15	23	23	114	15	44	110	44	44	110	13	13	13	114	44	114	44	13	44	15	44	44	44	44	114	114	13	44	114	44	13	13	13	114	114	114	114	44	44	114	15	13	13	13	114	44	114	44	44	44	110	44	114	15	114	114	114	114	44	15	114	114	114	44	114	44	15	44	44	114	114	44	44	114	44	15	114	114	44	114	44	114	114	44	114	114	114	44	44	44	44	44	114	114	114	44	44	44	114	44	114	44	15	44	44	114	114	114	44	114	114	44	114	114	44	44	44	114	114	44	44	44	114	44	44	44	44	114	114	44	114	44	114	44	44	114	44	44	114	114	114	114	114	44	114	114	44	44	114	114	114	44	114	44	44	114	44	114	44	114	44	44	114	44	44	44	44	114	114	114	44	114	44	114	44	114	44	44	114	114	114	114	44	114	44	114	114	114	44	44	44	44	114	114	44	44	114	114	44	114	44	114	114	114	114	114	114	114	44	44	44	114	44	114	44	44	114	44	114	114	114	44	114	44	44	44	114	44	114	114	44	114	114	44	44	44	44	114
115	44	115	115	20	5	5	163	163	115	44	115	13	13	45	15	15	5	23	23	20	110	108	23	110	45	45	45	15	114	114	163	23	38	38	15	108	108	38	38	44	115	20	115	44	45	133	133	115	110	44	163	190	108	133	108	133	38	190	108	38	23	23	115	15	44	110	175	175	110	13	13	13	133	108	133	44	13	163	15	163	163	163	44	190	190	45	163	114	108	13	13	13	115	114	114	114	108	108	190	15	45	45	45	115	108	114	44	108	44	110	175	133	38	114	115	190	190	175	15	133	190	190	44	133	108	38	163	163	190	114	163	108	133	108	15	115	133	44	115	44	190	190	44	133	115	133	175	175	44	175	44	115	133	115	175	44	175	133	108	133	108	38	163	44	190	114	190	175	114	114	108	114	115	175	175	175	114	114	44	44	44	114	163	108	108	175	115	133	108	190	175	115	163	163	190	175	44	114	190	190	114	114	44	114	190	163	163	133	133	190	163	115	108	163	115	108	133	44	190	175	44	133	175	175	44	44	114	190	115	108	115	163	190	163	114	108	163	133	114	114	190	175	114	44	115	115	133	175	175	175	44	114	190	163	163	133	115	108	115	175	114	133	115	190	114	190	115	175	175	163	133	163	115	163	44	115	44	190	190	114	108	115	108	175	163	114	163	133	133	108	190	133	175	108	175	175	133
116	10	116	116	42	5	6	147	148	116	10	58	77	13	86	15	28	6	61	61	20	69	65	23	69	25	27	27	28	88	30	148	23	33	34	35	138	44	38	39	50	116	42	233	44	45	166	96	58	110	50	147	121	203	198	151	114	34	58	123	39	61	61	116	64	65	69	67	68	69	70	72	72	227	138	182	50	77	148	79	176	175	176	138	116	85	86	148	88	65	90	92	92	190	198	166	96	50	123	99	100	101	103	103	253	203	88	10	44	123	110	68	166	113	114	190	116	142	118	79	96	121	233	123	88	10	126	269	268	121	30	269	151	114	138	100	116	198	138	233	138	116	142	143	166	233	227	147	148	123	168	151	121	30	205	68	50	68	182	203	198	123	113	175	44	58	166	142	168	235	170	123	88	253	176	175	176	198	166	65	197	203	182	68	50	10	67	205	227	138	190	148	142	176	176	85	168	197	198	121	233	114	96	203	227	205	67	68	88	30	99	268	253	203	168	85	50	166	138	116	118	197	88	176	148	123	203	227	253	99	50	121	269	233	269	235	197	118	198	198	166	142	148	235	143	121	233	227	175	176	147	151	227	253	67	68	235	142	143	85	168	170	88	253	190	182	253	99	268	269	168	170	68	142	118	197	121	203	205	233	235	197	142	143	269	168	227	168	235	170	197	253	235	269	197	269	268	235
117	10	117	117	4	5	6	118	168	117	10	85	12	13	14	15	16	17	61	62	20	66	143	23	69	25	26	27	28	29	30	150	23	33	34	35	83	44	38	39	40	142	42	122	44	45	169	170	85	110	50	118	52	40	94	10	114	57	85	197	60	61	62	117	64	143	66	67	68	69	70	71	72	29	138	30	40	77	150	79	174	175	176	83	117	85	86	168	88	143	90	91	92	190	94	169	170	40	180	99	100	101	102	103	52	50	29	10	44	180	110	111	235	113	114	190	142	117	118	119	170	121	122	197	29	10	126	111	67	52	30	68	10	114	83	135	142	198	138	122	83	117	142	143	169	233	88	118	168	180	150	10	52	30	99	111	50	68	30	40	94	180	162	175	44	85	235	117	168	169	170	197	88	121	174	175	176	94	169	143	180	40	30	111	50	10	67	99	29	138	190	150	117	174	176	85	150	197	198	121	122	114	170	50	29	99	67	68	29	30	99	67	52	50	150	85	40	235	138	142	118	180	88	174	150	197	40	88	52	99	50	52	111	233	68	235	180	118	198	198	235	142	168	169	143	121	233	88	175	176	118	10	29	121	67	68	169	142	143	85	168	170	88	121	190	30	52	99	67	68	168	170	111	117	118	197	121	50	99	233	235	197	142	143	111	150	88	168	169	170	180	121	235	111	197	68	67	235
118	10	118	118	5	5	5	118	118	118	10	118	15	15	38	15	15	5	23	23	5	23	143	23	23	33	33	33	15	10	10	118	23	33	33	35	44	44	38	38	10	118	5	175	44	38	143	143	118	23	10	118	67	10	44	10	44	33	118	143	38	23	23	118	64	143	23	67	67	23	35	35	35	10	44	10	10	15	118	35	175	175	175	44	118	118	38	118	10	143	64	64	64	175	44	143	143	10	143	67	64	126	126	126	67	10	10	10	44	143	23	67	143	126	44	175	118	118	118	35	143	67	175	143	10	10	126	67	67	67	10	67	10	44	44	64	118	44	44	175	44	118	118	143	143	175	10	118	118	143	118	10	67	10	67	67	10	67	10	10	44	143	126	175	44	118	143	118	118	143	143	143	10	67	175	175	175	44	143	143	143	10	10	67	10	10	67	67	10	44	175	118	118	175	175	118	118	143	44	67	175	44	143	10	10	67	67	67	10	10	67	67	67	10	118	118	10	143	44	118	118	143	10	175	118	143	10	10	67	67	10	67	67	175	67	143	143	118	44	44	143	118	118	143	143	67	175	10	175	175	118	10	10	67	67	67	143	118	143	118	118	143	10	67	175	10	67	67	67	67	118	143	67	118	118	143	67	10	67	175	143	143	118	143	67	118	10	118	143	143	143	67	143	67	143	67	67	143
119	35	119	119	17	5	6	35	79	119	35	35	16	15	16	15	16	17	6	17	5	17	35	5	6	35	119	79	28	119	35	119	5	35	79	35	16	15	15	28	119	79	6	16	15	15	119	35	35	5	79	35	119	119	16	35	15	119	35	79	16	6	17	119	35	35	17	35	79	6	35	119	79	119	28	35	119	28	119	79	16	15	28	16	119	35	28	79	79	35	35	119	79	15	16	119	35	119	119	35	79	35	119	79	119	79	119	35	15	119	5	119	79	79	15	15	79	119	35	119	35	79	16	79	119	35	35	119	35	119	35	79	35	15	16	119	79	28	28	16	16	119	79	35	119	28	79	35	79	119	119	35	119	35	35	119	79	79	35	119	16	119	119	15	15	35	79	119	79	119	35	79	79	79	16	15	28	16	119	35	119	119	35	119	79	35	35	35	119	28	15	119	119	16	28	35	119	79	28	79	16	15	35	79	119	35	35	79	119	35	35	35	119	79	119	35	119	79	28	79	35	119	79	16	119	79	119	79	119	35	79	119	119	28	79	79	119	35	28	28	79	79	79	119	35	79	28	79	15	28	35	35	119	79	35	79	119	79	35	35	79	35	79	79	15	35	119	35	35	79	79	35	119	119	35	79	79	79	35	28	79	79	79	35	119	119	79	79	119	35	119	79	79	119	79	79	35	79
120	10	120	120	20	5	5	89	89	120	10	120	13	13	13	15	15	5	23	23	20	110	89	23	110	90	90	90	15	30	30	89	23	64	64	35	108	108	15	15	10	120	20	133	44	13	120	120	120	110	10	89	30	132	133	132	133	64	96	89	15	23	23	120	64	65	110	10	10	110	70	70	70	158	108	158	10	13	89	35	108	108	108	44	96	170	13	89	30	89	90	90	90	133	114	96	96	185	89	30	64	70	70	70	158	132	30	10	108	65	110	10	120	35	114	133	96	170	143	35	120	30	114	65	209	185	35	132	132	30	30	132	132	133	108	64	120	133	44	133	44	96	170	143	120	133	158	65	65	65	143	151	209	209	158	10	10	10	158	132	133	89	35	108	44	96	96	170	143	170	170	89	30	158	44	44	44	114	96	65	143	151	182	185	185	185	10	158	158	108	114	65	289	108	108	170	143	143	114	30	114	114	96	151	182	182	185	185	209	209	30	132	158	132	283	289	185	120	44	96	143	143	209	44	65	65	151	182	182	209	185	209	132	114	132	170	283	283	133	114	96	170	65	170	143	209	133	158	44	44	65	151	182	182	185	185	289	289	283	289	143	170	209	158	114	182	182	209	151	151	283	289	185	289	283	143	209	151	182	114	170	283	289	283	151	283	182	283	289	289	283	182	289	151	283	151	151	289
121	10	121	121	42	5	6	67	68	121	10	99	77	13	86	15	28	6	61	61	20	69	10	23	69	101	103	103	28	88	30	68	23	126	113	35	138	44	38	39	50	121	42	233	44	45	88	30	99	110	50	67	121	50	198	10	114	113	99	50	39	61	61	121	35	10	69	67	68	69	70	72	72	88	138	30	50	77	68	79	176	175	176	138	121	99	86	68	88	10	70	72	72	190	198	88	30	50	50	99	79	101	103	103	121	50	88	10	44	50	110	68	88	113	114	190	121	121	67	79	30	121	233	50	88	10	126	68	67	121	30	68	10	114	138	79	121	198	138	233	138	121	121	10	88	233	88	67	68	50	68	10	121	30	99	68	50	68	30	50	198	50	113	175	44	99	88	121	68	88	30	50	88	121	176	175	176	198	88	10	50	50	30	68	50	10	67	99	88	138	190	68	121	176	176	99	68	50	198	121	233	114	30	50	88	99	67	68	88	30	99	67	121	50	68	99	50	88	138	121	67	50	88	176	68	50	50	88	121	99	50	121	68	233	68	88	50	67	198	198	88	121	68	88	10	121	233	88	175	176	67	10	88	121	67	68	88	121	10	99	68	30	88	121	190	30	121	99	67	68	68	30	68	121	67	50	121	50	99	233	88	50	121	10	68	68	88	68	88	30	50	121	88	68	50	68	67	88
122	44	122	122	4	5	6	175	176	122	44	190	12	13	14	15	16	17	61	62	20	66	44	23	69	45	14	86	28	94	114	174	23	38	39	15	83	44	38	39	83	233	42	122	44	45	94	114	190	110	138	175	122	83	94	44	114	60	190	138	60	61	62	122	15	44	66	175	176	69	13	12	77	94	138	114	83	77	174	28	174	175	176	83	122	190	86	176	198	44	13	12	77	190	94	94	114	83	83	190	28	45	14	86	122	138	94	44	44	83	110	174	198	39	114	190	233	122	175	16	114	233	122	138	94	44	38	174	175	122	114	176	44	114	83	16	233	198	138	122	83	122	233	44	94	233	198	175	176	83	174	44	122	114	190	174	138	176	114	83	94	83	60	175	44	190	198	122	176	94	114	138	198	233	174	175	176	94	94	44	83	83	114	174	138	44	175	190	94	138	190	174	122	174	176	190	174	138	198	233	122	114	114	138	94	190	175	176	94	114	190	175	122	138	174	190	83	198	138	233	175	83	198	174	174	138	83	198	122	190	138	122	174	233	176	198	83	175	198	198	198	233	176	94	44	233	233	198	175	176	175	44	94	233	175	176	94	233	44	190	176	114	198	233	190	114	122	190	175	176	176	114	174	122	175	138	233	138	190	233	198	138	233	44	174	174	198	176	94	114	83	233	198	174	138	176	175	198
123	10	123	123	6	5	6	65	123	123	10	65	28	15	28	15	28	6	61	61	5	61	65	23	61	64	100	100	28	50	10	123	23	64	100	35	138	44	15	28	50	123	6	138	44	15	123	65	65	23	50	65	50	203	138	151	44	100	65	123	28	61	61	123	64	65	61	10	50	61	35	79	79	203	138	151	50	28	123	79	138	44	138	138	123	143	28	123	50	65	64	100	100	44	138	123	65	50	123	10	100	35	79	79	203	203	50	10	44	123	23	50	123	79	44	44	123	197	143	79	65	50	138	123	50	10	35	203	151	50	10	203	151	44	138	100	123	138	138	138	138	123	197	143	123	138	203	65	123	123	197	151	50	10	151	50	50	50	151	203	138	123	79	44	44	65	123	197	197	197	143	123	50	203	138	44	138	138	123	65	197	203	151	50	50	10	10	151	203	138	44	123	197	138	138	143	197	197	138	50	138	44	65	203	203	151	10	50	50	10	10	151	203	203	197	143	50	123	138	123	143	197	50	138	123	123	203	203	203	10	50	50	203	138	203	197	197	143	138	138	123	197	123	197	143	50	138	203	44	138	65	151	203	203	10	50	197	197	143	143	197	143	50	203	44	151	203	10	151	203	197	143	50	197	143	197	50	203	151	138	197	197	197	143	203	197	203	197	197	143	197	203	197	203	197	203	151	197
124	10	124	124	4	5	6	125	184	124	10	153	12	13	12	15	16	17	18	19	20	21	125	23	24	70	71	72	28	29	30	97	32	35	79	35	36	37	15	28	40	222	42	54	44	13	124	153	209	49	50	185	29	97	54	125	56	119	30	184	16	61	62	208	35	10	66	10	50	69	70	71	72	124	74	153	76	77	216	79	36	37	74	83	29	30	77	230	88	185	70	71	72	56	94	29	30	97	97	30	79	70	71	72	124	184	106	107	108	40	110	40	222	79	114	133	88	29	10	119	209	88	94	50	124	125	35	97	125	106	130	184	185	133	134	119	262	137	138	160	140	106	88	10	208	137	222	10	50	76	40	10	124	153	153	76	156	156	209	216	160	216	119	108	164	130	88	106	50	29	30	230	172	222	83	44	138	177	106	107	40	40	30	97	184	185	107	209	208	189	114	40	124	134	189	130	76	50	198	172	177	201	130	50	29	30	125	184	208	209	130	185	208	230	97	153	216	262	218	172	107	76	222	140	76	156	76	88	29	153	230	208	216	198	230	88	97	125	238	239	172	172	156	106	107	222	238	262	164	218	107	107	106	88	185	230	124	222	125	209	156	130	262	262	201	130	106	209	10	50	184	153	216	208	185	156	262	156	130	239	172	184	262	185	40	216	172	230	208	209	216	172	222	76	230	156	107	262
125	10	125	125	5	5	5	125	125	125	10	125	15	15	15	15	15	5	32	32	5	32	125	23	32	35	35	35	15	10	10	125	32	35	35	35	37	37	15	15	10	125	5	37	44	15	125	125	185	32	10	185	10	125	37	125	37	35	10	125	15	23	23	185	35	10	23	10	10	23	35	35	35	125	37	125	107	15	185	35	37	37	37	44	10	10	15	185	10	185	35	35	35	37	44	10	10	125	125	10	35	35	35	35	125	125	107	107	108	10	23	10	125	35	44	108	10	10	10	35	185	10	44	10	125	125	35	125	125	107	107	125	185	108	108	35	185	37	44	108	164	107	10	10	185	37	125	10	10	107	10	10	125	125	125	107	107	107	185	185	108	185	35	108	164	107	10	107	10	10	10	185	107	125	44	44	44	164	107	107	10	10	10	125	125	185	107	185	185	108	44	10	125	108	108	107	107	10	44	107	164	164	107	10	10	10	125	125	185	185	107	185	185	185	125	125	185	185	164	107	107	107	125	164	107	107	107	10	10	125	185	185	185	44	185	10	125	125	108	164	107	107	107	107	107	125	108	185	164	164	107	107	107	10	185	185	125	125	125	185	107	107	185	185	164	107	107	185	10	10	125	125	185	185	185	107	185	107	107	164	107	125	185	185	10	185	107	185	185	185	185	107	125	107	185	107	107	185
126	35	126	126	5	5	5	126	126	126	35	126	15	15	38	15	15	5	5	5	5	5	35	5	5	126	126	126	15	35	35	126	5	126	126	35	15	15	38	38	35	126	5	38	15	38	35	35	126	5	35	126	126	35	15	35	15	126	126	35	38	5	5	126	35	35	5	126	126	5	35	35	35	35	15	35	35	15	126	35	38	38	38	15	126	126	38	126	35	35	35	35	35	38	15	35	35	35	35	126	35	126	126	126	126	35	35	35	15	35	5	126	35	126	15	38	126	126	126	35	35	126	38	35	35	35	126	126	126	126	35	126	35	15	15	35	126	15	15	38	15	126	126	35	35	38	35	126	126	35	126	35	126	35	126	126	35	126	35	35	15	35	126	38	15	126	35	126	126	35	35	35	35	126	38	38	38	15	35	35	35	35	35	126	35	35	126	126	35	15	38	126	126	38	38	126	126	35	15	126	38	15	35	35	35	126	126	126	35	35	126	126	126	35	126	126	35	35	15	126	126	35	35	38	126	35	35	35	126	126	35	126	126	38	126	35	35	126	15	15	35	126	126	35	35	126	38	35	38	38	126	35	35	126	126	126	35	126	35	126	126	35	35	126	38	35	126	126	126	126	126	35	126	126	126	35	126	35	126	38	35	35	126	35	126	126	35	126	35	35	35	126	35	126	35	126	126	35
127	10	127	127	17	5	6	128	131	127	10	128	16	15	60	15	16	17	18	19	5	19	55	23	18	126	162	113	28	40	10	127	32	126	113	35	36	37	38	39	40	131	6	80	44	38	53	55	211	32	50	211	111	53	36	55	37	162	268	105	60	61	62	232	35	151	62	67	68	61	35	119	79	53	74	55	76	28	232	79	80	81	82	83	284	67	39	234	50	132	35	119	79	81	83	181	151	97	53	67	79	126	162	113	127	105	76	107	108	181	23	111	105	113	44	163	269	111	67	119	132	68	174	203	97	125	126	127	128	155	107	131	132	108	134	119	234	74	138	193	140	293	68	10	159	82	105	268	269	226	111	151	183	125	128	155	156	157	132	159	134	159	162	163	164	296	203	155	68	40	10	213	156	131	174	175	176	140	226	251	40	181	151	183	184	185	186	211	159	189	175	284	183	193	194	186	155	50	138	157	223	164	251	203	181	268	206	207	216	185	186	211	232	213	183	206	216	213	218	295	186	76	184	223	293	277	226	203	284	206	230	272	232	176	234	50	97	206	189	218	277	157	295	76	107	207	194	213	248	249	296	251	226	269	254	255	97	207	125	254	157	107	230	234	248	251	293	254	268	269	207	125	272	272	254	156	255	277	296	249	156	184	255	185	284	272	277	255	216	185	216	295	184	293	230	295	296	230
128	10	128	128	5	5	5	128	128	128	10	128	15	15	38	15	15	5	32	32	5	32	55	23	32	126	126	126	15	10	10	128	32	126	126	35	37	37	38	38	10	128	5	81	44	38	55	55	211	32	10	211	67	55	37	55	37	126	268	55	38	23	23	211	35	151	23	67	67	23	35	35	35	55	37	55	107	15	211	35	81	81	81	44	268	67	38	211	10	132	35	35	35	81	44	151	151	125	55	67	35	126	126	126	128	55	107	107	108	151	23	67	55	126	44	163	268	67	67	35	132	67	175	151	125	125	126	128	128	186	107	128	132	108	108	35	211	37	44	163	164	296	67	10	132	81	55	268	268	251	67	151	206	125	128	186	107	186	132	132	108	132	126	163	164	296	151	186	67	10	10	132	107	128	175	175	175	164	251	251	10	151	151	206	125	185	186	211	132	108	175	268	206	163	163	186	186	10	44	186	248	164	251	151	151	268	206	206	185	185	186	211	211	132	206	206	185	132	164	296	186	107	125	248	296	251	251	151	268	206	185	254	211	175	211	10	125	206	108	164	251	186	296	107	107	206	163	132	248	248	296	251	251	268	254	254	125	206	125	254	186	107	185	211	248	251	296	254	268	268	206	125	254	254	254	107	254	251	296	248	107	125	254	185	268	254	251	254	185	185	185	296	125	296	185	296	296	185
129	10	129	129	4	5	6	186	157	129	10	210	12	13	14	15	16	17	18	19	20	21	107	23	24	101	102	103	28	29	30	155	32	126	113	35	140	164	38	39	40	199	42	200	44	45	106	130	99	49	50	67	52	76	177	107	201	162	99	156	60	61	62	52	35	10	66	67	68	69	70	71	72	106	218	130	76	77	111	79	223	248	249	83	52	99	86	68	88	10	70	71	72	264	94	29	30	76	76	99	79	101	102	103	129	156	106	107	44	40	110	111	172	113	114	190	121	52	67	119	30	121	122	50	106	107	126	155	186	129	130	157	10	114	83	119	121	239	138	122	140	129	121	10	29	279	172	67	68	76	111	10	129	130	210	155	156	157	30	40	94	40	162	175	164	210	88	129	68	29	30	50	172	199	174	175	176	177	106	107	40	40	30	155	156	10	186	99	29	138	190	111	129	174	176	210	155	50	198	199	200	201	130	50	29	99	186	157	29	30	210	67	52	50	155	210	40	88	218	199	186	76	172	223	155	156	76	88	52	210	50	52	111	233	68	88	76	186	198	239	172	199	157	106	107	199	233	88	248	249	186	107	106	121	67	68	106	199	107	99	157	130	88	121	264	130	129	99	67	68	157	130	111	52	67	156	121	156	210	279	172	156	121	10	111	111	172	68	29	30	40	199	172	155	50	157	186	88
130	10	130	130	20	5	5	107	107	130	10	130	13	13	13	15	15	5	32	32	20	49	107	23	49	70	70	70	15	30	30	107	32	35	35	35	164	164	15	15	10	130	20	201	44	13	130	130	30	49	10	10	30	107	201	107	201	35	30	107	15	23	23	30	35	10	110	10	10	110	70	70	70	130	164	130	107	13	10	35	164	164	164	44	30	30	13	10	30	10	70	70	70	201	114	30	30	107	107	30	35	70	70	70	130	107	130	107	44	10	110	10	130	35	114	114	30	30	10	35	30	30	114	10	130	107	35	107	107	130	130	107	10	114	44	35	30	201	44	114	164	130	30	10	30	201	130	10	10	107	10	10	130	130	130	107	107	107	30	10	114	10	35	44	164	130	30	130	10	30	30	10	130	130	44	44	44	201	130	107	10	10	30	107	107	10	107	30	30	44	114	10	130	44	44	130	107	10	114	130	201	201	130	10	30	30	107	107	30	30	130	10	30	10	107	130	10	30	164	130	107	107	130	164	107	107	107	30	30	130	10	30	10	114	10	30	107	107	114	201	130	130	107	130	107	130	114	30	164	164	107	107	130	30	10	10	130	130	107	30	107	130	30	30	201	130	130	30	10	10	107	130	10	30	10	107	30	107	130	201	130	107	30	10	10	10	130	10	30	30	10	130	130	107	10	107	107	30
131	10	131	131	6	5	6	128	131	131	10	128	28	15	39	15	28	6	18	18	5	18	55	23	18	126	113	113	28	50	10	131	32	126	113	35	74	37	38	39	50	131	6	82	44	38	105	55	211	32	50	211	68	105	74	55	37	113	268	105	39	61	61	234	35	151	61	67	68	61	35	79	79	105	74	55	156	28	234	79	82	81	82	138	269	67	39	234	50	132	35	79	79	81	138	203	151	184	105	67	79	126	113	113	131	105	156	107	108	203	23	68	105	113	44	163	269	68	67	79	132	68	176	203	184	125	126	131	128	157	107	131	132	108	189	79	234	74	138	194	218	295	68	10	213	82	105	268	269	277	68	151	207	125	128	157	156	157	132	213	189	213	113	163	164	296	203	157	68	50	10	213	156	131	176	175	176	218	277	251	50	203	151	207	184	185	186	211	213	189	175	269	207	194	194	186	157	50	138	157	249	164	251	203	203	268	206	207	230	185	186	211	234	213	207	206	230	213	218	295	186	156	184	249	295	277	277	203	269	206	230	255	234	176	234	50	184	206	189	218	277	157	295	156	107	207	194	213	248	249	296	251	277	269	254	255	184	207	125	254	157	107	230	234	248	251	295	254	268	269	207	125	255	255	254	156	255	277	296	249	156	184	255	185	269	255	277	255	230	185	230	295	184	295	230	295	296	230
132	10	132	132	5	5	5	132	132	132	10	132	15	15	15	15	15	5	23	23	5	23	132	23	23	35	35	35	15	10	10	132	23	35	35	35	108	108	15	15	10	132	5	108	44	15	132	132	132	23	10	132	10	132	108	132	108	35	151	132	15	23	23	132	35	151	23	10	10	23	35	35	35	132	108	132	10	15	132	35	108	108	108	44	151	10	15	132	10	132	35	35	35	108	44	151	151	185	132	10	35	35	35	35	132	132	10	10	108	151	23	10	132	35	44	108	151	10	10	35	132	10	44	151	185	185	35	132	132	10	10	132	132	108	108	35	132	108	44	108	44	151	10	10	132	108	132	151	151	151	10	151	185	185	132	10	10	10	132	132	108	132	35	108	44	151	151	10	10	10	10	132	10	132	44	44	44	44	151	151	10	151	151	185	185	185	10	132	132	108	44	151	185	108	108	10	10	10	44	10	44	44	151	151	151	151	185	185	185	185	10	132	132	132	185	185	185	132	44	151	10	10	185	44	151	151	151	151	151	185	185	185	132	44	132	10	185	185	108	44	151	10	151	10	10	185	108	132	44	44	151	151	151	151	185	185	185	185	185	185	10	10	185	132	44	151	151	185	151	151	185	185	185	185	185	10	185	151	151	44	10	185	185	185	151	185	151	185	185	185	185	151	185	151	185	151	151	185
133	44	133	133	20	5	5	108	108	133	44	133	13	13	13	15	15	5	23	23	20	110	108	23	110	13	13	13	15	114	114	108	23	15	15	15	108	108	15	15	44	133	20	133	44	13	133	133	133	110	44	108	114	108	133	108	133	15	114	108	15	23	23	133	15	44	110	44	44	110	13	13	13	133	108	133	44	13	108	15	108	108	108	44	114	114	13	108	114	108	13	13	13	133	114	114	114	108	108	114	15	13	13	13	133	108	114	44	108	44	110	44	133	15	114	133	114	114	44	15	133	114	114	44	133	108	15	108	108	114	114	108	108	133	108	15	133	133	44	133	44	114	114	44	133	133	133	44	44	44	44	44	133	133	133	44	44	44	133	108	133	108	15	108	44	114	114	114	44	114	114	108	114	133	44	44	44	114	114	44	44	44	114	108	108	108	44	133	133	108	114	44	133	108	108	114	44	44	114	114	114	114	114	44	114	114	108	108	133	133	114	108	133	108	108	133	108	133	44	114	44	44	133	44	44	44	44	114	114	133	108	133	108	114	108	114	108	108	133	114	114	114	44	114	44	133	133	133	44	44	44	44	114	114	108	108	133	133	108	133	44	114	133	133	114	114	114	133	44	44	108	133	108	133	108	44	133	44	114	114	114	108	133	108	44	108	114	108	133	133	108	114	133	44	108	44	44	133
134	44	134	134	17	5	6	108	189	134	44	108	16	15	16	15	16	17	61	62	5	62	108	23	61	15	16	28	28	83	44	134	23	15	28	15	134	108	15	28	83	189	6	134	44	15	134	108	108	23	138	108	83	134	134	108	108	16	44	189	16	61	62	134	15	44	62	44	138	61	15	16	28	134	189	108	83	28	134	28	134	108	189	83	83	44	28	189	138	108	15	16	28	108	83	83	44	134	134	44	28	15	16	28	134	189	83	44	108	83	23	83	189	28	44	108	138	83	44	16	108	138	83	138	134	108	15	134	108	83	44	189	108	108	134	16	189	189	138	134	83	83	138	44	134	189	189	44	138	83	83	44	134	108	108	83	138	138	108	134	134	134	16	108	44	44	138	83	138	83	44	189	138	189	83	44	138	83	83	44	83	83	44	134	189	108	44	108	134	189	44	83	134	134	189	44	83	138	138	138	83	44	44	138	83	44	108	189	134	108	44	108	134	189	134	108	134	189	138	138	44	83	189	83	83	138	83	138	83	108	189	134	134	138	189	138	134	108	189	138	138	138	138	83	44	189	189	189	44	138	44	44	83	138	108	189	134	189	108	108	138	44	189	189	44	44	83	108	44	138	189	108	134	134	108	138	189	138	44	138	138	189	189	108	83	134	138	189	134	108	134	138	189	83	189	138	44	189
135	35	135	135	17	5	6	64	100	135	35	64	16	15	16	15	16	17	6	17	5	17	64	5	6	64	135	100	28	119	35	135	5	64	100	35	16	15	15	28	119	100	6	16	15	15	135	64	64	5	79	64	119	119	16	35	15	135	64	100	16	6	17	135	64	64	17	35	79	6	35	119	79	119	28	35	119	28	135	79	16	15	28	16	135	64	28	100	79	64	64	135	100	15	16	135	64	119	135	35	100	35	119	79	119	79	119	35	15	135	5	119	100	79	15	15	100	135	64	119	64	79	16	100	119	35	35	119	35	119	35	79	35	15	16	135	100	28	28	16	16	135	100	64	135	28	79	64	100	135	135	35	119	35	35	119	79	79	35	119	16	135	119	15	15	64	100	135	100	135	64	100	79	79	16	15	28	16	135	64	135	119	35	119	79	35	35	35	119	28	15	135	135	16	28	64	135	100	28	79	16	15	64	79	119	35	35	79	119	35	35	35	119	79	135	64	119	100	28	100	64	135	79	16	135	100	119	79	119	35	79	119	119	28	79	100	135	64	28	28	100	100	100	135	64	79	28	79	15	28	64	35	119	79	35	79	135	100	64	64	100	64	79	79	15	35	119	35	35	79	100	64	119	135	64	100	79	79	35	28	100	100	100	64	119	135	79	100	135	64	135	79	100	119	100	79	35	100
136	10	136	136	42	5	6	51	87	136	10	48	77	13	86	15	28	6	61	61	20	69	89	23	69	25	27	27	28	88	30	87	23	33	34	35	189	108	38	39	50	136	42	246	44	45	217	120	48	110	50	51	121	213	238	132	133	34	58	171	39	61	61	136	64	65	69	67	68	69	70	72	72	247	189	158	50	77	87	79	194	163	194	138	116	85	86	87	88	89	90	92	92	115	198	166	96	230	171	99	100	101	103	103	263	213	88	10	108	123	110	68	217	113	114	115	116	142	118	79	120	121	233	123	262	185	126	234	211	121	30	234	132	133	189	100	136	238	138	246	138	116	142	143	217	246	247	147	148	123	168	151	276	209	187	68	50	68	158	213	238	171	113	163	44	58	166	142	168	235	170	171	88	263	176	175	176	198	166	65	197	203	182	255	230	185	67	187	247	189	190	148	282	194	194	85	168	197	198	121	233	114	96	203	227	205	254	255	262	209	99	211	263	213	287	259	230	217	138	116	118	197	262	176	148	123	203	227	253	267	230	276	234	233	234	235	294	274	238	198	166	142	148	235	143	276	246	247	175	176	147	151	227	253	254	255	297	282	283	259	168	170	262	263	190	182	253	267	268	269	287	289	255	282	274	197	276	203	205	233	235	294	282	283	269	287	227	287	297	289	294	253	297	269	294	269	268	297
137	44	137	137	42	5	6	37	74	137	44	56	77	13	77	15	28	6	18	18	20	24	37	23	24	13	77	77	28	198	114	74	32	15	28	15	74	37	15	28	138	137	42	137	44	13	137	56	133	49	138	108	198	74	137	37	56	28	114	74	28	61	61	238	15	44	69	44	138	69	13	77	77	137	74	56	218	77	189	28	74	37	74	138	198	114	77	189	198	108	13	77	77	56	198	198	114	74	74	114	28	13	77	77	137	74	239	164	108	138	110	138	137	28	114	133	198	198	44	28	133	198	198	138	137	37	15	74	37	239	201	74	108	133	189	28	238	137	138	238	218	239	198	44	238	137	137	44	138	218	138	44	137	56	56	218	218	218	133	189	238	189	28	108	164	201	198	239	138	198	114	189	239	137	138	44	138	239	239	164	138	138	114	74	74	108	164	133	238	189	114	138	137	189	189	201	218	138	198	239	239	201	201	138	198	114	37	74	238	133	201	108	238	189	74	56	189	238	218	239	164	218	137	218	218	218	218	198	198	56	189	238	189	198	189	198	74	37	238	239	239	239	218	239	164	137	238	238	164	218	164	164	239	198	108	189	137	137	37	133	218	201	238	238	201	201	239	133	44	138	74	56	189	238	108	218	238	218	201	239	239	74	238	108	138	189	239	189	238	133	189	239	137	218	189	218	164	238
138	44	138	138	6	5	6	44	138	138	44	44	28	15	28	15	28	6	61	61	5	61	44	23	61	15	28	28	28	138	44	138	23	15	28	15	138	44	15	28	138	138	6	138	44	15	138	44	44	23	138	44	138	138	138	44	44	28	44	138	28	61	61	138	15	44	61	44	138	61	15	28	28	138	138	44	138	28	138	28	138	44	138	138	138	44	28	138	138	44	15	28	28	44	138	138	44	138	138	44	28	15	28	28	138	138	138	44	44	138	23	138	138	28	44	44	138	138	44	28	44	138	138	138	138	44	15	138	44	138	44	138	44	44	138	28	138	138	138	138	138	138	138	44	138	138	138	44	138	138	138	44	138	44	44	138	138	138	44	138	138	138	28	44	44	44	138	138	138	138	44	138	138	138	138	44	138	138	138	44	138	138	44	138	138	44	44	44	138	138	44	138	138	138	138	44	138	138	138	138	138	44	44	138	138	44	44	138	138	44	44	44	138	138	138	44	138	138	138	138	44	138	138	138	138	138	138	138	138	44	138	138	138	138	138	138	138	44	138	138	138	138	138	138	44	138	138	138	44	138	44	44	138	138	44	138	138	138	44	44	138	44	138	138	44	44	138	44	44	138	138	44	138	138	44	138	138	138	44	138	138	138	138	44	138	138	138	138	138	44	138	138	138	138	138	138	44	138
139	44	139	139	4	5	6	163	194	139	44	115	12	13	14	15	16	17	61	62	20	66	108	23	69	45	14	86	28	94	114	193	23	38	39	15	134	108	38	39	83	246	42	139	44	45	160	133	115	110	138	163	122	134	160	108	133	60	190	189	60	61	62	139	15	44	66	175	176	69	13	12	77	160	189	133	83	77	193	28	193	163	194	83	122	190	86	194	198	108	13	12	77	115	94	94	114	134	134	190	28	45	14	86	139	189	94	44	108	83	110	174	238	39	114	115	233	122	175	16	133	233	122	138	160	108	38	193	163	122	114	194	108	133	134	16	246	238	138	139	83	122	233	44	160	246	238	175	176	83	174	44	139	133	115	174	138	176	133	134	160	134	60	163	44	190	198	122	176	94	114	189	198	246	174	175	176	94	94	44	83	83	114	193	189	108	175	115	160	189	190	174	139	193	194	190	174	138	198	233	122	114	114	138	94	190	163	194	160	133	190	163	139	189	193	115	134	238	138	233	175	83	238	174	174	138	83	198	122	115	189	139	193	233	194	198	134	163	238	198	198	233	176	94	44	246	246	238	175	176	175	44	94	233	163	194	160	246	108	115	176	114	238	246	190	114	122	115	175	176	194	133	193	139	163	138	246	138	190	233	198	189	246	108	174	193	198	194	160	133	134	233	238	174	189	176	175	238
140	44	140	140	17	5	6	164	218	140	44	164	16	15	16	15	16	17	18	19	5	19	164	23	18	15	16	28	28	83	44	140	32	15	28	15	140	164	15	28	83	218	6	140	44	15	140	164	44	32	138	44	83	140	140	164	164	16	44	218	16	61	62	83	15	44	62	44	138	61	15	16	28	140	218	164	140	28	83	28	140	164	218	83	83	44	28	138	138	44	15	16	28	164	83	83	44	140	140	44	28	15	16	28	140	218	140	164	44	83	23	83	218	28	44	44	138	83	44	16	44	138	83	138	140	164	15	140	164	140	164	218	44	44	83	16	138	218	138	83	140	140	138	44	83	218	218	44	138	140	83	44	140	164	164	140	218	218	44	83	83	83	16	44	164	164	138	140	138	83	44	138	218	218	83	44	138	140	140	164	83	83	44	140	218	44	164	44	83	138	44	83	140	83	138	164	140	138	138	218	140	164	164	138	83	44	164	218	83	44	164	44	83	138	140	164	83	138	218	218	164	140	218	140	140	218	140	138	83	164	138	83	83	138	138	138	140	164	138	218	218	218	218	140	164	218	138	138	164	218	164	164	140	138	44	138	140	218	164	44	218	164	138	138	164	164	140	44	44	138	218	164	83	83	44	218	138	218	164	218	218	218	138	44	83	83	218	138	83	44	83	218	218	140	138	218	164	138
141	10	141	141	4	5	6	250	242	141	10	165	12	13	14	15	16	17	18	19	20	21	179	23	24	25	26	27	28	29	30	224	32	33	34	35	140	164	38	39	40	219	42	200	44	45	178	202	58	49	50	147	52	226	177	251	201	57	58	225	60	61	62	84	64	65	66	67	68	69	70	71	72	252	218	265	76	77	191	79	223	248	249	83	84	85	86	148	88	65	90	91	92	264	94	95	96	76	149	99	100	101	102	103	266	277	106	107	44	109	110	111	240	113	114	190	116	117	118	119	96	121	122	123	106	107	126	293	296	129	130	295	151	114	83	135	116	239	138	122	140	141	142	143	95	279	286	147	148	149	150	151	129	130	278	155	156	157	182	181	94	109	162	175	164	165	166	167	168	169	170	123	172	291	174	175	176	177	178	179	180	181	182	155	156	10	186	205	204	138	190	191	167	174	176	195	196	197	198	199	200	201	202	203	204	205	186	157	29	30	210	268	228	203	196	195	40	166	218	219	220	221	172	223	224	225	226	227	228	210	50	52	284	233	269	235	221	220	198	239	240	241	242	243	244	199	233	227	248	249	250	251	252	253	67	68	243	241	244	85	260	261	88	253	264	265	266	99	268	269	260	261	111	117	118	275	121	277	278	279	280	275	142	143	284	150	286	168	169	170	180	291	280	293	197	295	296	235
142	10	142	142	42	5	6	118	168	142	10	85	77	13	86	15	28	6	61	61	20	69	143	23	69	25	27	27	28	88	30	168	23	33	34	35	138	44	38	39	50	142	42	233	44	45	235	170	85	110	50	118	121	50	198	10	114	34	85	197	39	61	61	142	64	143	69	67	68	69	70	72	72	88	138	30	50	77	168	79	176	175	176	138	142	85	86	168	88	143	90	92	92	190	198	235	170	50	197	99	100	101	103	103	121	50	88	10	44	197	110	68	235	113	114	190	142	142	118	79	170	121	233	197	88	10	126	68	67	121	30	68	10	114	138	100	142	198	138	233	138	142	142	143	235	233	88	118	168	197	168	10	121	30	99	68	50	68	30	50	198	197	113	175	44	85	235	142	168	235	170	197	88	121	176	175	176	198	235	143	197	50	30	68	50	10	67	99	88	138	190	168	142	176	176	85	168	197	198	121	233	114	170	50	88	99	67	68	88	30	99	67	121	50	168	85	50	235	138	142	118	197	88	176	168	197	50	88	121	99	50	121	68	233	68	235	197	118	198	198	235	142	168	235	143	121	233	88	175	176	118	10	88	121	67	68	235	142	143	85	168	170	88	121	190	30	121	99	67	68	168	170	68	142	118	197	121	50	99	233	235	197	142	143	68	168	88	168	235	170	197	121	235	68	197	68	67	235
143	10	143	143	5	5	5	143	143	143	10	143	15	15	15	15	15	5	23	23	5	23	143	23	23	64	64	64	15	10	10	143	23	64	64	35	44	44	15	15	10	143	5	44	44	15	143	143	143	23	10	143	10	10	44	10	44	64	143	143	15	23	23	143	64	143	23	10	10	23	35	35	35	10	44	10	10	15	143	35	44	44	44	44	143	143	15	143	10	143	64	64	64	44	44	143	143	10	143	10	64	35	35	35	10	10	10	10	44	143	23	10	143	35	44	44	143	143	143	35	143	10	44	143	10	10	35	10	10	10	10	10	10	44	44	64	143	44	44	44	44	143	143	143	143	44	10	143	143	143	143	10	10	10	10	10	10	10	10	10	44	143	35	44	44	143	143	143	143	143	143	143	10	10	44	44	44	44	143	143	143	10	10	10	10	10	10	10	10	44	44	143	143	44	44	143	143	143	44	10	44	44	143	10	10	10	10	10	10	10	10	10	10	10	143	143	10	143	44	143	143	143	10	44	143	143	10	10	10	10	10	10	10	44	10	143	143	143	44	44	143	143	143	143	143	10	44	10	44	44	143	10	10	10	10	10	143	143	143	143	143	143	10	10	44	10	10	10	10	10	143	143	10	143	143	143	10	10	10	44	143	143	143	143	10	143	10	143	143	143	143	10	143	10	143	10	10	143
144	10	144	144	4	5	6	89	171	144	10	120	12	13	12	15	16	17	61	62	20	66	89	23	69	90	91	92	28	29	30	161	23	64	100	35	134	108	15	28	40	217	42	160	44	13	144	120	120	110	50	89	29	159	160	132	133	135	96	171	16	61	62	144	64	65	66	10	50	69	70	71	72	188	189	158	40	77	161	79	134	108	189	83	95	170	77	171	88	89	90	91	92	133	94	95	96	216	161	30	100	70	71	72	188	213	29	10	108	109	110	40	217	79	114	133	166	169	143	119	120	88	94	123	208	185	35	159	132	29	30	213	132	133	134	135	217	238	138	160	83	95	235	143	144	238	247	65	123	109	180	151	208	209	158	40	50	50	158	159	160	161	119	108	44	96	166	169	197	169	170	171	88	247	83	44	138	94	95	65	180	181	182	216	230	185	10	158	188	189	114	109	288	134	189	170	180	197	198	88	94	114	96	203	204	182	185	230	208	209	30	132	188	213	290	289	216	217	138	166	143	180	262	83	109	123	181	227	204	209	230	208	159	198	213	235	290	283	238	198	166	235	123	169	143	262	238	247	44	138	65	151	204	227	185	230	288	297	283	289	197	170	262	247	114	182	204	209	151	203	294	289	216	288	283	197	262	203	182	198	235	294	297	283	181	290	227	294	288	289	290	227	297	181	294	203	151	297
145	44	145	145	42	5	6	81	82	145	44	93	77	13	86	15	28	6	18	18	20	24	37	23	24	45	86	86	28	198	114	82	32	38	39	15	74	37	38	39	138	145	42	145	44	45	137	56	115	49	138	163	233	74	137	37	56	39	190	74	39	61	61	246	15	44	69	175	176	69	13	77	77	137	74	56	218	77	194	28	82	81	82	138	233	190	86	194	198	108	13	77	77	93	198	198	114	74	74	190	28	45	86	86	145	74	239	164	108	138	110	176	137	39	114	115	233	233	175	28	133	233	233	138	137	37	38	82	81	279	201	82	108	133	189	28	246	137	138	246	218	279	233	44	238	145	137	175	176	218	176	44	145	56	93	249	218	249	133	189	238	189	39	163	164	264	198	279	176	198	114	189	239	145	176	175	176	239	239	164	138	138	114	82	74	108	248	115	238	189	190	176	145	194	194	264	249	138	198	279	279	201	201	138	198	190	81	82	238	133	264	163	246	189	82	93	189	238	218	279	248	218	137	249	249	218	218	198	233	93	189	246	194	233	194	198	74	81	238	239	239	279	249	239	164	145	246	238	248	249	248	164	239	233	163	194	137	145	37	115	249	201	238	246	264	201	279	115	175	176	82	56	194	246	163	218	246	218	264	279	239	74	246	108	176	194	239	194	238	133	189	279	137	249	189	249	248	238
146	10	146	146	42	5	6	55	105	146	10	75	77	13	77	15	28	6	18	18	20	24	55	23	24	70	72	72	28	88	30	105	32	35	79	35	74	37	15	28	50	146	42	137	44	13	146	75	158	49	50	132	88	105	137	55	56	79	182	105	28	61	61	247	35	151	69	10	50	69	70	72	72	146	74	75	156	77	213	79	74	37	74	138	227	30	77	213	88	132	70	72	72	56	198	227	182	184	105	30	79	70	72	72	146	105	172	107	108	203	110	50	146	79	114	133	227	88	10	79	158	88	198	203	222	125	35	105	55	172	130	105	132	133	189	79	247	137	138	238	218	286	88	10	247	137	146	151	203	277	50	151	222	153	75	156	156	156	158	213	238	213	79	108	164	265	227	172	50	88	30	213	172	146	138	44	138	239	286	251	50	203	182	184	184	185	107	158	247	189	114	203	222	189	189	130	156	50	198	172	239	201	265	203	227	182	125	184	262	209	130	132	247	213	184	153	230	247	218	286	107	156	222	218	277	277	277	227	227	153	230	262	213	198	213	88	184	125	238	239	286	172	277	172	107	222	238	247	164	218	251	251	286	227	185	230	222	222	125	209	156	130	262	247	201	265	286	209	151	203	184	153	230	262	185	156	262	277	265	239	172	184	262	185	203	230	286	230	262	209	230	286	222	277	230	277	251	262
147	10	147	147	5	5	5	147	147	147	10	147	15	15	38	15	15	5	23	23	5	23	65	23	23	33	33	33	15	10	10	147	23	33	33	35	44	44	38	38	10	147	5	175	44	38	65	65	147	23	10	147	67	151	44	151	44	33	147	65	38	23	23	147	64	65	23	67	67	23	35	35	35	151	44	151	10	15	147	35	175	175	175	44	147	118	38	147	10	65	64	64	64	175	44	65	65	10	65	67	64	126	126	126	268	151	10	10	44	65	23	67	65	126	44	175	147	118	118	35	65	67	175	65	10	10	126	268	268	67	10	268	151	44	44	64	147	44	44	175	44	147	118	143	65	175	151	147	147	65	118	151	67	10	268	67	10	67	151	151	44	65	126	175	44	147	65	118	118	143	143	65	10	268	175	175	175	44	65	65	143	151	151	67	10	10	67	268	151	44	175	147	118	175	175	118	118	143	44	67	175	44	65	151	151	268	67	67	10	10	67	268	268	151	118	118	10	65	44	147	118	143	10	175	147	65	151	151	268	67	10	67	268	175	268	143	143	118	44	44	65	118	147	143	143	67	175	151	175	175	147	151	151	268	67	67	143	118	143	118	118	143	10	268	175	151	268	67	268	268	118	143	67	118	118	143	67	151	268	175	143	143	118	143	268	118	151	118	143	143	143	268	143	268	143	268	268	143
148	10	148	148	6	5	6	147	148	148	10	147	28	15	39	15	28	6	61	61	5	61	65	23	61	33	34	34	28	50	10	148	23	33	34	35	138	44	38	39	50	148	6	176	44	38	123	65	147	23	50	147	68	203	138	151	44	34	147	123	39	61	61	148	64	65	61	67	68	61	35	79	79	203	138	151	50	28	148	79	176	175	176	138	148	118	39	148	50	65	64	100	100	175	138	123	65	50	123	67	100	126	113	113	269	203	50	10	44	123	23	68	123	113	44	175	148	168	118	79	65	68	176	123	50	10	126	269	268	68	10	269	151	44	138	100	148	138	138	176	138	148	168	143	123	176	203	147	148	123	168	151	68	10	268	68	50	68	151	203	138	123	113	175	44	147	123	168	168	197	143	123	50	269	176	175	176	138	123	65	197	203	151	68	50	10	67	268	203	138	175	148	168	176	176	118	168	197	138	68	176	44	65	203	203	268	67	68	50	10	67	268	269	203	168	118	50	123	138	148	118	197	50	176	148	123	203	203	269	67	50	68	269	176	269	197	197	118	138	138	123	168	148	197	143	68	176	203	175	176	147	151	203	269	67	68	197	168	143	118	168	143	50	269	175	151	269	67	268	269	168	143	68	168	118	197	68	203	268	176	197	197	168	143	269	168	203	168	197	143	197	269	197	269	197	269	268	197
149	10	149	149	17	5	6	179	225	149	10	179	16	15	16	15	16	17	18	19	5	19	179	23	18	64	135	100	28	40	10	149	32	64	100	35	140	164	15	28	40	225	6	140	44	15	149	179	65	32	50	65	40	226	140	251	164	135	65	225	16	61	62	109	64	65	62	10	50	61	35	119	79	226	218	251	76	28	109	79	140	164	218	83	109	143	28	123	50	65	64	135	100	164	83	109	65	76	149	10	100	35	119	79	226	277	76	107	44	109	23	40	225	79	44	44	123	180	143	119	65	50	83	123	76	107	35	226	251	76	107	277	151	44	83	135	123	218	138	83	140	149	197	143	109	218	277	65	123	149	180	151	76	107	251	76	156	156	151	181	83	109	119	44	164	179	123	221	197	180	143	123	156	277	83	44	138	140	149	179	180	181	151	76	156	10	107	151	181	138	44	109	221	83	138	244	221	197	138	156	140	164	179	203	181	151	107	156	40	10	107	151	181	203	221	244	40	123	218	225	244	221	156	140	149	225	226	203	181	107	50	40	181	138	203	197	221	244	138	218	225	275	225	221	244	156	138	203	164	218	179	251	226	203	10	50	221	275	244	143	275	244	50	203	164	251	226	10	151	203	275	244	40	180	143	275	50	277	251	218	275	275	197	143	181	180	277	197	180	143	180	277	275	226	197	277	251	197
150	10	150	150	17	5	6	118	168	150	10	118	16	15	60	15	16	17	61	62	5	62	143	23	61	33	57	34	28	40	10	150	23	33	34	35	83	44	38	39	40	168	6	174	44	38	180	143	118	23	50	118	111	40	83	10	44	57	118	197	60	61	62	150	64	143	62	67	68	61	35	119	79	40	138	10	40	28	150	79	174	175	176	83	150	118	39	168	50	143	64	135	100	175	83	180	143	40	180	67	100	126	162	113	111	50	40	10	44	180	23	111	197	113	44	175	168	150	118	119	143	68	174	197	40	10	126	111	67	111	10	68	10	44	83	135	168	138	138	174	83	150	168	143	180	176	50	118	168	180	150	10	111	10	67	111	50	68	10	40	83	180	162	175	44	118	197	150	168	180	143	197	50	68	174	175	176	83	180	143	180	40	10	111	50	10	67	67	40	138	175	150	150	174	176	118	150	197	138	68	174	44	143	50	40	67	67	68	40	10	67	67	111	50	150	118	40	197	138	168	118	180	50	174	150	197	40	50	111	67	50	111	111	176	68	197	180	118	138	138	197	168	168	180	143	68	176	50	175	176	118	10	40	68	67	68	180	168	143	118	168	143	50	68	175	10	111	67	67	68	168	143	111	150	118	197	68	50	67	176	197	197	168	143	111	150	50	168	180	143	180	68	197	111	197	68	67	197
151	10	151	151	5	5	5	151	151	151	10	151	15	15	15	15	15	5	23	23	5	23	151	23	23	35	35	35	15	10	10	151	23	35	35	35	44	44	15	15	10	151	5	44	44	15	151	151	151	23	10	151	10	151	44	151	44	35	151	151	15	23	23	151	35	151	23	10	10	23	35	35	35	151	44	151	10	15	151	35	44	44	44	44	151	10	15	151	10	151	35	35	35	44	44	151	151	10	151	10	35	35	35	35	151	151	10	10	44	151	23	10	151	35	44	44	151	10	10	35	151	10	44	151	10	10	35	151	151	10	10	151	151	44	44	35	151	44	44	44	44	151	10	10	151	44	151	151	151	151	10	151	10	10	151	10	10	10	151	151	44	151	35	44	44	151	151	10	10	10	10	151	10	151	44	44	44	44	151	151	10	151	151	10	10	10	10	151	151	44	44	151	10	44	44	10	10	10	44	10	44	44	151	151	151	151	10	10	10	10	10	151	151	151	10	10	10	151	44	151	10	10	10	44	151	151	151	151	151	10	10	10	151	44	151	10	10	10	44	44	151	10	151	10	10	10	44	151	44	44	151	151	151	151	10	10	10	10	10	10	10	10	10	151	44	151	151	10	151	151	10	10	10	10	10	10	10	151	151	44	10	10	10	10	151	10	151	10	10	10	10	151	10	151	10	151	151	10
152	10	152	152	4	5	6	206	207	152	10	229	12	13	14	15	16	17	18	19	20	21	125	23	24	101	102	103	28	29	30	183	32	126	113	35	36	37	38	39	40	245	42	43	44	45	124	153	267	49	50	254	52	97	54	125	56	162	99	184	60	61	62	231	35	10	66	67	68	69	70	71	72	124	74	153	76	77	272	79	80	81	82	83	52	99	86	255	88	185	70	71	72	93	94	29	30	97	97	99	79	101	102	103	152	184	106	107	108	40	110	111	222	113	114	115	121	52	67	119	209	121	122	50	124	125	126	183	206	129	130	207	185	133	134	119	276	137	138	139	140	129	121	10	208	145	222	67	68	76	111	10	152	153	229	155	156	157	209	216	160	216	162	163	164	210	88	129	68	29	30	230	172	245	174	175	176	177	106	107	40	40	30	183	184	185	186	267	208	189	190	111	152	193	194	210	155	50	198	199	200	201	130	50	29	99	206	207	208	209	210	254	231	230	183	229	216	262	218	199	186	76	222	223	155	156	76	88	52	229	230	231	272	233	255	88	97	206	238	239	172	199	157	106	107	245	246	262	248	249	186	107	106	121	254	255	124	245	125	267	157	130	262	276	264	130	129	267	67	68	207	153	272	231	254	156	276	156	210	279	172	184	276	185	111	272	172	255	208	209	216	199	222	155	230	157	186	262
153	10	153	153	20	5	5	125	125	153	10	153	13	13	13	15	15	5	32	32	20	49	125	23	49	70	70	70	15	30	30	125	32	35	35	35	37	37	15	15	10	153	20	56	44	13	153	153	209	49	10	185	30	125	56	125	56	35	30	125	15	23	23	209	35	10	110	10	10	110	70	70	70	153	37	153	107	13	185	35	37	37	37	44	30	30	13	185	30	185	70	70	70	56	114	30	30	125	125	30	35	70	70	70	153	125	130	107	108	10	110	10	153	35	114	133	30	30	10	35	209	30	114	10	153	125	35	125	125	130	130	125	185	133	108	35	209	56	44	133	164	130	30	10	209	56	153	10	10	107	10	10	153	153	153	107	107	107	209	185	133	185	35	108	164	130	30	130	10	30	30	185	130	153	44	44	44	201	130	107	10	10	30	125	125	185	107	209	209	108	114	10	153	108	108	130	107	10	114	130	201	201	130	10	30	30	125	125	209	209	130	185	209	185	125	153	185	209	164	130	107	107	153	164	107	107	107	30	30	153	185	209	185	114	185	30	125	125	133	201	130	130	107	130	107	153	133	209	164	164	107	107	130	30	185	185	153	153	125	209	107	130	209	209	201	130	130	209	10	10	125	153	185	209	185	107	209	107	130	201	130	125	209	185	10	185	130	185	209	209	185	130	153	107	185	107	107	209
154	10	154	154	20	5	5	128	128	154	10	154	13	13	45	15	15	5	32	32	20	49	55	23	49	101	101	101	15	30	30	128	32	126	126	35	37	37	38	38	10	154	20	93	44	45	75	75	187	49	10	211	99	55	56	55	56	126	205	55	38	23	23	187	35	151	110	67	67	110	70	70	70	75	37	75	107	13	211	35	81	81	81	44	205	99	45	211	30	132	70	70	70	93	114	182	182	125	55	99	35	101	101	101	154	55	130	107	108	151	110	67	75	126	114	115	205	99	67	35	158	99	190	151	153	125	126	128	128	210	130	128	132	133	108	35	187	56	44	115	164	278	99	10	158	93	75	268	268	251	67	151	229	153	154	186	107	186	158	132	133	132	126	163	164	278	182	210	67	30	30	132	130	154	175	175	175	201	265	251	10	151	182	206	125	185	186	187	158	108	190	268	229	163	163	210	186	10	114	210	264	201	265	151	182	205	206	206	209	209	210	211	187	132	206	229	185	158	164	278	186	107	153	248	296	251	251	182	205	229	185	267	211	190	211	30	125	206	133	201	265	210	296	130	107	229	115	158	248	248	296	251	265	205	254	254	153	229	125	267	186	130	209	187	264	265	278	267	268	268	206	153	254	267	254	107	267	251	278	264	130	125	267	185	268	254	265	254	209	209	185	278	153	296	185	296	296	209
155	10	155	155	17	5	6	186	157	155	10	186	16	15	60	15	16	17	18	19	5	19	107	23	18	126	162	113	28	40	10	155	32	126	113	35	140	164	38	39	40	157	6	223	44	38	76	107	67	32	50	67	111	76	140	107	164	162	67	156	60	61	62	111	35	10	62	67	68	61	35	119	79	76	218	107	76	28	111	79	223	248	249	83	111	67	39	68	50	10	35	119	79	248	83	40	10	76	76	67	79	126	162	113	155	156	76	107	44	40	23	111	156	113	44	175	68	111	67	119	10	68	174	50	76	107	126	155	186	155	107	157	10	44	83	119	68	218	138	174	140	155	68	10	40	249	156	67	68	76	111	10	155	107	186	155	156	157	10	40	83	40	162	175	164	186	50	155	68	40	10	50	156	157	174	175	176	140	76	107	40	40	10	155	156	10	186	67	40	138	175	111	155	174	176	186	155	50	138	157	223	164	107	50	40	67	186	157	40	10	186	67	111	50	155	186	40	50	218	157	186	76	156	223	155	156	76	50	111	186	50	111	111	176	68	50	76	186	138	218	156	157	157	76	107	157	176	50	248	249	186	107	76	68	67	68	76	157	107	67	157	107	50	68	248	107	155	67	67	68	157	107	111	111	67	156	68	156	186	249	156	156	68	10	111	111	156	68	40	10	40	157	156	155	50	157	186	50
156	10	156	156	6	5	6	107	156	156	10	107	28	15	28	15	28	6	18	18	5	18	107	23	18	35	79	79	28	50	10	156	32	35	79	35	218	164	15	28	50	156	6	218	44	15	156	107	10	32	50	10	50	156	218	107	164	79	10	156	28	61	61	50	35	10	61	10	50	61	35	79	79	156	218	107	156	28	50	79	218	164	218	138	50	10	28	50	50	10	35	79	79	164	138	50	10	156	156	10	79	35	79	79	156	156	156	107	44	50	23	50	156	79	44	44	50	50	10	79	10	50	138	50	156	107	35	156	107	156	107	156	10	44	138	79	50	218	138	138	218	156	50	10	50	218	156	10	50	156	50	10	156	107	107	156	156	156	10	50	138	50	79	44	164	107	50	156	50	50	10	50	156	156	138	44	138	218	156	107	50	50	10	156	156	10	107	10	50	138	44	50	156	138	138	107	156	50	138	156	218	164	107	50	50	10	107	156	50	10	107	10	50	50	156	107	50	50	218	156	107	156	156	218	156	156	156	50	50	107	50	50	50	138	50	50	156	107	138	218	156	156	156	156	107	156	138	50	164	218	107	107	156	50	10	50	156	156	107	10	156	107	50	50	164	107	156	10	10	50	156	107	50	50	10	156	50	156	107	218	156	156	50	10	50	50	156	50	50	10	50	156	156	156	50	156	107	50
157	10	157	157	6	5	6	186	157	157	10	186	28	15	39	15	28	6	18	18	5	18	107	23	18	126	113	113	28	50	10	157	32	126	113	35	218	164	38	39	50	157	6	249	44	38	156	107	67	32	50	67	68	156	218	107	164	113	67	156	39	61	61	68	35	10	61	67	68	61	35	79	79	156	218	107	156	28	68	79	249	248	249	138	68	67	39	68	50	10	35	79	79	248	138	50	10	156	156	67	79	126	113	113	157	156	156	107	44	50	23	68	156	113	44	175	68	68	67	79	10	68	176	50	156	107	126	157	186	157	107	157	10	44	138	79	68	218	138	176	218	157	68	10	50	249	156	67	68	156	68	10	157	107	186	157	156	157	10	50	138	50	113	175	164	186	50	157	68	50	10	50	156	157	176	175	176	218	156	107	50	50	10	157	156	10	186	67	50	138	175	68	157	176	176	186	157	50	138	157	249	164	107	50	50	67	186	157	50	10	186	67	68	50	157	186	50	50	218	157	186	156	156	249	157	156	156	50	68	186	50	68	68	176	68	50	156	186	138	218	156	157	157	156	107	157	176	50	248	249	186	107	156	68	67	68	156	157	107	67	157	107	50	68	248	107	157	67	67	68	157	107	68	68	67	156	68	156	186	249	156	156	68	10	68	68	156	68	50	10	50	157	156	157	50	157	186	50
158	10	158	158	20	5	5	132	132	158	10	158	13	13	13	15	15	5	23	23	20	110	132	23	110	70	70	70	15	30	30	132	23	35	35	35	108	108	15	15	10	158	20	133	44	13	158	158	158	110	10	132	30	132	133	132	133	35	182	132	15	23	23	158	35	151	110	10	10	110	70	70	70	158	108	158	10	13	132	35	108	108	108	44	182	30	13	132	30	132	70	70	70	133	114	182	182	185	132	30	35	70	70	70	158	132	30	10	108	151	110	10	158	35	114	133	182	30	10	35	158	30	114	151	209	185	35	132	132	30	30	132	132	133	108	35	158	133	44	133	44	182	30	10	158	133	158	151	151	151	10	151	209	209	158	10	10	10	158	132	133	132	35	108	44	182	182	30	10	30	30	132	30	158	44	44	44	114	182	151	10	151	182	185	185	185	10	158	158	108	114	151	209	108	108	30	10	10	114	30	114	114	182	151	182	182	185	185	209	209	30	132	158	132	185	209	185	158	44	182	10	10	209	44	151	151	151	182	182	209	185	209	132	114	132	30	185	185	133	114	182	30	151	30	10	209	133	158	44	44	151	151	182	182	185	185	209	209	185	209	10	30	209	158	114	182	182	209	151	151	185	209	185	209	185	10	209	151	182	114	30	185	209	185	151	185	182	185	209	209	185	182	209	151	185	151	151	209
159	10	159	159	17	5	6	132	213	159	10	132	16	15	16	15	16	17	61	62	5	62	132	23	61	35	119	79	28	40	10	159	23	35	79	35	134	108	15	28	40	213	6	134	44	15	159	132	132	23	50	132	40	159	134	132	108	119	151	213	16	61	62	159	35	151	62	10	50	61	35	119	79	159	189	132	40	28	159	79	134	108	189	83	181	10	28	213	50	132	35	119	79	108	83	181	151	216	159	10	79	35	119	79	159	213	40	10	108	181	23	40	213	79	44	108	203	40	10	119	132	50	83	203	216	185	35	159	132	40	10	213	132	108	134	119	213	189	138	134	83	181	50	10	159	189	213	151	203	181	40	151	216	185	132	40	50	50	132	159	134	159	119	108	44	151	203	40	50	40	10	213	50	213	83	44	138	83	181	151	40	181	151	216	230	185	10	132	159	189	44	181	216	134	189	10	40	50	138	50	83	44	151	203	181	151	185	230	216	185	10	132	159	213	216	185	216	213	138	203	10	40	230	83	181	203	181	203	181	185	230	216	159	138	213	50	216	185	189	138	203	50	203	40	10	230	189	213	44	138	151	151	181	203	185	230	216	230	185	185	50	10	230	213	44	151	181	185	151	203	230	185	216	216	185	50	230	203	151	138	50	230	230	185	181	216	203	230	216	185	216	203	230	181	230	203	151	230
160	44	160	160	4	5	6	108	189	160	44	133	12	13	12	15	16	17	61	62	20	66	108	23	69	13	12	77	28	94	114	134	23	15	28	15	134	108	15	28	83	238	42	160	44	13	160	133	133	110	138	108	94	134	160	108	133	16	114	189	16	61	62	160	15	44	66	44	138	69	13	12	77	160	189	133	83	77	134	28	134	108	189	83	94	114	77	189	198	108	13	12	77	133	94	94	114	134	134	114	28	13	12	77	160	189	94	44	108	83	110	83	238	28	114	133	198	94	44	16	133	198	94	138	160	108	15	134	108	94	114	189	108	133	134	16	238	238	138	160	83	94	198	44	160	238	238	44	138	83	83	44	160	133	133	83	138	138	133	134	160	134	16	108	44	114	198	94	138	94	114	189	198	238	83	44	138	94	94	44	83	83	114	134	189	108	44	133	160	189	114	83	160	134	189	114	83	138	198	198	94	114	114	138	94	114	108	189	160	133	114	108	160	189	134	133	134	238	138	198	44	83	238	83	83	138	83	198	94	133	189	160	134	198	189	198	134	108	238	198	198	198	138	94	44	238	238	238	44	138	44	44	94	198	108	189	160	238	108	133	138	114	238	238	114	114	94	133	44	138	189	133	134	160	108	138	238	138	114	198	198	189	238	108	83	134	198	189	160	133	134	198	238	83	189	138	44	238
161	10	161	161	17	5	6	89	171	161	10	89	16	15	16	15	16	17	61	62	5	62	89	23	61	64	135	100	28	40	10	161	23	64	100	35	134	108	15	28	40	171	6	134	44	15	161	89	89	23	50	89	40	159	134	132	108	135	65	171	16	61	62	161	64	65	62	10	50	61	35	119	79	159	189	132	40	28	161	79	134	108	189	83	109	143	28	171	50	89	64	135	100	108	83	109	65	216	161	10	100	35	119	79	159	213	40	10	108	109	23	40	171	79	44	108	123	180	143	119	89	50	83	123	216	185	35	159	132	40	10	213	132	108	134	135	171	189	138	134	83	109	197	143	161	189	213	65	123	109	180	151	216	185	132	40	50	50	132	159	134	161	119	108	44	65	123	180	197	180	143	171	50	213	83	44	138	83	109	65	180	181	151	216	230	185	10	132	159	189	44	109	290	134	189	143	180	197	138	50	83	44	65	203	181	151	185	230	216	185	10	132	159	213	290	283	216	171	138	123	143	180	230	83	109	123	181	203	181	185	230	216	159	138	213	197	290	283	189	138	123	197	123	180	143	230	189	213	44	138	65	151	181	203	185	230	290	294	283	283	197	143	230	213	44	151	181	185	151	203	294	283	216	290	283	197	230	203	151	138	197	294	294	283	181	290	203	294	290	283	290	203	294	181	294	203	151	294
162	35	162	162	17	5	6	126	113	162	35	126	16	15	60	15	16	17	6	17	5	17	35	5	6	126	162	113	28	119	35	162	5	126	113	35	16	15	38	39	119	113	6	60	15	38	119	35	126	5	79	126	162	119	16	35	15	162	126	79	60	6	17	162	35	35	17	126	113	6	35	119	79	119	28	35	119	28	162	79	60	38	39	16	162	126	39	113	79	35	35	119	79	38	16	119	35	119	119	126	79	126	162	113	162	79	119	35	15	119	5	162	79	113	15	38	113	162	126	119	35	113	60	79	119	35	126	162	126	162	35	113	35	15	16	119	113	28	28	60	16	162	113	35	119	39	79	126	113	119	162	35	162	35	126	162	79	113	35	119	16	119	162	38	15	126	79	162	113	119	35	79	79	113	60	38	39	16	119	35	119	119	35	162	79	35	126	126	119	28	38	162	162	60	39	126	162	79	28	113	60	15	35	79	119	126	126	113	119	35	126	126	162	79	162	126	119	79	28	113	126	119	79	60	162	79	119	79	162	126	79	162	162	39	113	79	119	126	28	28	79	113	113	119	35	113	39	79	38	39	126	35	119	113	126	113	119	113	35	126	113	35	79	113	38	35	162	126	126	113	113	35	162	162	126	79	113	79	126	39	79	79	113	35	162	162	79	113	119	35	119	113	79	162	79	113	126	79
163	44	163	163	5	5	5	163	163	163	44	163	15	15	38	15	15	5	23	23	5	23	108	23	23	38	38	38	15	44	44	163	23	38	38	15	108	108	38	38	44	163	5	163	44	38	108	108	163	23	44	163	175	108	108	108	108	38	175	108	38	23	23	163	15	44	23	175	175	23	15	15	15	108	108	108	44	15	163	15	163	163	163	44	175	175	38	163	44	108	15	15	15	163	44	44	44	108	108	175	15	38	38	38	163	108	44	44	108	44	23	175	108	38	44	163	175	175	175	15	108	175	175	44	108	108	38	163	163	175	44	163	108	108	108	15	163	108	44	163	44	175	175	44	108	163	108	175	175	44	175	44	163	108	163	175	44	175	108	108	108	108	38	163	44	175	44	175	175	44	44	108	44	163	175	175	175	44	44	44	44	44	44	163	108	108	175	163	108	108	175	175	163	163	163	175	175	44	44	175	175	44	44	44	44	175	163	163	108	108	175	163	163	108	163	163	108	108	44	175	175	44	108	175	175	44	44	44	175	163	108	163	163	175	163	44	108	163	108	44	44	175	175	44	44	163	163	108	175	175	175	44	44	175	163	163	108	163	108	163	175	44	108	163	175	44	175	163	175	175	163	108	163	163	163	44	163	44	175	175	44	108	163	108	175	163	44	163	108	108	108	175	108	175	108	175	175	108
164	44	164	164	5	5	5	164	164	164	44	164	15	15	15	15	15	5	32	32	5	32	164	23	32	15	15	15	15	44	44	164	32	15	15	15	164	164	15	15	44	164	5	164	44	15	164	164	44	32	44	44	44	164	164	164	164	15	44	164	15	23	23	44	15	44	23	44	44	23	15	15	15	164	164	164	164	15	44	15	164	164	164	44	44	44	15	44	44	44	15	15	15	164	44	44	44	164	164	44	15	15	15	15	164	164	164	164	44	44	23	44	164	15	44	44	44	44	44	15	44	44	44	44	164	164	15	164	164	164	164	164	44	44	44	15	44	164	44	44	164	164	44	44	44	164	164	44	44	164	44	44	164	164	164	164	164	164	44	44	44	44	15	44	164	164	44	164	44	44	44	44	164	164	44	44	44	164	164	164	44	44	44	164	164	44	164	44	44	44	44	44	164	44	44	164	164	44	44	164	164	164	164	44	44	44	164	164	44	44	164	44	44	44	164	164	44	44	164	164	164	164	164	164	164	164	164	44	44	164	44	44	44	44	44	44	164	164	44	164	164	164	164	164	164	164	44	44	164	164	164	164	164	44	44	44	164	164	164	44	164	164	44	44	164	164	164	44	44	44	164	164	44	44	44	164	44	164	164	164	164	164	44	44	44	44	164	44	44	44	44	164	164	164	44	164	164	44
165	10	165	165	20	5	5	250	250	165	10	165	13	13	45	15	15	5	32	32	20	49	179	23	49	25	25	25	15	30	30	250	32	33	33	35	164	164	38	38	10	165	20	264	44	45	202	202	58	49	10	147	99	251	201	251	201	33	58	179	38	23	23	58	64	65	110	67	67	110	70	70	70	265	164	265	107	13	147	35	248	248	248	44	58	85	45	147	30	65	90	90	90	264	114	96	96	107	179	99	64	101	101	101	278	251	130	107	44	65	110	67	202	126	114	190	58	85	118	35	96	99	190	65	130	107	126	296	296	210	130	296	151	114	44	64	58	201	44	190	164	165	85	143	96	264	265	147	147	179	118	151	210	130	278	186	107	186	182	151	114	65	126	175	164	165	96	195	118	170	170	65	130	278	175	175	175	201	202	179	143	151	182	186	107	10	186	205	182	44	190	147	195	175	175	195	220	143	114	210	264	201	202	151	182	205	186	186	30	30	210	268	205	151	220	195	10	96	164	165	220	244	130	248	250	179	251	182	205	210	10	99	268	190	268	170	244	220	114	201	202	195	250	261	244	210	190	182	248	248	250	251	265	205	67	67	261	195	244	85	220	261	30	205	264	265	278	99	268	268	220	261	67	85	118	244	99	251	278	264	261	244	85	143	268	118	265	118	170	170	143	278	261	296	143	296	296	170
166	10	166	166	42	5	6	65	123	166	10	96	77	13	77	15	28	6	61	61	20	69	65	23	69	90	92	92	28	88	30	123	23	64	100	35	138	44	15	28	50	166	42	198	44	13	166	96	96	110	50	65	88	203	198	151	114	100	96	123	28	61	61	166	64	65	69	10	50	69	70	72	72	227	138	182	50	77	123	79	138	44	138	138	166	170	77	123	88	65	90	92	92	114	198	166	96	50	123	30	100	70	72	72	227	203	88	10	44	123	110	50	166	79	114	114	166	235	143	79	96	88	198	123	88	10	35	203	151	88	30	203	151	114	138	100	166	198	138	198	138	166	235	143	166	198	227	65	123	123	197	151	88	30	182	50	50	50	182	203	198	123	79	44	44	96	166	235	197	235	170	123	88	227	138	44	138	198	166	65	197	203	182	50	50	10	10	182	227	138	114	123	235	138	138	170	197	197	198	88	198	114	96	203	227	182	10	50	88	30	30	151	227	203	197	170	50	166	138	166	143	197	88	138	123	123	203	227	227	30	50	88	203	198	203	235	197	143	198	198	166	235	123	235	143	88	198	227	44	138	65	151	227	227	10	50	235	235	143	170	197	170	88	227	114	182	227	30	151	203	197	170	50	235	143	197	88	203	182	198	235	197	235	143	203	197	227	197	235	170	197	227	235	203	197	203	151	235
167	10	167	167	4	5	6	220	260	167	10	195	12	13	14	15	16	17	18	19	20	21	244	23	24	25	26	27	28	29	30	196	32	33	34	35	140	164	38	39	40	241	42	200	44	45	243	261	85	49	50	118	52	76	177	107	201	57	85	275	60	61	62	117	64	143	66	67	68	69	70	71	72	106	218	130	76	77	150	79	223	248	249	83	117	85	86	168	88	143	90	91	92	264	94	169	170	76	221	99	100	101	102	103	129	156	106	107	44	180	110	111	280	113	114	190	142	117	118	119	170	121	122	197	106	107	126	155	186	129	130	157	10	114	83	135	142	239	138	122	140	167	142	143	169	279	172	118	168	221	150	10	129	130	210	155	156	157	30	40	94	180	162	175	164	195	235	167	168	169	170	197	172	199	174	175	176	177	243	244	180	40	30	155	156	10	186	99	29	138	190	150	167	174	176	195	196	197	198	199	200	201	261	50	29	99	186	157	29	30	210	67	52	50	196	195	40	235	218	241	220	221	172	223	196	275	76	88	52	210	50	52	111	233	68	235	221	220	198	239	280	241	260	243	244	199	233	88	248	249	220	107	106	121	67	68	243	241	244	85	260	261	88	121	264	130	129	99	67	68	260	261	111	117	118	275	121	156	210	279	280	275	142	143	111	150	172	168	169	170	180	199	280	155	197	157	186	235
168	10	168	168	6	5	6	118	168	168	10	118	28	15	39	15	28	6	61	61	5	61	143	23	61	33	34	34	28	50	10	168	23	33	34	35	138	44	38	39	50	168	6	176	44	38	197	143	118	23	50	118	68	50	138	10	44	34	118	197	39	61	61	168	64	143	61	67	68	61	35	79	79	50	138	10	50	28	168	79	176	175	176	138	168	118	39	168	50	143	64	100	100	175	138	197	143	50	197	67	100	126	113	113	68	50	50	10	44	197	23	68	197	113	44	175	168	168	118	79	143	68	176	197	50	10	126	68	67	68	10	68	10	44	138	100	168	138	138	176	138	168	168	143	197	176	50	118	168	197	168	10	68	10	67	68	50	68	10	50	138	197	113	175	44	118	197	168	168	197	143	197	50	68	176	175	176	138	197	143	197	50	10	68	50	10	67	67	50	138	175	168	168	176	176	118	168	197	138	68	176	44	143	50	50	67	67	68	50	10	67	67	68	50	168	118	50	197	138	168	118	197	50	176	168	197	50	50	68	67	50	68	68	176	68	197	197	118	138	138	197	168	168	197	143	68	176	50	175	176	118	10	50	68	67	68	197	168	143	118	168	143	50	68	175	10	68	67	67	68	168	143	68	168	118	197	68	50	67	176	197	197	168	143	68	168	50	168	197	143	197	68	197	68	197	68	67	197
169	10	169	169	4	5	6	143	197	169	10	170	12	13	12	15	16	17	61	62	20	66	143	23	69	90	91	92	28	29	30	180	23	64	100	35	83	44	15	28	40	235	42	94	44	13	169	170	170	110	50	143	29	40	94	10	114	135	170	197	16	61	62	169	64	143	66	10	50	69	70	71	72	29	138	30	40	77	180	79	83	44	138	83	169	170	77	197	88	143	90	91	92	114	94	169	170	40	180	30	100	70	71	72	29	50	29	10	44	180	110	40	235	79	114	114	235	169	143	119	170	88	94	197	29	10	35	40	10	29	30	50	10	114	83	135	235	198	138	94	83	169	235	143	169	198	88	143	197	180	180	10	29	30	30	40	50	50	30	40	94	180	119	44	44	170	235	169	197	169	170	197	88	88	83	44	138	94	169	143	180	40	30	40	50	10	10	30	29	138	114	180	169	83	138	170	180	197	198	88	94	114	170	50	29	30	10	50	29	30	30	10	29	50	180	170	40	235	138	235	143	180	88	83	180	197	40	88	29	30	50	29	40	198	50	235	180	143	198	198	235	235	197	169	143	88	198	88	44	138	143	10	29	88	10	50	169	235	143	170	197	170	88	88	114	30	29	30	10	50	197	170	40	169	143	197	88	50	30	198	235	197	235	143	40	180	88	197	169	170	180	88	235	40	197	50	10	235
170	10	170	170	20	5	5	143	143	170	10	170	13	13	13	15	15	5	23	23	20	110	143	23	110	90	90	90	15	30	30	143	23	64	64	35	44	44	15	15	10	170	20	114	44	13	170	170	170	110	10	143	30	10	114	10	114	64	170	143	15	23	23	170	64	143	110	10	10	110	70	70	70	30	44	30	10	13	143	35	44	44	44	44	170	170	13	143	30	143	90	90	90	114	114	170	170	10	143	30	64	70	70	70	30	10	30	10	44	143	110	10	170	35	114	114	170	170	143	35	170	30	114	143	30	10	35	10	10	30	30	10	10	114	44	64	170	114	44	114	44	170	170	143	170	114	30	143	143	143	143	10	30	30	30	10	10	10	30	10	114	143	35	44	44	170	170	170	143	170	170	143	30	30	44	44	44	114	170	143	143	10	30	10	10	10	10	30	30	44	114	143	170	44	44	170	143	143	114	30	114	114	170	10	30	30	10	10	30	30	30	10	30	10	143	170	10	170	44	170	143	143	30	44	143	143	10	30	30	30	10	30	10	114	10	170	143	143	114	114	170	170	143	170	143	30	114	30	44	44	143	10	30	30	10	10	170	170	143	170	143	170	30	30	114	30	30	30	10	10	143	170	10	170	143	143	30	10	30	114	170	143	170	143	10	143	30	143	170	170	143	30	170	10	143	10	10	170
171	10	171	171	6	5	6	89	171	171	10	89	28	15	28	15	28	6	61	61	5	61	89	23	61	64	100	100	28	50	10	171	23	64	100	35	189	108	15	28	50	171	6	189	44	15	171	89	89	23	50	89	50	213	189	132	108	100	65	171	28	61	61	171	64	65	61	10	50	61	35	79	79	213	189	132	50	28	171	79	189	108	189	138	123	143	28	171	50	89	64	100	100	108	138	123	65	230	171	10	100	35	79	79	213	213	50	10	108	123	23	50	171	79	44	108	123	197	143	79	89	50	138	123	230	185	35	213	132	50	10	213	132	108	189	100	171	189	138	189	138	123	197	143	171	189	213	65	123	123	197	151	230	185	132	50	50	50	132	213	189	171	79	108	44	65	123	197	197	197	143	171	50	213	138	44	138	138	123	65	197	203	151	230	230	185	10	132	213	189	44	123	294	189	189	143	197	197	138	50	138	44	65	203	203	151	185	230	230	185	10	132	213	213	294	283	230	171	138	123	143	197	230	138	123	123	203	203	203	185	230	230	213	138	213	197	294	283	189	138	123	197	123	197	143	230	189	213	44	138	65	151	203	203	185	230	294	294	283	283	197	143	230	213	44	151	203	185	151	203	294	283	230	294	283	197	230	203	151	138	197	294	294	283	203	294	203	294	294	283	294	203	294	203	294	203	151	294
172	10	172	172	42	5	6	107	156	172	10	130	77	13	77	15	28	6	18	18	20	24	107	23	24	70	72	72	28	88	30	156	32	35	79	35	218	164	15	28	50	172	42	239	44	13	172	130	30	49	50	10	88	156	239	107	201	79	30	156	28	61	61	88	35	10	69	10	50	69	70	72	72	172	218	130	156	77	50	79	218	164	218	138	88	30	77	50	88	10	70	72	72	201	198	88	30	156	156	30	79	70	72	72	172	156	172	107	44	50	110	50	172	79	114	114	88	88	10	79	30	88	198	50	172	107	35	156	107	172	130	156	10	114	138	79	88	239	138	198	218	172	88	10	88	239	172	10	50	156	50	10	172	130	130	156	156	156	30	50	198	50	79	44	164	130	88	172	50	88	30	50	172	172	138	44	138	239	172	107	50	50	30	156	156	10	107	30	88	138	114	50	172	138	138	130	156	50	198	172	239	201	130	50	88	30	107	156	88	30	130	10	88	50	156	130	50	88	218	172	107	156	172	218	156	156	156	88	88	130	50	88	50	198	50	88	156	107	198	239	172	172	156	172	107	172	198	88	164	218	107	107	172	88	10	50	172	172	107	30	156	130	88	88	201	130	172	30	10	50	156	130	50	88	10	156	88	156	130	239	172	156	88	10	50	50	172	50	88	30	50	172	172	156	50	156	107	88
173	10	173	173	42	5	6	128	131	173	10	154	77	13	86	15	28	6	18	18	20	24	55	23	24	101	103	103	28	88	30	131	32	126	113	35	74	37	38	39	50	173	42	145	44	45	146	75	187	49	50	211	121	105	137	55	56	113	205	105	39	61	61	263	35	151	69	67	68	69	70	72	72	146	74	75	156	77	234	79	82	81	82	138	253	99	86	234	88	132	70	72	72	93	198	227	182	184	105	99	79	101	103	103	173	105	172	107	108	203	110	68	146	113	114	115	253	121	67	79	158	121	233	203	222	125	126	131	128	199	130	131	132	133	189	79	263	137	138	246	218	291	121	10	247	145	146	268	269	277	68	151	245	153	154	157	156	157	158	213	238	213	113	163	164	278	227	199	68	88	30	213	172	173	176	175	176	239	286	251	50	203	182	207	184	185	186	187	247	189	190	269	245	194	194	210	157	50	198	199	279	201	265	203	227	205	206	207	262	209	210	211	263	213	207	229	230	247	218	291	186	156	222	249	295	277	277	227	253	229	230	276	234	233	234	88	184	206	238	239	286	199	295	172	107	245	246	247	248	249	296	251	286	253	254	255	222	245	125	267	157	130	262	263	264	265	291	267	268	269	207	153	255	276	254	156	276	277	278	279	172	184	276	185	269	255	286	255	262	209	230	291	222	295	230	295	296	262
174	44	174	174	17	5	6	175	176	174	44	175	16	15	60	15	16	17	61	62	5	62	44	23	61	38	60	39	28	83	44	174	23	38	39	15	83	44	38	39	83	176	6	174	44	38	83	44	175	23	138	175	174	83	83	44	44	60	175	138	60	61	62	174	15	44	62	175	176	61	15	16	28	83	138	44	83	28	174	28	174	175	176	83	174	175	39	176	138	44	15	16	28	175	83	83	44	83	83	175	28	38	60	39	174	138	83	44	44	83	23	174	138	39	44	175	176	174	175	16	44	176	174	138	83	44	38	174	175	174	44	176	44	44	83	16	176	138	138	174	83	174	176	44	83	176	138	175	176	83	174	44	174	44	175	174	138	176	44	83	83	83	60	175	44	175	138	174	176	83	44	138	138	176	174	175	176	83	83	44	83	83	44	174	138	44	175	175	83	138	175	174	174	174	176	175	174	138	138	176	174	44	44	138	83	175	175	176	83	44	175	175	174	138	174	175	83	138	138	176	175	83	138	174	174	138	83	138	174	175	138	174	174	176	176	138	83	175	138	138	138	176	176	83	44	176	176	138	175	176	175	44	83	176	175	176	83	176	44	175	176	44	138	176	175	44	174	175	175	176	176	44	174	174	175	138	176	138	175	176	138	138	176	44	174	174	138	176	83	44	83	176	138	174	138	176	175	138
175	44	175	175	5	5	5	175	175	175	44	175	15	15	38	15	15	5	23	23	5	23	44	23	23	38	38	38	15	44	44	175	23	38	38	15	44	44	38	38	44	175	5	175	44	38	44	44	175	23	44	175	175	44	44	44	44	38	175	44	38	23	23	175	15	44	23	175	175	23	15	15	15	44	44	44	44	15	175	15	175	175	175	44	175	175	38	175	44	44	15	15	15	175	44	44	44	44	44	175	15	38	38	38	175	44	44	44	44	44	23	175	44	38	44	175	175	175	175	15	44	175	175	44	44	44	38	175	175	175	44	175	44	44	44	15	175	44	44	175	44	175	175	44	44	175	44	175	175	44	175	44	175	44	175	175	44	175	44	44	44	44	38	175	44	175	44	175	175	44	44	44	44	175	175	175	175	44	44	44	44	44	44	175	44	44	175	175	44	44	175	175	175	175	175	175	175	44	44	175	175	44	44	44	44	175	175	175	44	44	175	175	175	44	175	175	44	44	44	175	175	44	44	175	175	44	44	44	175	175	44	175	175	175	175	44	44	175	44	44	44	175	175	44	44	175	175	44	175	175	175	44	44	175	175	175	44	175	44	175	175	44	44	175	175	44	175	175	175	175	175	44	175	175	175	44	175	44	175	175	44	44	175	44	175	175	44	175	44	44	44	175	44	175	44	175	175	44
176	44	176	176	6	5	6	175	176	176	44	175	28	15	39	15	28	6	61	61	5	61	44	23	61	38	39	39	28	138	44	176	23	38	39	15	138	44	38	39	138	176	6	176	44	38	138	44	175	23	138	175	176	138	138	44	44	39	175	138	39	61	61	176	15	44	61	175	176	61	15	28	28	138	138	44	138	28	176	28	176	175	176	138	176	175	39	176	138	44	15	28	28	175	138	138	44	138	138	175	28	38	39	39	176	138	138	44	44	138	23	176	138	39	44	175	176	176	175	28	44	176	176	138	138	44	38	176	175	176	44	176	44	44	138	28	176	138	138	176	138	176	176	44	138	176	138	175	176	138	176	44	176	44	175	176	138	176	44	138	138	138	39	175	44	175	138	176	176	138	44	138	138	176	176	175	176	138	138	44	138	138	44	176	138	44	175	175	138	138	175	176	176	176	176	175	176	138	138	176	176	44	44	138	138	175	175	176	138	44	175	175	176	138	176	175	138	138	138	176	175	138	138	176	176	138	138	138	176	175	138	176	176	176	176	138	138	175	138	138	138	176	176	138	44	176	176	138	175	176	175	44	138	176	175	176	138	176	44	175	176	44	138	176	175	44	176	175	175	176	176	44	176	176	175	138	176	138	175	176	138	138	176	44	176	176	138	176	138	44	138	176	138	176	138	176	175	138
177	44	177	177	4	5	6	164	218	177	44	201	12	13	12	15	16	17	18	19	20	21	164	23	24	13	12	77	28	94	114	140	32	15	28	15	140	164	15	28	83	239	42	177	44	13	177	201	114	49	138	44	94	140	177	164	201	16	114	218	16	61	62	94	15	44	66	44	138	69	13	12	77	177	218	201	140	77	83	28	140	164	218	83	94	114	77	138	198	44	13	12	77	201	94	94	114	140	140	114	28	13	12	77	177	218	177	164	44	83	110	83	239	28	114	114	198	94	44	16	114	198	94	138	177	164	15	140	164	177	201	218	44	114	83	16	198	239	138	94	140	177	198	44	94	239	239	44	138	140	83	44	177	201	201	140	218	218	114	83	94	83	16	44	164	201	198	177	138	94	114	138	239	239	83	44	138	177	177	164	83	83	114	140	218	44	164	114	94	138	114	83	177	83	138	201	140	138	198	239	177	201	201	138	94	114	164	218	94	114	201	44	94	138	140	201	83	198	218	239	164	140	239	140	140	218	140	198	94	201	138	94	83	198	138	198	140	164	198	239	239	239	218	177	164	239	198	198	164	218	164	164	177	198	44	138	177	239	164	114	218	201	198	198	201	201	177	114	44	138	218	201	83	94	44	218	198	218	201	239	239	218	198	44	83	83	239	138	94	114	83	239	239	140	138	218	164	198
178	10	178	178	4	5	6	179	225	178	10	202	12	13	12	15	16	17	18	19	20	21	179	23	24	90	91	92	28	29	30	149	32	64	100	35	140	164	15	28	40	240	42	177	44	13	178	202	96	49	50	65	29	226	177	251	201	135	96	225	16	61	62	95	64	65	66	10	50	69	70	71	72	252	218	265	76	77	109	79	140	164	218	83	95	170	77	123	88	65	90	91	92	201	94	95	96	76	149	30	100	70	71	72	252	277	106	107	44	109	110	40	240	79	114	114	166	169	143	119	96	88	94	123	106	107	35	226	251	106	130	277	151	114	83	135	166	239	138	94	140	178	235	143	95	239	286	65	123	149	180	151	106	130	265	76	156	156	182	181	94	109	119	44	164	202	166	243	197	169	170	123	172	286	83	44	138	177	178	179	180	181	182	76	156	10	107	182	204	138	114	109	243	83	138	261	221	197	198	172	177	201	202	203	204	182	107	156	29	30	130	151	204	203	221	261	40	166	218	240	244	221	172	140	149	225	226	227	204	130	50	29	181	198	203	235	221	244	198	239	240	280	225	243	244	172	198	227	164	218	179	251	252	227	10	50	243	280	244	170	275	261	88	227	201	265	252	30	151	203	275	261	40	169	143	275	88	277	265	239	280	275	235	143	181	180	286	197	169	170	180	286	280	226	197	277	251	235
179	10	179	179	5	5	5	179	179	179	10	179	15	15	15	15	15	5	32	32	5	32	179	23	32	64	64	64	15	10	10	179	32	64	64	35	164	164	15	15	10	179	5	164	44	15	179	179	65	32	10	65	10	251	164	251	164	64	65	179	15	23	23	65	64	65	23	10	10	23	35	35	35	251	164	251	107	15	65	35	164	164	164	44	65	143	15	65	10	65	64	64	64	164	44	65	65	107	179	10	64	35	35	35	251	251	107	107	44	65	23	10	179	35	44	44	65	143	143	35	65	10	44	65	107	107	35	251	251	107	107	251	151	44	44	64	65	164	44	44	164	179	143	143	65	164	251	65	65	179	143	151	107	107	251	107	107	107	151	151	44	65	35	44	164	179	65	244	143	143	143	65	107	251	44	44	44	164	179	179	143	151	151	107	107	10	107	151	151	44	44	65	244	44	44	244	244	143	44	107	164	164	179	151	151	151	107	107	10	10	107	151	151	151	244	244	10	65	164	179	244	244	107	164	179	179	251	151	151	107	10	10	151	44	151	143	244	244	44	164	179	244	179	244	244	107	44	151	164	164	179	251	251	151	10	10	244	244	244	143	244	244	10	151	164	251	251	10	151	151	244	244	10	143	143	244	10	251	251	164	244	244	143	143	151	143	251	143	143	143	143	251	244	251	143	251	251	143
180	10	180	180	17	5	6	143	197	180	10	143	16	15	16	15	16	17	61	62	5	62	143	23	61	64	135	100	28	40	10	180	23	64	100	35	83	44	15	28	40	197	6	83	44	15	180	143	143	23	50	143	40	40	83	10	44	135	143	197	16	61	62	180	64	143	62	10	50	61	35	119	79	40	138	10	40	28	180	79	83	44	138	83	180	143	28	197	50	143	64	135	100	44	83	180	143	40	180	10	100	35	119	79	40	50	40	10	44	180	23	40	197	79	44	44	197	180	143	119	143	50	83	197	40	10	35	40	10	40	10	50	10	44	83	135	197	138	138	83	83	180	197	143	180	138	50	143	197	180	180	10	40	10	10	40	50	50	10	40	83	180	119	44	44	143	197	180	197	180	143	197	50	50	83	44	138	83	180	143	180	40	10	40	50	10	10	10	40	138	44	180	180	83	138	143	180	197	138	50	83	44	143	50	40	10	10	50	40	10	10	10	40	50	180	143	40	197	138	197	143	180	50	83	180	197	40	50	40	10	50	40	40	138	50	197	180	143	138	138	197	197	197	180	143	50	138	50	44	138	143	10	40	50	10	50	180	197	143	143	197	143	50	50	44	10	40	10	10	50	197	143	40	180	143	197	50	50	10	138	197	197	197	143	40	180	50	197	180	143	180	50	197	40	197	50	10	197
181	10	181	181	17	5	6	151	203	181	10	151	16	15	16	15	16	17	61	62	5	62	151	23	61	35	119	79	28	40	10	181	23	35	79	35	83	44	15	28	40	203	6	83	44	15	181	151	151	23	50	151	40	181	83	151	44	119	151	203	16	61	62	181	35	151	62	10	50	61	35	119	79	181	138	151	40	28	181	79	83	44	138	83	181	10	28	203	50	151	35	119	79	44	83	181	151	40	181	10	79	35	119	79	181	203	40	10	44	181	23	40	203	79	44	44	203	40	10	119	151	50	83	203	40	10	35	181	151	40	10	203	151	44	83	119	203	138	138	83	83	181	50	10	181	138	203	151	203	181	40	151	40	10	151	40	50	50	151	181	83	181	119	44	44	151	203	40	50	40	10	203	50	203	83	44	138	83	181	151	40	181	151	40	50	10	10	151	181	138	44	181	40	83	138	10	40	50	138	50	83	44	151	203	181	151	10	50	40	10	10	151	181	203	40	10	40	203	138	203	10	40	50	83	181	203	181	203	181	10	50	40	181	138	203	50	40	10	138	138	203	50	203	40	10	50	138	203	44	138	151	151	181	203	10	50	40	50	10	10	50	10	50	203	44	151	181	10	151	203	50	10	40	40	10	50	50	203	151	138	50	50	50	10	181	40	203	50	40	10	40	203	50	181	50	203	151	50
182	10	182	182	20	5	5	151	151	182	10	182	13	13	13	15	15	5	23	23	20	110	151	23	110	70	70	70	15	30	30	151	23	35	35	35	44	44	15	15	10	182	20	114	44	13	182	182	182	110	10	151	30	151	114	151	114	35	182	151	15	23	23	182	35	151	110	10	10	110	70	70	70	182	44	182	10	13	151	35	44	44	44	44	182	30	13	151	30	151	70	70	70	114	114	182	182	10	151	30	35	70	70	70	182	151	30	10	44	151	110	10	182	35	114	114	182	30	10	35	182	30	114	151	30	10	35	151	151	30	30	151	151	114	44	35	182	114	44	114	44	182	30	10	182	114	182	151	151	151	10	151	30	30	182	10	10	10	182	151	114	151	35	44	44	182	182	30	10	30	30	151	30	182	44	44	44	114	182	151	10	151	182	10	10	10	10	182	182	44	114	151	30	44	44	30	10	10	114	30	114	114	182	151	182	182	10	10	30	30	30	151	182	151	10	30	10	182	44	182	10	10	30	44	151	151	151	182	182	30	10	30	151	114	151	30	10	10	114	114	182	30	151	30	10	30	114	182	44	44	151	151	182	182	10	10	30	30	10	30	10	30	30	182	114	182	182	30	151	151	10	30	10	30	10	10	30	151	182	114	30	10	30	10	151	10	182	10	30	30	10	182	30	151	10	151	151	30
183	10	183	183	17	5	6	206	207	183	10	206	16	15	60	15	16	17	18	19	5	19	125	23	18	126	162	113	28	40	10	183	32	126	113	35	36	37	38	39	40	207	6	80	44	38	97	125	254	32	50	254	111	97	36	125	37	162	67	184	60	61	62	272	35	10	62	67	68	61	35	119	79	97	74	125	76	28	272	79	80	81	82	83	111	67	39	255	50	185	35	119	79	81	83	40	10	97	97	67	79	126	162	113	183	184	76	107	108	40	23	111	184	113	44	163	68	111	67	119	185	68	174	50	97	125	126	183	206	155	107	207	185	108	134	119	255	74	138	193	140	155	68	10	216	82	184	67	68	76	111	10	183	125	206	155	156	157	185	216	134	216	162	163	164	186	50	155	68	40	10	230	156	207	174	175	176	140	76	107	40	40	10	183	184	185	186	254	216	189	175	111	183	193	194	186	155	50	138	157	223	164	107	50	40	67	206	207	216	185	186	254	272	230	183	206	216	230	218	157	186	76	184	223	155	156	76	50	111	206	230	272	272	176	255	50	97	206	189	218	156	157	157	76	107	207	194	230	248	249	186	107	76	68	254	255	97	207	125	254	157	107	230	255	248	107	155	254	67	68	207	125	272	272	254	156	255	156	186	249	156	184	255	185	111	272	156	255	216	185	216	157	184	155	230	157	186	230
184	10	184	184	6	5	6	125	184	184	10	125	28	15	28	15	28	6	18	18	5	18	125	23	18	35	79	79	28	50	10	184	32	35	79	35	74	37	15	28	50	184	6	74	44	15	184	125	185	32	50	185	50	184	74	125	37	79	10	184	28	61	61	230	35	10	61	10	50	61	35	79	79	184	74	125	156	28	230	79	74	37	74	138	50	10	28	230	50	185	35	79	79	37	138	50	10	184	184	10	79	35	79	79	184	184	156	107	108	50	23	50	184	79	44	108	50	50	10	79	185	50	138	50	184	125	35	184	125	156	107	184	185	108	189	79	230	74	138	189	218	156	50	10	230	74	184	10	50	156	50	10	184	125	125	156	156	156	185	230	189	230	79	108	164	107	50	156	50	50	10	230	156	184	138	44	138	218	156	107	50	50	10	184	184	185	107	185	230	189	44	50	184	189	189	107	156	50	138	156	218	164	107	50	50	10	125	184	230	185	107	185	230	230	184	125	230	230	218	156	107	156	184	218	156	156	156	50	50	125	230	230	230	138	230	50	184	125	189	218	156	156	156	156	107	184	189	230	164	218	107	107	156	50	185	230	184	184	125	185	156	107	230	230	164	107	156	185	10	50	184	125	230	230	185	156	230	156	107	218	156	184	230	185	50	230	156	230	230	185	230	156	184	156	230	156	107	230
185	10	185	185	5	5	5	185	185	185	10	185	15	15	15	15	15	5	23	23	5	23	185	23	23	35	35	35	15	10	10	185	23	35	35	35	108	108	15	15	10	185	5	108	44	15	185	185	185	23	10	185	10	185	108	185	108	35	10	185	15	23	23	185	35	10	23	10	10	23	35	35	35	185	108	185	10	15	185	35	108	108	108	44	10	10	15	185	10	185	35	35	35	108	44	10	10	185	185	10	35	35	35	35	185	185	10	10	108	10	23	10	185	35	44	108	10	10	10	35	185	10	44	10	185	185	35	185	185	10	10	185	185	108	108	35	185	108	44	108	44	10	10	10	185	108	185	10	10	10	10	10	185	185	185	10	10	10	185	185	108	185	35	108	44	10	10	10	10	10	10	185	10	185	44	44	44	44	10	10	10	10	10	185	185	185	10	185	185	108	44	10	185	108	108	10	10	10	44	10	44	44	10	10	10	10	185	185	185	185	10	185	185	185	185	185	185	185	44	10	10	10	185	44	10	10	10	10	10	185	185	185	185	44	185	10	185	185	108	44	10	10	10	10	10	185	108	185	44	44	10	10	10	10	185	185	185	185	185	185	10	10	185	185	44	10	10	185	10	10	185	185	185	185	185	10	185	10	10	44	10	185	185	185	10	185	10	185	185	185	185	10	185	10	185	10	10	185
186	10	186	186	5	5	5	186	186	186	10	186	15	15	38	15	15	5	32	32	5	32	107	23	32	126	126	126	15	10	10	186	32	126	126	35	164	164	38	38	10	186	5	248	44	38	107	107	67	32	10	67	67	107	164	107	164	126	67	107	38	23	23	67	35	10	23	67	67	23	35	35	35	107	164	107	107	15	67	35	248	248	248	44	67	67	38	67	10	10	35	35	35	248	44	10	10	107	107	67	35	126	126	126	186	107	107	107	44	10	23	67	107	126	44	175	67	67	67	35	10	67	175	10	107	107	126	186	186	186	107	186	10	44	44	35	67	164	44	175	164	186	67	10	10	248	107	67	67	107	67	10	186	107	186	186	107	186	10	10	44	10	126	175	164	186	10	186	67	10	10	10	107	186	175	175	175	164	107	107	10	10	10	186	107	10	186	67	10	44	175	67	186	175	175	186	186	10	44	186	248	164	107	10	10	67	186	186	10	10	186	67	67	10	186	186	10	10	164	186	186	107	107	248	186	107	107	10	67	186	10	67	67	175	67	10	107	186	44	164	107	186	186	107	107	186	175	10	248	248	186	107	107	67	67	67	107	186	107	67	186	107	10	67	248	107	186	67	67	67	186	107	67	67	67	107	67	107	186	248	107	107	67	10	67	67	107	67	10	10	10	186	107	186	10	186	186	10
187	10	187	187	20	5	5	211	211	187	10	187	13	13	45	15	15	5	23	23	20	110	132	23	110	101	101	101	15	30	30	211	23	126	126	35	108	108	38	38	10	187	20	115	44	45	158	158	187	110	10	211	99	132	133	132	133	126	205	132	38	23	23	187	35	151	110	67	67	110	70	70	70	158	108	158	10	13	211	35	163	163	163	44	205	99	45	211	30	132	70	70	70	115	114	182	182	185	132	99	35	101	101	101	187	132	30	10	108	151	110	67	158	126	114	115	205	99	67	35	158	99	190	151	209	185	126	211	211	99	30	211	132	133	108	35	187	133	44	115	44	205	99	10	158	115	158	268	268	151	67	151	267	209	187	67	10	67	158	132	133	132	126	163	44	205	182	99	67	30	30	132	30	187	175	175	175	114	182	151	10	151	182	254	185	185	67	187	158	108	190	268	267	163	163	99	67	10	114	99	190	114	182	151	182	205	254	254	209	209	99	211	187	132	254	267	185	158	44	205	67	10	209	175	268	151	151	182	205	267	185	267	211	190	211	30	185	254	133	114	182	99	268	30	10	267	115	158	175	175	268	151	182	205	254	254	209	267	185	267	67	30	209	187	190	182	205	267	268	268	254	209	254	267	254	10	267	151	205	190	30	185	267	185	268	254	182	254	209	209	185	205	209	268	185	268	268	209
188	10	188	188	4	5	6	132	213	188	10	158	12	13	12	15	16	17	61	62	20	66	132	23	69	70	71	72	28	29	30	159	23	35	79	35	134	108	15	28	40	247	42	160	44	13	188	158	158	110	50	132	29	159	160	132	133	119	182	213	16	61	62	188	35	151	66	10	50	69	70	71	72	188	189	158	40	77	159	79	134	108	189	83	204	30	77	213	88	132	70	71	72	133	94	204	182	216	159	30	79	70	71	72	188	213	29	10	108	181	110	40	247	79	114	133	227	29	10	119	158	88	94	203	208	185	35	159	132	29	30	213	132	133	134	119	247	238	138	160	83	204	88	10	188	238	247	151	203	181	40	151	208	209	158	40	50	50	158	159	160	159	119	108	44	182	227	29	50	29	30	213	88	247	83	44	138	94	204	151	40	181	182	216	230	185	10	158	188	189	114	181	208	134	189	30	40	50	198	88	94	114	182	203	204	182	185	230	208	209	30	132	188	213	216	209	216	247	138	227	10	40	262	83	181	203	181	227	204	209	230	208	159	198	213	88	216	185	238	198	227	88	203	29	10	262	238	247	44	138	151	151	204	227	185	230	208	262	185	209	50	30	262	247	114	182	204	209	151	203	230	209	216	208	185	50	262	203	182	198	88	230	262	185	181	216	227	230	208	209	216	227	262	181	230	203	151	262
189	44	189	189	6	5	6	108	189	189	44	108	28	15	28	15	28	6	61	61	5	61	108	23	61	15	28	28	28	138	44	189	23	15	28	15	189	108	15	28	138	189	6	189	44	15	189	108	108	23	138	108	138	189	189	108	108	28	44	189	28	61	61	189	15	44	61	44	138	61	15	28	28	189	189	108	138	28	189	28	189	108	189	138	138	44	28	189	138	108	15	28	28	108	138	138	44	189	189	44	28	15	28	28	189	189	138	44	108	138	23	138	189	28	44	108	138	138	44	28	108	138	138	138	189	108	15	189	108	138	44	189	108	108	189	28	189	189	138	189	138	138	138	44	189	189	189	44	138	138	138	44	189	108	108	138	138	138	108	189	189	189	28	108	44	44	138	138	138	138	44	189	138	189	138	44	138	138	138	44	138	138	44	189	189	108	44	108	189	189	44	138	189	189	189	44	138	138	138	138	138	44	44	138	138	44	108	189	189	108	44	108	189	189	189	108	189	189	138	138	44	138	189	138	138	138	138	138	138	108	189	189	189	138	189	138	189	108	189	138	138	138	138	138	44	189	189	189	44	138	44	44	138	138	108	189	189	189	108	108	138	44	189	189	44	44	138	108	44	138	189	108	189	189	108	138	189	138	44	138	138	189	189	108	138	189	138	189	189	108	189	138	189	138	189	138	44	189
190	44	190	190	20	5	5	175	175	190	44	190	13	13	45	15	15	5	23	23	20	110	44	23	110	45	45	45	15	114	114	175	23	38	38	15	44	44	38	38	44	190	20	190	44	45	114	114	190	110	44	175	190	44	114	44	114	38	190	44	38	23	23	190	15	44	110	175	175	110	13	13	13	114	44	114	44	13	175	15	175	175	175	44	190	190	45	175	114	44	13	13	13	190	114	114	114	44	44	190	15	45	45	45	190	44	114	44	44	44	110	175	114	38	114	190	190	190	175	15	114	190	190	44	114	44	38	175	175	190	114	175	44	114	44	15	190	114	44	190	44	190	190	44	114	190	114	175	175	44	175	44	190	114	190	175	44	175	114	44	114	44	38	175	44	190	114	190	175	114	114	44	114	190	175	175	175	114	114	44	44	44	114	175	44	44	175	190	114	44	190	175	190	175	175	190	175	44	114	190	190	114	114	44	114	190	175	175	114	114	190	175	190	44	175	190	44	114	44	190	175	44	114	175	175	44	44	114	190	190	44	190	175	190	175	114	44	175	114	114	114	190	175	114	44	190	190	114	175	175	175	44	114	190	175	175	114	190	44	190	175	114	114	190	190	114	190	190	175	175	175	114	175	190	175	44	190	44	190	190	114	44	190	44	175	175	114	175	114	114	44	190	114	175	44	175	175	114
191	10	191	191	17	5	6	147	148	191	10	147	16	15	60	15	16	17	61	62	5	62	65	23	61	33	57	34	28	40	10	191	23	33	34	35	83	44	38	39	40	148	6	174	44	38	109	65	147	23	50	147	111	181	83	151	44	57	147	123	60	61	62	191	64	65	62	67	68	61	35	119	79	181	138	151	40	28	191	79	174	175	176	83	191	118	39	148	50	65	64	135	100	175	83	109	65	40	109	67	100	126	162	113	284	203	40	10	44	109	23	111	123	113	44	175	148	150	118	119	65	68	174	123	40	10	126	284	268	111	10	269	151	44	83	135	148	138	138	174	83	191	168	143	109	176	203	147	148	109	150	151	111	10	268	111	50	68	151	181	83	109	162	175	44	147	123	150	168	180	143	123	50	269	174	175	176	83	109	65	180	181	151	111	50	10	67	268	181	138	175	191	150	174	176	118	150	197	138	68	174	44	65	203	181	268	67	68	40	10	67	268	284	203	150	118	40	123	138	148	118	180	50	174	191	123	181	203	284	67	50	111	284	176	269	197	180	118	138	138	123	168	148	180	143	68	176	203	175	176	147	151	181	269	67	68	180	168	143	118	168	143	50	269	175	151	284	67	268	269	168	143	111	150	118	197	68	203	268	176	197	197	168	143	284	150	203	168	180	143	180	269	197	284	197	269	268	197
192	10	192	192	4	5	6	237	270	192	10	215	12	13	14	15	16	17	18	19	20	21	258	23	24	25	26	27	28	29	30	214	32	33	34	35	36	37	38	39	40	257	42	43	44	45	256	271	259	49	50	274	52	97	54	125	56	57	85	281	60	61	62	273	64	143	66	67	68	69	70	71	72	124	74	153	76	77	285	79	80	81	82	83	117	85	86	287	88	283	90	91	92	93	94	169	170	97	236	99	100	101	102	103	152	184	106	107	108	180	110	111	292	113	114	115	142	117	118	119	289	121	122	197	124	125	126	183	206	129	130	207	185	133	134	135	282	137	138	139	140	167	142	143	288	145	222	118	168	221	150	10	152	153	229	155	156	157	209	216	160	290	162	163	164	195	235	167	168	169	170	294	172	245	174	175	176	177	243	244	180	40	30	183	184	185	186	267	208	189	190	150	192	193	194	195	196	197	198	199	200	201	261	50	29	99	206	207	208	209	210	254	231	230	214	215	216	297	218	241	220	221	222	223	196	275	76	88	52	229	230	231	272	233	255	235	236	237	238	239	280	241	260	243	244	245	246	262	248	249	220	107	106	121	254	255	256	257	258	259	260	261	262	276	264	130	129	267	67	68	270	271	272	273	274	275	276	156	210	279	280	281	282	283	111	285	172	287	288	289	290	199	292	155	294	157	186	297
193	44	193	193	17	5	6	163	194	193	44	163	16	15	60	15	16	17	61	62	5	62	108	23	61	38	60	39	28	83	44	193	23	38	39	15	134	108	38	39	83	194	6	193	44	38	134	108	163	23	138	163	174	134	134	108	108	60	175	189	60	61	62	193	15	44	62	175	176	61	15	16	28	134	189	108	83	28	193	28	193	163	194	83	174	175	39	194	138	108	15	16	28	163	83	83	44	134	134	175	28	38	60	39	193	189	83	44	108	83	23	174	189	39	44	163	176	174	175	16	108	176	174	138	134	108	38	193	163	174	44	194	108	108	134	16	194	189	138	193	83	174	176	44	134	194	189	175	176	83	174	44	193	108	163	174	138	176	108	134	134	134	60	163	44	175	138	174	176	83	44	189	138	194	174	175	176	83	83	44	83	83	44	193	189	108	175	163	134	189	175	174	193	193	194	175	174	138	138	176	174	44	44	138	83	175	163	194	134	108	175	163	193	189	193	163	134	189	138	176	175	83	189	174	174	138	83	138	174	163	189	193	193	176	194	138	134	163	189	138	138	176	176	83	44	194	194	189	175	176	175	44	83	176	163	194	134	194	108	163	176	44	189	194	175	44	174	163	175	176	194	108	193	193	163	138	194	138	175	176	138	189	194	108	174	193	138	194	134	108	134	176	189	174	189	176	175	189
194	44	194	194	6	5	6	163	194	194	44	163	28	15	39	15	28	6	61	61	5	61	108	23	61	38	39	39	28	138	44	194	23	38	39	15	189	108	38	39	138	194	6	194	44	38	189	108	163	23	138	163	176	189	189	108	108	39	175	189	39	61	61	194	15	44	61	175	176	61	15	28	28	189	189	108	138	28	194	28	194	163	194	138	176	175	39	194	138	108	15	28	28	163	138	138	44	189	189	175	28	38	39	39	194	189	138	44	108	138	23	176	189	39	44	163	176	176	175	28	108	176	176	138	189	108	38	194	163	176	44	194	108	108	189	28	194	189	138	194	138	176	176	44	189	194	189	175	176	138	176	44	194	108	163	176	138	176	108	189	189	189	39	163	44	175	138	176	176	138	44	189	138	194	176	175	176	138	138	44	138	138	44	194	189	108	175	163	189	189	175	176	194	194	194	175	176	138	138	176	176	44	44	138	138	175	163	194	189	108	175	163	194	189	194	163	189	189	138	176	175	138	189	176	176	138	138	138	176	163	189	194	194	176	194	138	189	163	189	138	138	176	176	138	44	194	194	189	175	176	175	44	138	176	163	194	189	194	108	163	176	44	189	194	175	44	176	163	175	176	194	108	194	194	163	138	194	138	175	176	138	189	194	108	176	194	138	194	189	108	189	176	189	176	189	176	175	189
195	10	195	195	20	5	5	220	220	195	10	195	13	13	45	15	15	5	32	32	20	49	244	23	49	25	25	25	15	30	30	220	32	33	33	35	164	164	38	38	10	195	20	264	44	45	261	261	85	49	10	118	99	107	201	107	201	33	85	244	38	23	23	85	64	143	110	67	67	110	70	70	70	130	164	130	107	13	118	35	248	248	248	44	85	85	45	118	30	143	90	90	90	264	114	170	170	107	244	99	64	101	101	101	210	107	130	107	44	143	110	67	261	126	114	190	85	85	118	35	170	99	190	143	130	107	126	186	186	210	130	186	10	114	44	64	85	201	44	190	164	195	85	143	170	264	130	118	118	244	118	10	210	130	210	186	107	186	30	10	114	143	126	175	164	195	170	195	118	170	170	143	130	210	175	175	175	201	261	244	143	10	30	186	107	10	186	99	30	44	190	118	195	175	175	195	220	143	114	210	264	201	261	10	30	99	186	186	30	30	210	67	99	10	220	195	10	170	164	195	220	244	130	248	220	244	107	30	99	210	10	99	67	190	67	170	244	220	114	201	261	195	220	261	244	210	190	30	248	248	220	107	130	99	67	67	261	195	244	85	220	261	30	99	264	130	210	99	67	67	220	261	67	85	118	244	99	107	210	264	261	244	85	143	67	118	130	118	170	170	143	210	261	186	143	186	186	170
196	10	196	196	17	5	6	220	260	196	10	220	16	15	60	15	16	17	18	19	5	19	244	23	18	33	57	34	28	40	10	196	32	33	34	35	140	164	38	39	40	260	6	223	44	38	221	244	118	32	50	118	111	76	140	107	164	57	118	275	60	61	62	150	64	143	62	67	68	61	35	119	79	76	218	107	76	28	150	79	223	248	249	83	150	118	39	168	50	143	64	135	100	248	83	180	143	76	221	67	100	126	162	113	155	156	76	107	44	180	23	111	275	113	44	175	168	150	118	119	143	68	174	197	76	107	126	155	186	155	107	157	10	44	83	135	168	218	138	174	140	196	168	143	180	249	156	118	168	221	150	10	155	107	186	155	156	157	10	40	83	180	162	175	164	220	197	196	168	180	143	197	156	157	174	175	176	140	221	244	180	40	10	155	156	10	186	67	40	138	175	150	196	174	176	220	196	197	138	157	223	164	244	50	40	67	186	157	40	10	186	67	111	50	196	220	40	197	218	260	220	221	156	223	196	275	76	50	111	186	50	111	111	176	68	197	221	220	138	218	275	260	260	221	244	157	176	50	248	249	220	107	76	68	67	68	221	260	244	118	260	244	50	68	248	107	155	67	67	68	260	244	111	150	118	275	68	156	186	249	275	275	168	143	111	150	156	168	180	143	180	157	275	155	197	157	186	197
197	10	197	197	6	5	6	143	197	197	10	143	28	15	28	15	28	6	61	61	5	61	143	23	61	64	100	100	28	50	10	197	23	64	100	35	138	44	15	28	50	197	6	138	44	15	197	143	143	23	50	143	50	50	138	10	44	100	143	197	28	61	61	197	64	143	61	10	50	61	35	79	79	50	138	10	50	28	197	79	138	44	138	138	197	143	28	197	50	143	64	100	100	44	138	197	143	50	197	10	100	35	79	79	50	50	50	10	44	197	23	50	197	79	44	44	197	197	143	79	143	50	138	197	50	10	35	50	10	50	10	50	10	44	138	100	197	138	138	138	138	197	197	143	197	138	50	143	197	197	197	10	50	10	10	50	50	50	10	50	138	197	79	44	44	143	197	197	197	197	143	197	50	50	138	44	138	138	197	143	197	50	10	50	50	10	10	10	50	138	44	197	197	138	138	143	197	197	138	50	138	44	143	50	50	10	10	50	50	10	10	10	50	50	197	143	50	197	138	197	143	197	50	138	197	197	50	50	50	10	50	50	50	138	50	197	197	143	138	138	197	197	197	197	143	50	138	50	44	138	143	10	50	50	10	50	197	197	143	143	197	143	50	50	44	10	50	10	10	50	197	143	50	197	143	197	50	50	10	138	197	197	197	143	50	197	50	197	197	143	197	50	197	50	197	50	10	197
198	44	198	198	42	5	6	44	138	198	44	114	77	13	77	15	28	6	61	61	20	69	44	23	69	13	77	77	28	198	114	138	23	15	28	15	138	44	15	28	138	198	42	198	44	13	198	114	114	110	138	44	198	138	198	44	114	28	114	138	28	61	61	198	15	44	69	44	138	69	13	77	77	198	138	114	138	77	138	28	138	44	138	138	198	114	77	138	198	44	13	77	77	114	198	198	114	138	138	114	28	13	77	77	198	138	198	44	44	138	110	138	198	28	114	114	198	198	44	28	114	198	198	138	198	44	15	138	44	198	114	138	44	114	138	28	198	198	138	198	138	198	198	44	198	198	198	44	138	138	138	44	198	114	114	138	138	138	114	138	198	138	28	44	44	114	198	198	138	198	114	138	198	198	138	44	138	198	198	44	138	138	114	138	138	44	44	114	198	138	114	138	198	138	138	114	138	138	198	198	198	114	114	138	198	114	44	138	198	114	114	44	198	138	138	114	138	198	138	198	44	138	198	138	138	138	138	198	198	114	138	198	138	198	138	198	138	44	198	198	198	198	138	198	44	198	198	198	44	138	44	44	198	198	44	138	198	198	44	114	138	114	198	198	114	114	198	114	44	138	138	114	138	198	44	138	198	138	114	198	198	138	198	44	138	138	198	138	198	114	138	198	198	138	138	138	44	198
199	10	199	199	42	5	6	186	157	199	10	210	77	13	86	15	28	6	18	18	20	24	107	23	24	101	103	103	28	88	30	157	32	126	113	35	218	164	38	39	50	199	42	279	44	45	172	130	99	49	50	67	121	156	239	107	201	113	99	156	39	61	61	121	35	10	69	67	68	69	70	72	72	172	218	130	156	77	68	79	249	248	249	138	121	99	86	68	88	10	70	72	72	264	198	88	30	156	156	99	79	101	103	103	199	156	172	107	44	50	110	68	172	113	114	190	121	121	67	79	30	121	233	50	172	107	126	157	186	199	130	157	10	114	138	79	121	239	138	233	218	199	121	10	88	279	172	67	68	156	68	10	199	130	210	157	156	157	30	50	198	50	113	175	164	210	88	199	68	88	30	50	172	199	176	175	176	239	172	107	50	50	30	157	156	10	186	99	88	138	190	68	199	176	176	210	157	50	198	199	279	201	130	50	88	99	186	157	88	30	210	67	121	50	157	210	50	88	218	199	186	156	172	249	157	156	156	88	121	210	50	121	68	233	68	88	156	186	198	239	172	199	157	172	107	199	233	88	248	249	186	107	172	121	67	68	172	199	107	99	157	130	88	121	264	130	199	99	67	68	157	130	68	121	67	156	121	156	210	279	172	156	121	10	68	68	172	68	88	30	50	199	172	157	50	157	186	88
200	44	200	200	4	5	6	248	249	200	44	264	12	13	14	15	16	17	18	19	20	21	164	23	24	45	14	86	28	94	114	223	32	38	39	15	140	164	38	39	83	279	42	200	44	45	177	201	190	49	138	175	122	140	177	164	201	60	190	218	60	61	62	122	15	44	66	175	176	69	13	12	77	177	218	201	140	77	174	28	223	248	249	83	122	190	86	176	198	44	13	12	77	264	94	94	114	140	140	190	28	45	14	86	200	218	177	164	44	83	110	174	239	39	114	190	233	122	175	16	114	233	122	138	177	164	38	223	248	200	201	249	44	114	83	16	233	239	138	122	140	200	233	44	94	279	239	175	176	140	174	44	200	201	264	223	218	249	114	83	94	83	60	175	164	264	198	200	176	94	114	138	239	279	174	175	176	177	177	164	83	83	114	223	218	44	248	190	94	138	190	174	200	174	176	264	223	138	198	279	200	201	201	138	94	190	248	249	94	114	264	175	122	138	223	264	83	198	218	279	248	140	239	223	223	218	140	198	122	264	138	122	174	233	176	198	140	248	198	239	239	279	249	177	164	279	233	198	248	249	248	164	177	233	175	176	177	279	164	190	249	201	198	233	264	201	200	190	175	176	249	201	174	122	175	218	233	218	264	279	239	218	233	44	174	174	239	176	94	114	83	279	239	223	138	249	248	198
201	44	201	201	20	5	5	164	164	201	44	201	13	13	13	15	15	5	32	32	20	49	164	23	49	13	13	13	15	114	114	164	32	15	15	15	164	164	15	15	44	201	20	201	44	13	201	201	114	49	44	44	114	164	201	164	201	15	114	164	15	23	23	114	15	44	110	44	44	110	13	13	13	201	164	201	164	13	44	15	164	164	164	44	114	114	13	44	114	44	13	13	13	201	114	114	114	164	164	114	15	13	13	13	201	164	201	164	44	44	110	44	201	15	114	114	114	114	44	15	114	114	114	44	201	164	15	164	164	201	201	164	44	114	44	15	114	201	44	114	164	201	114	44	114	201	201	44	44	164	44	44	201	201	201	164	164	164	114	44	114	44	15	44	164	201	114	201	44	114	114	44	201	201	44	44	44	201	201	164	44	44	114	164	164	44	164	114	114	44	114	44	201	44	44	201	164	44	114	201	201	201	201	44	114	114	164	164	114	114	201	44	114	44	164	201	44	114	164	201	164	164	201	164	164	164	164	114	114	201	44	114	44	114	44	114	164	164	114	201	201	201	164	201	164	201	114	114	164	164	164	164	201	114	44	44	201	201	164	114	164	201	114	114	201	201	201	114	44	44	164	201	44	114	44	164	114	164	201	201	201	164	114	44	44	44	201	44	114	114	44	201	201	164	44	164	164	114
202	10	202	202	20	5	5	179	179	202	10	202	13	13	13	15	15	5	32	32	20	49	179	23	49	90	90	90	15	30	30	179	32	64	64	35	164	164	15	15	10	202	20	201	44	13	202	202	96	49	10	65	30	251	201	251	201	64	96	179	15	23	23	96	64	65	110	10	10	110	70	70	70	265	164	265	107	13	65	35	164	164	164	44	96	170	13	65	30	65	90	90	90	201	114	96	96	107	179	30	64	70	70	70	265	251	130	107	44	65	110	10	202	35	114	114	96	170	143	35	96	30	114	65	130	107	35	251	251	130	130	251	151	114	44	64	96	201	44	114	164	202	170	143	96	201	265	65	65	179	143	151	130	130	265	107	107	107	182	151	114	65	35	44	164	202	96	261	143	170	170	65	130	265	44	44	44	201	202	179	143	151	182	107	107	10	107	182	182	44	114	65	261	44	44	261	244	143	114	130	201	201	202	151	182	182	107	107	30	30	130	151	182	151	244	261	10	96	164	202	244	244	130	164	179	179	251	182	182	130	10	30	151	114	151	170	244	244	114	201	202	261	179	261	244	130	114	182	164	164	179	251	265	182	10	10	261	261	244	170	244	261	30	182	201	265	265	30	151	151	244	261	10	170	143	244	30	251	265	201	261	244	170	143	151	143	265	143	170	170	143	265	261	251	143	251	251	170
203	10	203	203	6	5	6	151	203	203	10	151	28	15	28	15	28	6	61	61	5	61	151	23	61	35	79	79	28	50	10	203	23	35	79	35	138	44	15	28	50	203	6	138	44	15	203	151	151	23	50	151	50	203	138	151	44	79	151	203	28	61	61	203	35	151	61	10	50	61	35	79	79	203	138	151	50	28	203	79	138	44	138	138	203	10	28	203	50	151	35	79	79	44	138	203	151	50	203	10	79	35	79	79	203	203	50	10	44	203	23	50	203	79	44	44	203	50	10	79	151	50	138	203	50	10	35	203	151	50	10	203	151	44	138	79	203	138	138	138	138	203	50	10	203	138	203	151	203	203	50	151	50	10	151	50	50	50	151	203	138	203	79	44	44	151	203	50	50	50	10	203	50	203	138	44	138	138	203	151	50	203	151	50	50	10	10	151	203	138	44	203	50	138	138	10	50	50	138	50	138	44	151	203	203	151	10	50	50	10	10	151	203	203	50	10	50	203	138	203	10	50	50	138	203	203	203	203	203	10	50	50	203	138	203	50	50	10	138	138	203	50	203	50	10	50	138	203	44	138	151	151	203	203	10	50	50	50	10	10	50	10	50	203	44	151	203	10	151	203	50	10	50	50	10	50	50	203	151	138	50	50	50	10	203	50	203	50	50	10	50	203	50	203	50	203	151	50
204	10	204	204	4	5	6	151	203	204	10	182	12	13	12	15	16	17	61	62	20	66	151	23	69	70	71	72	28	29	30	181	23	35	79	35	83	44	15	28	40	227	42	94	44	13	204	182	182	110	50	151	29	181	94	151	114	119	182	203	16	61	62	204	35	151	66	10	50	69	70	71	72	204	138	182	40	77	181	79	83	44	138	83	204	30	77	203	88	151	70	71	72	114	94	204	182	40	181	30	79	70	71	72	204	203	29	10	44	181	110	40	227	79	114	114	227	29	10	119	182	88	94	203	29	10	35	181	151	29	30	203	151	114	83	119	227	198	138	94	83	204	88	10	204	198	227	151	203	181	40	151	29	30	182	40	50	50	182	181	94	181	119	44	44	182	227	29	50	29	30	203	88	227	83	44	138	94	204	151	40	181	182	40	50	10	10	182	204	138	114	181	29	83	138	30	40	50	198	88	94	114	182	203	204	182	10	50	29	30	30	151	204	203	40	30	40	227	138	227	10	40	88	83	181	203	181	227	204	30	50	29	181	198	203	88	40	10	198	198	227	88	203	29	10	88	198	227	44	138	151	151	204	227	10	50	29	88	10	30	50	30	88	227	114	182	204	30	151	203	50	30	40	29	10	50	88	203	182	198	88	50	88	10	181	40	227	50	29	30	40	227	88	181	50	203	151	88
205	10	205	205	20	5	5	268	268	205	10	205	13	13	45	15	15	5	23	23	20	110	151	23	110	101	101	101	15	30	30	268	23	126	126	35	44	44	38	38	10	205	20	190	44	45	182	182	205	110	10	268	99	151	114	151	114	126	205	151	38	23	23	205	35	151	110	67	67	110	70	70	70	182	44	182	10	13	268	35	175	175	175	44	205	99	45	268	30	151	70	70	70	190	114	182	182	10	151	99	35	101	101	101	205	151	30	10	44	151	110	67	182	126	114	190	205	99	67	35	182	99	190	151	30	10	126	268	268	99	30	268	151	114	44	35	205	114	44	190	44	205	99	10	182	190	182	268	268	151	67	151	99	30	205	67	10	67	182	151	114	151	126	175	44	205	182	99	67	30	30	151	30	205	175	175	175	114	182	151	10	151	182	67	10	10	67	205	182	44	190	268	99	175	175	99	67	10	114	99	190	114	182	151	182	205	67	67	30	30	99	268	205	151	67	99	10	182	44	205	67	10	30	175	268	151	151	182	205	99	10	99	268	190	268	30	10	67	114	114	182	99	268	30	10	99	190	182	175	175	268	151	182	205	67	67	30	99	10	99	67	30	30	205	190	182	205	99	268	268	67	30	67	99	67	10	99	151	205	190	30	10	99	10	268	67	182	67	30	30	10	205	30	268	10	268	268	30
206	10	206	206	5	5	5	206	206	206	10	206	15	15	38	15	15	5	32	32	5	32	125	23	32	126	126	126	15	10	10	206	32	126	126	35	37	37	38	38	10	206	5	81	44	38	125	125	254	32	10	254	67	125	37	125	37	126	67	125	38	23	23	254	35	10	23	67	67	23	35	35	35	125	37	125	107	15	254	35	81	81	81	44	67	67	38	254	10	185	35	35	35	81	44	10	10	125	125	67	35	126	126	126	206	125	107	107	108	10	23	67	125	126	44	163	67	67	67	35	185	67	175	10	125	125	126	206	206	186	107	206	185	108	108	35	254	37	44	163	164	186	67	10	185	81	125	67	67	107	67	10	206	125	206	186	107	186	185	185	108	185	126	163	164	186	10	186	67	10	10	185	107	206	175	175	175	164	107	107	10	10	10	206	125	185	186	254	185	108	175	67	206	163	163	186	186	10	44	186	248	164	107	10	10	67	206	206	185	185	186	254	254	185	206	206	185	185	164	186	186	107	125	248	186	107	107	10	67	206	185	254	254	175	254	10	125	206	108	164	107	186	186	107	107	206	163	185	248	248	186	107	107	67	254	254	125	206	125	254	186	107	185	254	248	107	186	254	67	67	206	125	254	254	254	107	254	107	186	248	107	125	254	185	67	254	107	254	185	185	185	186	125	186	185	186	186	185
207	10	207	207	6	5	6	206	207	207	10	206	28	15	39	15	28	6	18	18	5	18	125	23	18	126	113	113	28	50	10	207	32	126	113	35	74	37	38	39	50	207	6	82	44	38	184	125	254	32	50	254	68	184	74	125	37	113	67	184	39	61	61	255	35	10	61	67	68	61	35	79	79	184	74	125	156	28	255	79	82	81	82	138	68	67	39	255	50	185	35	79	79	81	138	50	10	184	184	67	79	126	113	113	207	184	156	107	108	50	23	68	184	113	44	163	68	68	67	79	185	68	176	50	184	125	126	207	206	157	107	207	185	108	189	79	255	74	138	194	218	157	68	10	230	82	184	67	68	156	68	10	207	125	206	157	156	157	185	230	189	230	113	163	164	186	50	157	68	50	10	230	156	207	176	175	176	218	156	107	50	50	10	207	184	185	186	254	230	189	175	68	207	194	194	186	157	50	138	157	249	164	107	50	50	67	206	207	230	185	186	254	255	230	207	206	230	230	218	157	186	156	184	249	157	156	156	50	68	206	230	255	255	176	255	50	184	206	189	218	156	157	157	156	107	207	194	230	248	249	186	107	156	68	254	255	184	207	125	254	157	107	230	255	248	107	157	254	67	68	207	125	255	255	254	156	255	156	186	249	156	184	255	185	68	255	156	255	230	185	230	157	184	157	230	157	186	230
208	10	208	208	4	5	6	185	230	208	10	209	12	13	12	15	16	17	61	62	20	66	185	23	69	70	71	72	28	29	30	216	23	35	79	35	134	108	15	28	40	262	42	160	44	13	208	209	209	110	50	185	29	216	160	185	133	119	30	230	16	61	62	208	35	10	66	10	50	69	70	71	72	208	189	209	40	77	216	79	134	108	189	83	29	30	77	230	88	185	70	71	72	133	94	29	30	216	216	30	79	70	71	72	208	230	29	10	108	40	110	40	262	79	114	133	88	29	10	119	209	88	94	50	208	185	35	216	185	29	30	230	185	133	134	119	262	238	138	160	83	29	88	10	208	238	262	10	50	40	40	10	208	209	209	40	50	50	209	216	160	216	119	108	44	30	88	29	50	29	30	230	88	262	83	44	138	94	29	10	40	40	30	216	230	185	10	209	208	189	114	40	208	134	189	30	40	50	198	88	94	114	30	50	29	30	185	230	208	209	30	185	208	230	216	209	216	262	138	88	10	40	262	83	40	50	40	88	29	209	230	208	216	198	230	88	216	185	238	198	88	88	50	29	10	262	238	262	44	138	10	10	29	88	185	230	208	262	185	209	50	30	262	262	114	30	29	209	10	50	230	209	216	208	185	50	262	50	30	198	88	230	262	185	40	216	88	230	208	209	216	88	262	40	230	50	10	262
209	10	209	209	20	5	5	185	185	209	10	209	13	13	13	15	15	5	23	23	20	110	185	23	110	70	70	70	15	30	30	185	23	35	35	35	108	108	15	15	10	209	20	133	44	13	209	209	209	110	10	185	30	185	133	185	133	35	30	185	15	23	23	209	35	10	110	10	10	110	70	70	70	209	108	209	10	13	185	35	108	108	108	44	30	30	13	185	30	185	70	70	70	133	114	30	30	185	185	30	35	70	70	70	209	185	30	10	108	10	110	10	209	35	114	133	30	30	10	35	209	30	114	10	209	185	35	185	185	30	30	185	185	133	108	35	209	133	44	133	44	30	30	10	209	133	209	10	10	10	10	10	209	209	209	10	10	10	209	185	133	185	35	108	44	30	30	30	10	30	30	185	30	209	44	44	44	114	30	10	10	10	30	185	185	185	10	209	209	108	114	10	209	108	108	30	10	10	114	30	114	114	30	10	30	30	185	185	209	209	30	185	209	185	185	209	185	209	44	30	10	10	209	44	10	10	10	30	30	209	185	209	185	114	185	30	185	185	133	114	30	30	10	30	10	209	133	209	44	44	10	10	30	30	185	185	209	209	185	209	10	30	209	209	114	30	30	209	10	10	185	209	185	209	185	10	209	10	30	114	30	185	209	185	10	185	30	185	209	209	185	30	209	10	185	10	10	209
210	10	210	210	20	5	5	186	186	210	10	210	13	13	45	15	15	5	32	32	20	49	107	23	49	101	101	101	15	30	30	186	32	126	126	35	164	164	38	38	10	210	20	264	44	45	130	130	99	49	10	67	99	107	201	107	201	126	99	107	38	23	23	99	35	10	110	67	67	110	70	70	70	130	164	130	107	13	67	35	248	248	248	44	99	99	45	67	30	10	70	70	70	264	114	30	30	107	107	99	35	101	101	101	210	107	130	107	44	10	110	67	130	126	114	190	99	99	67	35	30	99	190	10	130	107	126	186	186	210	130	186	10	114	44	35	99	201	44	190	164	210	99	10	30	264	130	67	67	107	67	10	210	130	210	186	107	186	30	10	114	10	126	175	164	210	30	210	67	30	30	10	130	210	175	175	175	201	130	107	10	10	30	186	107	10	186	99	30	44	190	67	210	175	175	210	186	10	114	210	264	201	130	10	30	99	186	186	30	30	210	67	99	10	186	210	10	30	164	210	186	107	130	248	186	107	107	30	99	210	10	99	67	190	67	30	107	186	114	201	130	210	186	130	107	210	190	30	248	248	186	107	130	99	67	67	130	210	107	99	186	130	30	99	264	130	210	99	67	67	186	130	67	99	67	107	99	107	210	264	130	107	99	10	67	67	130	67	30	30	10	210	130	186	10	186	186	30
211	10	211	211	5	5	5	211	211	211	10	211	15	15	38	15	15	5	23	23	5	23	132	23	23	126	126	126	15	10	10	211	23	126	126	35	108	108	38	38	10	211	5	163	44	38	132	132	211	23	10	211	67	132	108	132	108	126	268	132	38	23	23	211	35	151	23	67	67	23	35	35	35	132	108	132	10	15	211	35	163	163	163	44	268	67	38	211	10	132	35	35	35	163	44	151	151	185	132	67	35	126	126	126	211	132	10	10	108	151	23	67	132	126	44	163	268	67	67	35	132	67	175	151	185	185	126	211	211	67	10	211	132	108	108	35	211	108	44	163	44	268	67	10	132	163	132	268	268	151	67	151	254	185	211	67	10	67	132	132	108	132	126	163	44	268	151	67	67	10	10	132	10	211	175	175	175	44	151	151	10	151	151	254	185	185	67	211	132	108	175	268	254	163	163	67	67	10	44	67	175	44	151	151	151	268	254	254	185	185	67	211	211	132	254	254	185	132	44	268	67	10	185	175	268	151	151	151	268	254	185	254	211	175	211	10	185	254	108	44	151	67	268	10	10	254	163	132	175	175	268	151	151	268	254	254	185	254	185	254	67	10	185	211	175	151	268	254	268	268	254	185	254	254	254	10	254	151	268	175	10	185	254	185	268	254	151	254	185	185	185	268	185	268	185	268	268	185
212	10	212	212	4	5	6	211	234	212	10	187	12	13	14	15	16	17	61	62	20	66	132	23	69	101	102	103	28	29	30	232	23	126	113	35	134	108	38	39	40	263	42	139	44	45	188	158	187	110	50	211	52	159	160	132	133	162	205	213	60	61	62	212	35	151	66	67	68	69	70	71	72	188	189	158	40	77	232	79	193	163	194	83	228	99	86	234	88	132	70	71	72	115	94	204	182	216	159	99	79	101	102	103	212	213	29	10	108	181	110	111	247	113	114	115	253	52	67	119	158	121	122	203	208	185	126	232	211	52	30	234	132	133	134	119	263	238	138	139	83	228	121	10	188	246	247	268	269	181	111	151	231	209	187	111	50	68	158	159	160	159	162	163	44	205	227	52	68	29	30	213	88	263	174	175	176	94	204	151	40	181	182	272	230	185	67	187	188	189	190	284	231	193	194	99	111	50	198	121	122	114	182	203	204	205	254	255	208	209	99	211	212	213	272	267	216	247	138	253	67	40	262	174	284	203	181	227	228	267	230	231	232	233	234	88	216	254	238	198	227	121	269	29	10	276	246	247	175	176	268	151	204	253	254	255	208	276	185	267	68	30	262	263	190	182	228	267	268	269	255	209	272	231	254	50	276	203	205	233	88	230	276	185	284	272	227	255	208	209	216	253	262	284	230	269	268	262
213	10	213	213	6	5	6	132	213	213	10	132	28	15	28	15	28	6	61	61	5	61	132	23	61	35	79	79	28	50	10	213	23	35	79	35	189	108	15	28	50	213	6	189	44	15	213	132	132	23	50	132	50	213	189	132	108	79	151	213	28	61	61	213	35	151	61	10	50	61	35	79	79	213	189	132	50	28	213	79	189	108	189	138	203	10	28	213	50	132	35	79	79	108	138	203	151	230	213	10	79	35	79	79	213	213	50	10	108	203	23	50	213	79	44	108	203	50	10	79	132	50	138	203	230	185	35	213	132	50	10	213	132	108	189	79	213	189	138	189	138	203	50	10	213	189	213	151	203	203	50	151	230	185	132	50	50	50	132	213	189	213	79	108	44	151	203	50	50	50	10	213	50	213	138	44	138	138	203	151	50	203	151	230	230	185	10	132	213	189	44	203	230	189	189	10	50	50	138	50	138	44	151	203	203	151	185	230	230	185	10	132	213	213	230	185	230	213	138	203	10	50	230	138	203	203	203	203	203	185	230	230	213	138	213	50	230	185	189	138	203	50	203	50	10	230	189	213	44	138	151	151	203	203	185	230	230	230	185	185	50	10	230	213	44	151	203	185	151	203	230	185	230	230	185	50	230	203	151	138	50	230	230	185	203	230	203	230	230	185	230	203	230	203	230	203	151	230
214	10	214	214	17	5	6	237	270	214	10	237	16	15	60	15	16	17	18	19	5	19	258	23	18	33	57	34	28	40	10	214	32	33	34	35	36	37	38	39	40	270	6	80	44	38	236	258	274	32	50	274	111	97	36	125	37	57	118	281	60	61	62	285	64	143	62	67	68	61	35	119	79	97	74	125	76	28	285	79	80	81	82	83	150	118	39	287	50	283	64	135	100	81	83	180	143	97	236	67	100	126	162	113	183	184	76	107	108	180	23	111	281	113	44	163	168	150	118	119	283	68	174	197	97	125	126	183	206	155	107	207	185	108	134	135	287	74	138	193	140	196	168	143	290	82	184	118	168	221	150	10	183	125	206	155	156	157	185	216	134	290	162	163	164	220	197	196	168	180	143	294	156	207	174	175	176	140	221	244	180	40	10	183	184	185	186	254	216	189	175	150	214	193	194	220	196	197	138	157	223	164	244	50	40	67	206	207	216	185	186	254	272	230	214	237	216	294	218	260	220	221	184	223	196	275	76	50	111	206	230	272	272	176	255	197	236	237	189	218	275	260	260	221	244	207	194	230	248	249	220	107	76	68	254	255	236	270	258	274	260	244	230	255	248	107	155	254	67	68	270	258	272	285	274	275	255	156	186	249	275	281	287	283	111	285	156	287	290	283	290	157	281	155	294	157	186	294
215	10	215	215	20	5	5	237	237	215	10	215	13	13	45	15	15	5	32	32	20	49	258	23	49	25	25	25	15	30	30	237	32	33	33	35	37	37	38	38	10	215	20	93	44	45	271	271	259	49	10	274	99	125	56	125	56	33	85	258	38	23	23	259	64	143	110	67	67	110	70	70	70	153	37	153	107	13	274	35	81	81	81	44	85	85	45	274	30	283	90	90	90	93	114	170	170	125	258	99	64	101	101	101	229	125	130	107	108	143	110	67	271	126	114	115	85	85	118	35	289	99	190	143	153	125	126	206	206	210	130	206	185	133	108	64	259	56	44	115	164	195	85	143	289	93	153	118	118	244	118	10	229	153	229	186	107	186	209	185	133	283	126	163	164	195	170	195	118	170	170	283	130	229	175	175	175	201	261	244	143	10	30	206	125	185	186	267	209	108	190	118	215	163	163	195	220	143	114	210	264	201	261	10	30	99	206	206	209	209	210	254	267	185	237	215	185	289	164	195	220	244	153	248	220	244	107	30	99	229	185	267	254	190	254	170	258	237	133	201	261	195	220	261	244	229	115	209	248	248	220	107	130	99	254	254	271	215	258	259	220	261	209	267	264	130	210	267	67	67	237	271	254	259	274	244	267	107	210	264	261	258	259	283	67	274	130	274	289	289	283	210	271	186	283	186	186	289
216	10	216	216	17	5	6	185	230	216	10	185	16	15	16	15	16	17	61	62	5	62	185	23	61	35	119	79	28	40	10	216	23	35	79	35	134	108	15	28	40	230	6	134	44	15	216	185	185	23	50	185	40	216	134	185	108	119	10	230	16	61	62	216	35	10	62	10	50	61	35	119	79	216	189	185	40	28	216	79	134	108	189	83	40	10	28	230	50	185	35	119	79	108	83	40	10	216	216	10	79	35	119	79	216	230	40	10	108	40	23	40	230	79	44	108	50	40	10	119	185	50	83	50	216	185	35	216	185	40	10	230	185	108	134	119	230	189	138	134	83	40	50	10	216	189	230	10	50	40	40	10	216	185	185	40	50	50	185	216	134	216	119	108	44	10	50	40	50	40	10	230	50	230	83	44	138	83	40	10	40	40	10	216	230	185	10	185	216	189	44	40	216	134	189	10	40	50	138	50	83	44	10	50	40	10	185	230	216	185	10	185	216	230	216	185	216	230	138	50	10	40	230	83	40	50	40	50	40	185	230	216	216	138	230	50	216	185	189	138	50	50	50	40	10	230	189	230	44	138	10	10	40	50	185	230	216	230	185	185	50	10	230	230	44	10	40	185	10	50	230	185	216	216	185	50	230	50	10	138	50	230	230	185	40	216	50	230	216	185	216	50	230	40	230	50	10	230
217	10	217	217	42	5	6	89	171	217	10	120	77	13	77	15	28	6	61	61	20	69	89	23	69	90	92	92	28	88	30	171	23	64	100	35	189	108	15	28	50	217	42	238	44	13	217	120	120	110	50	89	88	213	238	132	133	100	96	171	28	61	61	217	64	65	69	10	50	69	70	72	72	247	189	158	50	77	171	79	189	108	189	138	166	170	77	171	88	89	90	92	92	133	198	166	96	230	171	30	100	70	72	72	247	213	88	10	108	123	110	50	217	79	114	133	166	235	143	79	120	88	198	123	262	185	35	213	132	88	30	213	132	133	189	100	217	238	138	238	138	166	235	143	217	238	247	65	123	123	197	151	262	209	158	50	50	50	158	213	238	171	79	108	44	96	166	235	197	235	170	171	88	247	138	44	138	198	166	65	197	203	182	230	230	185	10	158	247	189	114	123	297	189	189	170	197	197	198	88	198	114	96	203	227	182	185	230	262	209	30	132	247	213	294	289	230	217	138	166	143	197	262	138	123	123	203	227	227	209	230	262	213	198	213	235	294	283	238	198	166	235	123	235	143	262	238	247	44	138	65	151	227	227	185	230	297	297	283	289	197	170	262	247	114	182	227	209	151	203	294	289	230	297	283	197	262	203	182	198	235	294	297	283	203	294	227	294	297	289	294	227	297	203	294	203	151	297
218	44	218	218	6	5	6	164	218	218	44	164	28	15	28	15	28	6	18	18	5	18	164	23	18	15	28	28	28	138	44	218	32	15	28	15	218	164	15	28	138	218	6	218	44	15	218	164	44	32	138	44	138	218	218	164	164	28	44	218	28	61	61	138	15	44	61	44	138	61	15	28	28	218	218	164	218	28	138	28	218	164	218	138	138	44	28	138	138	44	15	28	28	164	138	138	44	218	218	44	28	15	28	28	218	218	218	164	44	138	23	138	218	28	44	44	138	138	44	28	44	138	138	138	218	164	15	218	164	218	164	218	44	44	138	28	138	218	138	138	218	218	138	44	138	218	218	44	138	218	138	44	218	164	164	218	218	218	44	138	138	138	28	44	164	164	138	218	138	138	44	138	218	218	138	44	138	218	218	164	138	138	44	218	218	44	164	44	138	138	44	138	218	138	138	164	218	138	138	218	218	164	164	138	138	44	164	218	138	44	164	44	138	138	218	164	138	138	218	218	164	218	218	218	218	218	218	138	138	164	138	138	138	138	138	138	218	164	138	218	218	218	218	218	164	218	138	138	164	218	164	164	218	138	44	138	218	218	164	44	218	164	138	138	164	164	218	44	44	138	218	164	138	138	44	218	138	218	164	218	218	218	138	44	138	138	218	138	138	44	138	218	218	218	138	218	164	138
219	10	219	219	42	5	6	250	242	219	10	165	77	13	86	15	28	6	18	18	20	24	179	23	24	25	27	27	28	88	30	242	32	33	34	35	218	164	38	39	50	219	42	279	44	45	240	202	58	49	50	147	121	277	239	251	201	34	58	225	39	61	61	116	64	65	69	67	68	69	70	72	72	286	218	265	156	77	148	79	249	248	249	138	116	85	86	148	88	65	90	92	92	264	198	166	96	156	225	99	100	101	103	103	291	277	172	107	44	123	110	68	240	113	114	190	116	142	118	79	96	121	233	123	172	107	126	295	296	199	130	295	151	114	138	100	116	239	138	233	218	219	142	143	166	279	286	147	148	225	168	151	199	130	278	157	156	157	182	203	198	123	113	175	164	165	166	241	168	235	170	123	172	291	176	175	176	239	240	179	197	203	182	157	156	10	186	205	227	138	190	148	241	176	176	195	260	197	198	199	279	201	202	203	227	205	186	157	88	30	210	268	253	203	260	195	50	166	218	219	220	275	172	249	242	225	277	227	253	210	50	121	269	233	269	235	275	220	198	239	240	241	242	280	244	199	233	227	248	249	250	251	286	253	67	68	280	241	244	85	260	261	88	253	264	265	291	99	268	269	260	261	68	142	118	275	121	277	278	279	280	275	142	143	269	168	286	168	235	170	197	291	280	295	197	295	296	235
220	10	220	220	5	5	5	220	220	220	10	220	15	15	38	15	15	5	32	32	5	32	244	23	32	33	33	33	15	10	10	220	32	33	33	35	164	164	38	38	10	220	5	248	44	38	244	244	118	32	10	118	67	107	164	107	164	33	118	244	38	23	23	118	64	143	23	67	67	23	35	35	35	107	164	107	107	15	118	35	248	248	248	44	118	118	38	118	10	143	64	64	64	248	44	143	143	107	244	67	64	126	126	126	186	107	107	107	44	143	23	67	244	126	44	175	118	118	118	35	143	67	175	143	107	107	126	186	186	186	107	186	10	44	44	64	118	164	44	175	164	220	118	143	143	248	107	118	118	244	118	10	186	107	186	186	107	186	10	10	44	143	126	175	164	220	143	220	118	143	143	143	107	186	175	175	175	164	244	244	143	10	10	186	107	10	186	67	10	44	175	118	220	175	175	220	220	143	44	186	248	164	244	10	10	67	186	186	10	10	186	67	67	10	220	220	10	143	164	220	220	244	107	248	220	244	107	10	67	186	10	67	67	175	67	143	244	220	44	164	244	220	220	244	244	186	175	10	248	248	220	107	107	67	67	67	244	220	244	118	220	244	10	67	248	107	186	67	67	67	220	244	67	118	118	244	67	107	186	248	244	244	118	143	67	118	107	118	143	143	143	186	244	186	143	186	186	143
221	10	221	221	17	5	6	244	275	221	10	244	16	15	16	15	16	17	18	19	5	19	244	23	18	64	135	100	28	40	10	221	32	64	100	35	140	164	15	28	40	275	6	140	44	15	221	244	143	32	50	143	40	76	140	107	164	135	143	275	16	61	62	180	64	143	62	10	50	61	35	119	79	76	218	107	76	28	180	79	140	164	218	83	180	143	28	197	50	143	64	135	100	164	83	180	143	76	221	10	100	35	119	79	76	156	76	107	44	180	23	40	275	79	44	44	197	180	143	119	143	50	83	197	76	107	35	76	107	76	107	156	10	44	83	135	197	218	138	83	140	221	197	143	180	218	156	143	197	221	180	10	76	107	107	76	156	156	10	40	83	180	119	44	164	244	197	221	197	180	143	197	156	156	83	44	138	140	221	244	180	40	10	76	156	10	107	10	40	138	44	180	221	83	138	244	221	197	138	156	140	164	244	50	40	10	107	156	40	10	107	10	40	50	221	244	40	197	218	275	244	221	156	140	221	275	76	50	40	107	50	40	40	138	50	197	221	244	138	218	275	275	275	221	244	156	138	50	164	218	244	107	76	50	10	50	221	275	244	143	275	244	50	50	164	107	76	10	10	50	275	244	40	180	143	275	50	156	107	218	275	275	197	143	40	180	156	197	180	143	180	156	275	76	197	156	107	197
222	10	222	222	42	5	6	125	184	222	10	153	77	13	77	15	28	6	18	18	20	24	125	23	24	70	72	72	28	88	30	184	32	35	79	35	74	37	15	28	50	222	42	137	44	13	222	153	209	49	50	185	88	184	137	125	56	79	30	184	28	61	61	262	35	10	69	10	50	69	70	72	72	222	74	153	156	77	230	79	74	37	74	138	88	30	77	230	88	185	70	72	72	56	198	88	30	184	184	30	79	70	72	72	222	184	172	107	108	50	110	50	222	79	114	133	88	88	10	79	209	88	198	50	222	125	35	184	125	172	130	184	185	133	189	79	262	137	138	238	218	172	88	10	262	137	222	10	50	156	50	10	222	153	153	156	156	156	209	230	238	230	79	108	164	130	88	172	50	88	30	230	172	222	138	44	138	239	172	107	50	50	30	184	184	185	107	209	262	189	114	50	222	189	189	130	156	50	198	172	239	201	130	50	88	30	125	184	262	209	130	185	262	230	184	153	230	262	218	172	107	156	222	218	156	156	156	88	88	153	230	262	230	198	230	88	184	125	238	239	172	172	156	172	107	222	238	262	164	218	107	107	172	88	185	230	222	222	125	209	156	130	262	262	201	130	172	209	10	50	184	153	230	262	185	156	262	156	130	239	172	184	262	185	50	230	172	230	262	209	230	172	222	156	230	156	107	262
223	44	223	223	17	5	6	248	249	223	44	248	16	15	60	15	16	17	18	19	5	19	164	23	18	38	60	39	28	83	44	223	32	38	39	15	140	164	38	39	83	249	6	223	44	38	140	164	175	32	138	175	174	140	140	164	164	60	175	218	60	61	62	174	15	44	62	175	176	61	15	16	28	140	218	164	140	28	174	28	223	248	249	83	174	175	39	176	138	44	15	16	28	248	83	83	44	140	140	175	28	38	60	39	223	218	140	164	44	83	23	174	218	39	44	175	176	174	175	16	44	176	174	138	140	164	38	223	248	223	164	249	44	44	83	16	176	218	138	174	140	223	176	44	83	249	218	175	176	140	174	44	223	164	248	223	218	249	44	83	83	83	60	175	164	248	138	223	176	83	44	138	218	249	174	175	176	140	140	164	83	83	44	223	218	44	248	175	83	138	175	174	223	174	176	248	223	138	138	249	223	164	164	138	83	175	248	249	83	44	248	175	174	138	223	248	83	138	218	249	248	140	218	223	223	218	140	138	174	248	138	174	174	176	176	138	140	248	138	218	218	249	249	140	164	249	176	138	248	249	248	164	140	176	175	176	140	249	164	175	249	164	138	176	248	164	223	175	175	176	249	164	174	174	175	218	176	218	248	249	218	218	176	44	174	174	218	176	83	44	83	249	218	223	138	249	248	138
224	10	224	224	17	5	6	250	242	224	10	250	16	15	60	15	16	17	18	19	5	19	179	23	18	33	57	34	28	40	10	224	32	33	34	35	140	164	38	39	40	242	6	223	44	38	149	179	147	32	50	147	111	226	140	251	164	57	147	225	60	61	62	191	64	65	62	67	68	61	35	119	79	226	218	251	76	28	191	79	223	248	249	83	191	118	39	148	50	65	64	135	100	248	83	109	65	76	149	67	100	126	162	113	293	277	76	107	44	109	23	111	225	113	44	175	148	150	118	119	65	68	174	123	76	107	126	293	296	155	107	295	151	44	83	135	148	218	138	174	140	224	168	143	109	249	277	147	148	149	150	151	155	107	296	155	156	157	151	181	83	109	162	175	164	250	123	196	168	180	143	123	156	295	174	175	176	140	149	179	180	181	151	155	156	10	186	268	181	138	175	191	196	174	176	220	196	197	138	157	223	164	179	203	181	268	186	157	40	10	186	268	284	203	196	220	40	123	218	242	220	221	156	223	224	225	226	203	284	186	50	111	284	176	269	197	221	220	138	218	225	260	242	221	244	157	176	203	248	249	250	251	226	269	67	68	221	260	244	118	260	244	50	269	248	251	293	67	268	269	260	244	111	150	118	275	68	277	296	249	275	275	168	143	284	150	277	168	180	143	180	295	275	293	197	295	296	197
225	10	225	225	6	5	6	179	225	225	10	179	28	15	28	15	28	6	18	18	5	18	179	23	18	64	100	100	28	50	10	225	32	64	100	35	218	164	15	28	50	225	6	218	44	15	225	179	65	32	50	65	50	277	218	251	164	100	65	225	28	61	61	123	64	65	61	10	50	61	35	79	79	277	218	251	156	28	123	79	218	164	218	138	123	143	28	123	50	65	64	100	100	164	138	123	65	156	225	10	100	35	79	79	277	277	156	107	44	123	23	50	225	79	44	44	123	197	143	79	65	50	138	123	156	107	35	277	251	156	107	277	151	44	138	100	123	218	138	138	218	225	197	143	123	218	277	65	123	225	197	151	156	107	251	156	156	156	151	203	138	123	79	44	164	179	123	275	197	197	143	123	156	277	138	44	138	218	225	179	197	203	151	156	156	10	107	151	203	138	44	123	275	138	138	244	275	197	138	156	218	164	179	203	203	151	107	156	50	10	107	151	203	203	275	244	50	123	218	225	244	275	156	218	225	225	277	203	203	107	50	50	203	138	203	197	275	244	138	218	225	275	225	275	244	156	138	203	164	218	179	251	277	203	10	50	275	275	244	143	275	244	50	203	164	251	277	10	151	203	275	244	50	197	143	275	50	277	251	218	275	275	197	143	203	197	277	197	197	143	197	277	275	277	197	277	251	197
226	10	226	226	17	5	6	251	277	226	10	251	16	15	16	15	16	17	18	19	5	19	251	23	18	35	119	79	28	40	10	226	32	35	79	35	140	164	15	28	40	277	6	140	44	15	226	251	151	32	50	151	40	226	140	251	164	119	151	277	16	61	62	181	35	151	62	10	50	61	35	119	79	226	218	251	76	28	181	79	140	164	218	83	181	10	28	203	50	151	35	119	79	164	83	181	151	76	226	10	79	35	119	79	226	277	76	107	44	181	23	40	277	79	44	44	203	40	10	119	151	50	83	203	76	107	35	226	251	76	107	277	151	44	83	119	203	218	138	83	140	226	50	10	181	218	277	151	203	226	40	151	76	107	251	76	156	156	151	181	83	181	119	44	164	251	203	76	50	40	10	203	156	277	83	44	138	140	226	251	40	181	151	76	156	10	107	151	181	138	44	181	76	83	138	107	76	50	138	156	140	164	251	203	181	151	107	156	40	10	107	151	181	203	76	107	40	203	218	277	107	76	156	140	226	277	226	203	181	107	50	40	181	138	203	50	76	107	138	218	277	156	277	76	107	156	138	203	164	218	251	251	226	203	10	50	76	156	107	10	156	107	50	203	164	251	226	10	151	203	156	107	40	40	10	156	50	277	251	218	156	156	50	10	181	40	277	50	40	10	40	277	156	226	50	277	251	50
227	10	227	227	42	5	6	151	203	227	10	182	77	13	77	15	28	6	61	61	20	69	151	23	69	70	72	72	28	88	30	203	23	35	79	35	138	44	15	28	50	227	42	198	44	13	227	182	182	110	50	151	88	203	198	151	114	79	182	203	28	61	61	227	35	151	69	10	50	69	70	72	72	227	138	182	50	77	203	79	138	44	138	138	227	30	77	203	88	151	70	72	72	114	198	227	182	50	203	30	79	70	72	72	227	203	88	10	44	203	110	50	227	79	114	114	227	88	10	79	182	88	198	203	88	10	35	203	151	88	30	203	151	114	138	79	227	198	138	198	138	227	88	10	227	198	227	151	203	203	50	151	88	30	182	50	50	50	182	203	198	203	79	44	44	182	227	88	50	88	30	203	88	227	138	44	138	198	227	151	50	203	182	50	50	10	10	182	227	138	114	203	88	138	138	30	50	50	198	88	198	114	182	203	227	182	10	50	88	30	30	151	227	203	50	30	50	227	138	227	10	50	88	138	203	203	203	227	227	30	50	88	203	198	203	88	50	10	198	198	227	88	203	88	10	88	198	227	44	138	151	151	227	227	10	50	88	88	10	30	50	30	88	227	114	182	227	30	151	203	50	30	50	88	10	50	88	203	182	198	88	50	88	10	203	50	227	50	88	30	50	227	88	203	50	203	151	88
228	10	228	228	4	5	6	268	269	228	10	205	12	13	14	15	16	17	61	62	20	66	151	23	69	101	102	103	28	29	30	284	23	126	113	35	83	44	38	39	40	253	42	122	44	45	204	182	205	110	50	268	52	181	94	151	114	162	205	203	60	61	62	228	35	151	66	67	68	69	70	71	72	204	138	182	40	77	284	79	174	175	176	83	228	99	86	269	88	151	70	71	72	190	94	204	182	40	181	99	79	101	102	103	228	203	29	10	44	181	110	111	227	113	114	190	253	52	67	119	182	121	122	203	29	10	126	284	268	52	30	269	151	114	83	119	253	198	138	122	83	228	121	10	204	233	227	268	269	181	111	151	52	30	205	111	50	68	182	181	94	181	162	175	44	205	227	52	68	29	30	203	88	253	174	175	176	94	204	151	40	181	182	111	50	10	67	205	204	138	190	284	52	174	176	99	111	50	198	121	122	114	182	203	204	205	67	68	29	30	99	268	228	203	111	99	40	227	138	253	67	40	88	174	284	203	181	227	228	99	50	52	284	233	269	88	40	67	198	198	227	121	269	29	10	121	233	227	175	176	268	151	204	253	67	68	29	121	10	99	68	30	88	253	190	182	228	99	268	269	68	30	111	52	67	50	121	203	205	233	88	50	121	10	284	111	227	68	29	30	40	253	88	284	50	269	268	88
229	10	229	229	20	5	5	206	206	229	10	229	13	13	45	15	15	5	32	32	20	49	125	23	49	101	101	101	15	30	30	206	32	126	126	35	37	37	38	38	10	229	20	93	44	45	153	153	267	49	10	254	99	125	56	125	56	126	99	125	38	23	23	267	35	10	110	67	67	110	70	70	70	153	37	153	107	13	254	35	81	81	81	44	99	99	45	254	30	185	70	70	70	93	114	30	30	125	125	99	35	101	101	101	229	125	130	107	108	10	110	67	153	126	114	115	99	99	67	35	209	99	190	10	153	125	126	206	206	210	130	206	185	133	108	35	267	56	44	115	164	210	99	10	209	93	153	67	67	107	67	10	229	153	229	186	107	186	209	185	133	185	126	163	164	210	30	210	67	30	30	185	130	229	175	175	175	201	130	107	10	10	30	206	125	185	186	267	209	108	190	67	229	163	163	210	186	10	114	210	264	201	130	10	30	99	206	206	209	209	210	254	267	185	206	229	185	209	164	210	186	107	153	248	186	107	107	30	99	229	185	267	254	190	254	30	125	206	133	201	130	210	186	130	107	229	115	209	248	248	186	107	130	99	254	254	153	229	125	267	186	130	209	267	264	130	210	267	67	67	206	153	254	267	254	107	267	107	210	264	130	125	267	185	67	254	130	254	209	209	185	210	153	186	185	186	186	209
230	10	230	230	6	5	6	185	230	230	10	185	28	15	28	15	28	6	61	61	5	61	185	23	61	35	79	79	28	50	10	230	23	35	79	35	189	108	15	28	50	230	6	189	44	15	230	185	185	23	50	185	50	230	189	185	108	79	10	230	28	61	61	230	35	10	61	10	50	61	35	79	79	230	189	185	50	28	230	79	189	108	189	138	50	10	28	230	50	185	35	79	79	108	138	50	10	230	230	10	79	35	79	79	230	230	50	10	108	50	23	50	230	79	44	108	50	50	10	79	185	50	138	50	230	185	35	230	185	50	10	230	185	108	189	79	230	189	138	189	138	50	50	10	230	189	230	10	50	50	50	10	230	185	185	50	50	50	185	230	189	230	79	108	44	10	50	50	50	50	10	230	50	230	138	44	138	138	50	10	50	50	10	230	230	185	10	185	230	189	44	50	230	189	189	10	50	50	138	50	138	44	10	50	50	10	185	230	230	185	10	185	230	230	230	185	230	230	138	50	10	50	230	138	50	50	50	50	50	185	230	230	230	138	230	50	230	185	189	138	50	50	50	50	10	230	189	230	44	138	10	10	50	50	185	230	230	230	185	185	50	10	230	230	44	10	50	185	10	50	230	185	230	230	185	50	230	50	10	138	50	230	230	185	50	230	50	230	230	185	230	50	230	50	230	50	10	230
231	10	231	231	4	5	6	254	255	231	10	267	12	13	14	15	16	17	61	62	20	66	185	23	69	101	102	103	28	29	30	272	23	126	113	35	134	108	38	39	40	276	42	139	44	45	208	209	267	110	50	254	52	216	160	185	133	162	99	230	60	61	62	231	35	10	66	67	68	69	70	71	72	208	189	209	40	77	272	79	193	163	194	83	52	99	86	255	88	185	70	71	72	115	94	29	30	216	216	99	79	101	102	103	231	230	29	10	108	40	110	111	262	113	114	115	121	52	67	119	209	121	122	50	208	185	126	272	254	52	30	255	185	133	134	119	276	238	138	139	83	52	121	10	208	246	262	67	68	40	111	10	231	209	267	111	50	68	209	216	160	216	162	163	44	99	88	52	68	29	30	230	88	276	174	175	176	94	29	10	40	40	30	272	230	185	67	267	208	189	190	111	231	193	194	99	111	50	198	121	122	114	30	50	29	99	254	255	208	209	99	254	231	230	272	267	216	262	138	121	67	40	262	174	111	50	40	88	52	267	230	231	272	233	255	88	216	254	238	198	88	121	68	29	10	276	246	262	175	176	67	10	29	121	254	255	208	276	185	267	68	30	262	276	190	30	52	267	67	68	255	209	272	231	254	50	276	50	99	233	88	230	276	185	111	272	88	255	208	209	216	121	262	111	230	68	67	262
232	10	232	232	17	5	6	211	234	232	10	211	16	15	60	15	16	17	61	62	5	62	132	23	61	126	162	113	28	40	10	232	23	126	113	35	134	108	38	39	40	234	6	193	44	38	159	132	211	23	50	211	111	159	134	132	108	162	268	213	60	61	62	232	35	151	62	67	68	61	35	119	79	159	189	132	40	28	232	79	193	163	194	83	284	67	39	234	50	132	35	119	79	163	83	181	151	216	159	67	79	126	162	113	232	213	40	10	108	181	23	111	213	113	44	163	269	111	67	119	132	68	174	203	216	185	126	232	211	111	10	234	132	108	134	119	234	189	138	193	83	284	68	10	159	194	213	268	269	181	111	151	272	185	211	111	50	68	132	159	134	159	162	163	44	268	203	111	68	40	10	213	50	234	174	175	176	83	181	151	40	181	151	272	230	185	67	211	159	189	175	284	272	193	194	67	111	50	138	68	174	44	151	203	181	268	254	255	216	185	67	211	232	213	272	254	216	213	138	269	67	40	230	174	284	203	181	203	284	254	230	272	232	176	234	50	216	254	189	138	203	68	269	40	10	255	194	213	175	176	268	151	181	269	254	255	216	255	185	254	68	10	230	234	175	151	284	254	268	269	255	185	272	272	254	50	255	203	268	176	50	230	255	185	284	272	203	255	216	185	216	269	230	284	230	269	268	230
233	44	233	233	42	5	6	175	176	233	44	190	77	13	86	15	28	6	61	61	20	69	44	23	69	45	86	86	28	198	114	176	23	38	39	15	138	44	38	39	138	233	42	233	44	45	198	114	190	110	138	175	233	138	198	44	114	39	190	138	39	61	61	233	15	44	69	175	176	69	13	77	77	198	138	114	138	77	176	28	176	175	176	138	233	190	86	176	198	44	13	77	77	190	198	198	114	138	138	190	28	45	86	86	233	138	198	44	44	138	110	176	198	39	114	190	233	233	175	28	114	233	233	138	198	44	38	176	175	233	114	176	44	114	138	28	233	198	138	233	138	233	233	44	198	233	198	175	176	138	176	44	233	114	190	176	138	176	114	138	198	138	39	175	44	190	198	233	176	198	114	138	198	233	176	175	176	198	198	44	138	138	114	176	138	44	175	190	198	138	190	176	233	176	176	190	176	138	198	233	233	114	114	138	198	190	175	176	198	114	190	175	233	138	176	190	138	198	138	233	175	138	198	176	176	138	138	198	233	190	138	233	176	233	176	198	138	175	198	198	198	233	176	198	44	233	233	198	175	176	175	44	198	233	175	176	198	233	44	190	176	114	198	233	190	114	233	190	175	176	176	114	176	233	175	138	233	138	190	233	198	138	233	44	176	176	198	176	198	114	138	233	198	176	138	176	175	198
234	10	234	234	6	5	6	211	234	234	10	211	28	15	39	15	28	6	61	61	5	61	132	23	61	126	113	113	28	50	10	234	23	126	113	35	189	108	38	39	50	234	6	194	44	38	213	132	211	23	50	211	68	213	189	132	108	113	268	213	39	61	61	234	35	151	61	67	68	61	35	79	79	213	189	132	50	28	234	79	194	163	194	138	269	67	39	234	50	132	35	79	79	163	138	203	151	230	213	67	79	126	113	113	234	213	50	10	108	203	23	68	213	113	44	163	269	68	67	79	132	68	176	203	230	185	126	234	211	68	10	234	132	108	189	79	234	189	138	194	138	269	68	10	213	194	213	268	269	203	68	151	255	185	211	68	50	68	132	213	189	213	113	163	44	268	203	68	68	50	10	213	50	234	176	175	176	138	203	151	50	203	151	255	230	185	67	211	213	189	175	269	255	194	194	67	68	50	138	68	176	44	151	203	203	268	254	255	230	185	67	211	234	213	255	254	230	213	138	269	67	50	230	176	269	203	203	203	269	254	230	255	234	176	234	50	230	254	189	138	203	68	269	50	10	255	194	213	175	176	268	151	203	269	254	255	230	255	185	254	68	10	230	234	175	151	269	254	268	269	255	185	255	255	254	50	255	203	268	176	50	230	255	185	269	255	203	255	230	185	230	269	230	269	230	269	268	230
235	10	235	235	42	5	6	143	197	235	10	170	77	13	77	15	28	6	61	61	20	69	143	23	69	90	92	92	28	88	30	197	23	64	100	35	138	44	15	28	50	235	42	198	44	13	235	170	170	110	50	143	88	50	198	10	114	100	170	197	28	61	61	235	64	143	69	10	50	69	70	72	72	88	138	30	50	77	197	79	138	44	138	138	235	170	77	197	88	143	90	92	92	114	198	235	170	50	197	30	100	70	72	72	88	50	88	10	44	197	110	50	235	79	114	114	235	235	143	79	170	88	198	197	88	10	35	50	10	88	30	50	10	114	138	100	235	198	138	198	138	235	235	143	235	198	88	143	197	197	197	10	88	30	30	50	50	50	30	50	198	197	79	44	44	170	235	235	197	235	170	197	88	88	138	44	138	198	235	143	197	50	30	50	50	10	10	30	88	138	114	197	235	138	138	170	197	197	198	88	198	114	170	50	88	30	10	50	88	30	30	10	88	50	197	170	50	235	138	235	143	197	88	138	197	197	50	88	88	30	50	88	50	198	50	235	197	143	198	198	235	235	197	235	143	88	198	88	44	138	143	10	88	88	10	50	235	235	143	170	197	170	88	88	114	30	88	30	10	50	197	170	50	235	143	197	88	50	30	198	235	197	235	143	50	197	88	197	235	170	197	88	235	50	197	50	10	235
236	10	236	236	17	5	6	258	281	236	10	258	16	15	16	15	16	17	18	19	5	19	258	23	18	64	135	100	28	40	10	236	32	64	100	35	36	37	15	28	40	281	6	36	44	15	236	258	283	32	50	283	40	97	36	125	37	135	143	281	16	61	62	290	64	143	62	10	50	61	35	119	79	97	74	125	76	28	290	79	36	37	74	83	180	143	28	294	50	283	64	135	100	37	83	180	143	97	236	10	100	35	119	79	97	184	76	107	108	180	23	40	281	79	44	108	197	180	143	119	283	50	83	197	97	125	35	97	125	76	107	184	185	108	134	135	294	74	138	134	140	221	197	143	290	74	184	143	197	221	180	10	97	125	125	76	156	156	185	216	134	290	119	108	164	244	197	221	197	180	143	294	156	184	83	44	138	140	221	244	180	40	10	97	184	185	107	185	216	189	44	180	236	134	189	244	221	197	138	156	140	164	244	50	40	10	125	184	216	185	107	185	216	230	236	258	216	294	218	275	244	221	184	140	221	275	76	50	40	125	230	216	216	138	230	197	236	258	189	218	275	275	275	221	244	184	189	230	164	218	244	107	76	50	185	230	236	281	258	283	275	244	230	230	164	107	76	185	10	50	281	258	216	290	283	275	230	156	107	218	275	281	294	283	40	290	156	294	290	283	290	156	281	76	294	156	107	294
237	10	237	237	5	5	5	237	237	237	10	237	15	15	38	15	15	5	32	32	5	32	258	23	32	33	33	33	15	10	10	237	32	33	33	35	37	37	38	38	10	237	5	81	44	38	258	258	274	32	10	274	67	125	37	125	37	33	118	258	38	23	23	274	64	143	23	67	67	23	35	35	35	125	37	125	107	15	274	35	81	81	81	44	118	118	38	274	10	283	64	64	64	81	44	143	143	125	258	67	64	126	126	126	206	125	107	107	108	143	23	67	258	126	44	163	118	118	118	35	283	67	175	143	125	125	126	206	206	186	107	206	185	108	108	64	274	37	44	163	164	220	118	143	283	81	125	118	118	244	118	10	206	125	206	186	107	186	185	185	108	283	126	163	164	220	143	220	118	143	143	283	107	206	175	175	175	164	244	244	143	10	10	206	125	185	186	254	185	108	175	118	237	163	163	220	220	143	44	186	248	164	244	10	10	67	206	206	185	185	186	254	254	185	237	237	185	283	164	220	220	244	125	248	220	244	107	10	67	206	185	254	254	175	254	143	258	237	108	164	244	220	220	244	244	206	163	185	248	248	220	107	107	67	254	254	258	237	258	274	220	244	185	254	248	107	186	254	67	67	237	258	254	274	274	244	254	107	186	248	244	258	274	283	67	274	107	274	283	283	283	186	258	186	283	186	186	283
238	44	238	238	42	5	6	108	189	238	44	133	77	13	77	15	28	6	61	61	20	69	108	23	69	13	77	77	28	198	114	189	23	15	28	15	189	108	15	28	138	238	42	238	44	13	238	133	133	110	138	108	198	189	238	108	133	28	114	189	28	61	61	238	15	44	69	44	138	69	13	77	77	238	189	133	138	77	189	28	189	108	189	138	198	114	77	189	198	108	13	77	77	133	198	198	114	189	189	114	28	13	77	77	238	189	198	44	108	138	110	138	238	28	114	133	198	198	44	28	133	198	198	138	238	108	15	189	108	198	114	189	108	133	189	28	238	238	138	238	138	198	198	44	238	238	238	44	138	138	138	44	238	133	133	138	138	138	133	189	238	189	28	108	44	114	198	198	138	198	114	189	198	238	138	44	138	198	198	44	138	138	114	189	189	108	44	133	238	189	114	138	238	189	189	114	138	138	198	198	198	114	114	138	198	114	108	189	238	133	114	108	238	189	189	133	189	238	138	198	44	138	238	138	138	138	138	198	198	133	189	238	189	198	189	198	189	108	238	198	198	198	138	198	44	238	238	238	44	138	44	44	198	198	108	189	238	238	108	133	138	114	238	238	114	114	198	133	44	138	189	133	189	238	108	138	238	138	114	198	198	189	238	108	138	189	198	189	238	133	189	198	238	138	189	138	44	238
239	44	239	239	42	5	6	164	218	239	44	201	77	13	77	15	28	6	18	18	20	24	164	23	24	13	77	77	28	198	114	218	32	15	28	15	218	164	15	28	138	239	42	239	44	13	239	201	114	49	138	44	198	218	239	164	201	28	114	218	28	61	61	198	15	44	69	44	138	69	13	77	77	239	218	201	218	77	138	28	218	164	218	138	198	114	77	138	198	44	13	77	77	201	198	198	114	218	218	114	28	13	77	77	239	218	239	164	44	138	110	138	239	28	114	114	198	198	44	28	114	198	198	138	239	164	15	218	164	239	201	218	44	114	138	28	198	239	138	198	218	239	198	44	198	239	239	44	138	218	138	44	239	201	201	218	218	218	114	138	198	138	28	44	164	201	198	239	138	198	114	138	239	239	138	44	138	239	239	164	138	138	114	218	218	44	164	114	198	138	114	138	239	138	138	201	218	138	198	239	239	201	201	138	198	114	164	218	198	114	201	44	198	138	218	201	138	198	218	239	164	218	239	218	218	218	218	198	198	201	138	198	138	198	138	198	218	164	198	239	239	239	218	239	164	239	198	198	164	218	164	164	239	198	44	138	239	239	164	114	218	201	198	198	201	201	239	114	44	138	218	201	138	198	44	218	198	218	201	239	239	218	198	44	138	138	239	138	198	114	138	239	239	218	138	218	164	198
240	10	240	240	42	5	6	179	225	240	10	202	77	13	77	15	28	6	18	18	20	24	179	23	24	90	92	92	28	88	30	225	32	64	100	35	218	164	15	28	50	240	42	239	44	13	240	202	96	49	50	65	88	277	239	251	201	100	96	225	28	61	61	166	64	65	69	10	50	69	70	72	72	286	218	265	156	77	123	79	218	164	218	138	166	170	77	123	88	65	90	92	92	201	198	166	96	156	225	30	100	70	72	72	286	277	172	107	44	123	110	50	240	79	114	114	166	235	143	79	96	88	198	123	172	107	35	277	251	172	130	277	151	114	138	100	166	239	138	198	218	240	235	143	166	239	286	65	123	225	197	151	172	130	265	156	156	156	182	203	198	123	79	44	164	202	166	280	197	235	170	123	172	286	138	44	138	239	240	179	197	203	182	156	156	10	107	182	227	138	114	123	280	138	138	261	275	197	198	172	239	201	202	203	227	182	107	156	88	30	130	151	227	203	275	261	50	166	218	240	244	275	172	218	225	225	277	227	227	130	50	88	203	198	203	235	275	244	198	239	240	280	225	280	244	172	198	227	164	218	179	251	286	227	10	50	280	280	244	170	275	261	88	227	201	265	286	30	151	203	275	261	50	235	143	275	88	277	265	239	280	275	235	143	203	197	286	197	235	170	197	286	280	277	197	277	251	235
241	10	241	241	42	5	6	220	260	241	10	195	77	13	86	15	28	6	18	18	20	24	244	23	24	25	27	27	28	88	30	260	32	33	34	35	218	164	38	39	50	241	42	279	44	45	280	261	85	49	50	118	121	156	239	107	201	34	85	275	39	61	61	142	64	143	69	67	68	69	70	72	72	172	218	130	156	77	168	79	249	248	249	138	142	85	86	168	88	143	90	92	92	264	198	235	170	156	275	99	100	101	103	103	199	156	172	107	44	197	110	68	280	113	114	190	142	142	118	79	170	121	233	197	172	107	126	157	186	199	130	157	10	114	138	100	142	239	138	233	218	241	142	143	235	279	172	118	168	275	168	10	199	130	210	157	156	157	30	50	198	197	113	175	164	195	235	241	168	235	170	197	172	199	176	175	176	239	280	244	197	50	30	157	156	10	186	99	88	138	190	168	241	176	176	195	260	197	198	199	279	201	261	50	88	99	186	157	88	30	210	67	121	50	260	195	50	235	218	241	220	275	172	249	260	275	156	88	121	210	50	121	68	233	68	235	275	220	198	239	280	241	260	280	244	199	233	88	248	249	220	107	172	121	67	68	280	241	244	85	260	261	88	121	264	130	199	99	67	68	260	261	68	142	118	275	121	156	210	279	280	275	142	143	68	168	172	168	235	170	197	199	280	157	197	157	186	235
242	10	242	242	6	5	6	250	242	242	10	250	28	15	39	15	28	6	18	18	5	18	179	23	18	33	34	34	28	50	10	242	32	33	34	35	218	164	38	39	50	242	6	249	44	38	225	179	147	32	50	147	68	277	218	251	164	34	147	225	39	61	61	148	64	65	61	67	68	61	35	79	79	277	218	251	156	28	148	79	249	248	249	138	148	118	39	148	50	65	64	100	100	248	138	123	65	156	225	67	100	126	113	113	295	277	156	107	44	123	23	68	225	113	44	175	148	168	118	79	65	68	176	123	156	107	126	295	296	157	107	295	151	44	138	100	148	218	138	176	218	242	168	143	123	249	277	147	148	225	168	151	157	107	296	157	156	157	151	203	138	123	113	175	164	250	123	260	168	197	143	123	156	295	176	175	176	218	225	179	197	203	151	157	156	10	186	268	203	138	175	148	260	176	176	220	260	197	138	157	249	164	179	203	203	268	186	157	50	10	186	268	269	203	260	220	50	123	218	242	220	275	156	249	242	225	277	203	269	186	50	68	269	176	269	197	275	220	138	218	225	260	242	275	244	157	176	203	248	249	250	251	277	269	67	68	275	260	244	118	260	244	50	269	248	251	295	67	268	269	260	244	68	168	118	275	68	277	296	249	275	275	168	143	269	168	277	168	197	143	197	295	275	295	197	295	296	197
243	10	243	243	4	5	6	244	275	243	10	261	12	13	12	15	16	17	18	19	20	21	244	23	24	90	91	92	28	29	30	221	32	64	100	35	140	164	15	28	40	280	42	177	44	13	243	261	170	49	50	143	29	76	177	107	201	135	170	275	16	61	62	169	64	143	66	10	50	69	70	71	72	106	218	130	76	77	180	79	140	164	218	83	169	170	77	197	88	143	90	91	92	201	94	169	170	76	221	30	100	70	71	72	106	156	106	107	44	180	110	40	280	79	114	114	235	169	143	119	170	88	94	197	106	107	35	76	107	106	130	156	10	114	83	135	235	239	138	94	140	243	235	143	169	239	172	143	197	221	180	10	106	130	130	76	156	156	30	40	94	180	119	44	164	261	235	243	197	169	170	197	172	172	83	44	138	177	243	244	180	40	30	76	156	10	107	30	29	138	114	180	243	83	138	261	221	197	198	172	177	201	261	50	29	30	107	156	29	30	130	10	29	50	221	261	40	235	218	280	244	221	172	140	221	275	76	88	29	130	50	29	40	198	50	235	221	244	198	239	280	280	275	243	244	172	198	88	164	218	244	107	106	88	10	50	243	280	244	170	275	261	88	88	201	130	106	30	10	50	275	261	40	169	143	275	88	156	130	239	280	275	235	143	40	180	172	197	169	170	180	172	280	76	197	156	107	235
244	10	244	244	5	5	5	244	244	244	10	244	15	15	15	15	15	5	32	32	5	32	244	23	32	64	64	64	15	10	10	244	32	64	64	35	164	164	15	15	10	244	5	164	44	15	244	244	143	32	10	143	10	107	164	107	164	64	143	244	15	23	23	143	64	143	23	10	10	23	35	35	35	107	164	107	107	15	143	35	164	164	164	44	143	143	15	143	10	143	64	64	64	164	44	143	143	107	244	10	64	35	35	35	107	107	107	107	44	143	23	10	244	35	44	44	143	143	143	35	143	10	44	143	107	107	35	107	107	107	107	107	10	44	44	64	143	164	44	44	164	244	143	143	143	164	107	143	143	244	143	10	107	107	107	107	107	107	10	10	44	143	35	44	164	244	143	244	143	143	143	143	107	107	44	44	44	164	244	244	143	10	10	107	107	10	107	10	10	44	44	143	244	44	44	244	244	143	44	107	164	164	244	10	10	10	107	107	10	10	107	10	10	10	244	244	10	143	164	244	244	244	107	164	244	244	107	10	10	107	10	10	10	44	10	143	244	244	44	164	244	244	244	244	244	107	44	10	164	164	244	107	107	10	10	10	244	244	244	143	244	244	10	10	164	107	107	10	10	10	244	244	10	143	143	244	10	107	107	164	244	244	143	143	10	143	107	143	143	143	143	107	244	107	143	107	107	143
245	10	245	245	42	5	6	206	207	245	10	229	77	13	86	15	28	6	18	18	20	24	125	23	24	101	103	103	28	88	30	207	32	126	113	35	74	37	38	39	50	245	42	145	44	45	222	153	267	49	50	254	121	184	137	125	56	113	99	184	39	61	61	276	35	10	69	67	68	69	70	72	72	222	74	153	156	77	255	79	82	81	82	138	121	99	86	255	88	185	70	72	72	93	198	88	30	184	184	99	79	101	103	103	245	184	172	107	108	50	110	68	222	113	114	115	121	121	67	79	209	121	233	50	222	125	126	207	206	199	130	207	185	133	189	79	276	137	138	246	218	199	121	10	262	145	222	67	68	156	68	10	245	153	229	157	156	157	209	230	238	230	113	163	164	210	88	199	68	88	30	230	172	245	176	175	176	239	172	107	50	50	30	207	184	185	186	267	262	189	190	68	245	194	194	210	157	50	198	199	279	201	130	50	88	99	206	207	262	209	210	254	276	230	207	229	230	262	218	199	186	156	222	249	157	156	156	88	121	229	230	276	255	233	255	88	184	206	238	239	172	199	157	172	107	245	246	262	248	249	186	107	172	121	254	255	222	245	125	267	157	130	262	276	264	130	199	267	67	68	207	153	255	276	254	156	276	156	210	279	172	184	276	185	68	255	172	255	262	209	230	199	222	157	230	157	186	262
246	44	246	246	42	5	6	163	194	246	44	115	77	13	86	15	28	6	61	61	20	69	108	23	69	45	86	86	28	198	114	194	23	38	39	15	189	108	38	39	138	246	42	246	44	45	238	133	115	110	138	163	233	189	238	108	133	39	190	189	39	61	61	246	15	44	69	175	176	69	13	77	77	238	189	133	138	77	194	28	194	163	194	138	233	190	86	194	198	108	13	77	77	115	198	198	114	189	189	190	28	45	86	86	246	189	198	44	108	138	110	176	238	39	114	115	233	233	175	28	133	233	233	138	238	108	38	194	163	233	114	194	108	133	189	28	246	238	138	246	138	233	233	44	238	246	238	175	176	138	176	44	246	133	115	176	138	176	133	189	238	189	39	163	44	190	198	233	176	198	114	189	198	246	176	175	176	198	198	44	138	138	114	194	189	108	175	115	238	189	190	176	246	194	194	190	176	138	198	233	233	114	114	138	198	190	163	194	238	133	190	163	246	189	194	115	189	238	138	233	175	138	238	176	176	138	138	198	233	115	189	246	194	233	194	198	189	163	238	198	198	233	176	198	44	246	246	238	175	176	175	44	198	233	163	194	238	246	108	115	176	114	238	246	190	114	233	115	175	176	194	133	194	246	163	138	246	138	190	233	198	189	246	108	176	194	198	194	238	133	189	233	238	176	189	176	175	238
247	10	247	247	42	5	6	132	213	247	10	158	77	13	77	15	28	6	61	61	20	69	132	23	69	70	72	72	28	88	30	213	23	35	79	35	189	108	15	28	50	247	42	238	44	13	247	158	158	110	50	132	88	213	238	132	133	79	182	213	28	61	61	247	35	151	69	10	50	69	70	72	72	247	189	158	50	77	213	79	189	108	189	138	227	30	77	213	88	132	70	72	72	133	198	227	182	230	213	30	79	70	72	72	247	213	88	10	108	203	110	50	247	79	114	133	227	88	10	79	158	88	198	203	262	185	35	213	132	88	30	213	132	133	189	79	247	238	138	238	138	227	88	10	247	238	247	151	203	203	50	151	262	209	158	50	50	50	158	213	238	213	79	108	44	182	227	88	50	88	30	213	88	247	138	44	138	198	227	151	50	203	182	230	230	185	10	158	247	189	114	203	262	189	189	30	50	50	198	88	198	114	182	203	227	182	185	230	262	209	30	132	247	213	230	209	230	247	138	227	10	50	262	138	203	203	203	227	227	209	230	262	213	198	213	88	230	185	238	198	227	88	203	88	10	262	238	247	44	138	151	151	227	227	185	230	262	262	185	209	50	30	262	247	114	182	227	209	151	203	230	209	230	262	185	50	262	203	182	198	88	230	262	185	203	230	227	230	262	209	230	227	262	203	230	203	151	262
248	44	248	248	5	5	5	248	248	248	44	248	15	15	38	15	15	5	32	32	5	32	164	23	32	38	38	38	15	44	44	248	32	38	38	15	164	164	38	38	44	248	5	248	44	38	164	164	175	32	44	175	175	164	164	164	164	38	175	164	38	23	23	175	15	44	23	175	175	23	15	15	15	164	164	164	164	15	175	15	248	248	248	44	175	175	38	175	44	44	15	15	15	248	44	44	44	164	164	175	15	38	38	38	248	164	164	164	44	44	23	175	164	38	44	175	175	175	175	15	44	175	175	44	164	164	38	248	248	248	164	248	44	44	44	15	175	164	44	175	164	248	175	44	44	248	164	175	175	164	175	44	248	164	248	248	164	248	44	44	44	44	38	175	164	248	44	248	175	44	44	44	164	248	175	175	175	164	164	164	44	44	44	248	164	44	248	175	44	44	175	175	248	175	175	248	248	44	44	248	248	164	164	44	44	175	248	248	44	44	248	175	175	44	248	248	44	44	164	248	248	164	164	248	248	164	164	44	175	248	44	175	175	175	175	44	164	248	44	164	164	248	248	164	164	248	175	44	248	248	248	164	164	175	175	175	164	248	164	175	248	164	44	175	248	164	248	175	175	175	248	164	175	175	175	164	175	164	248	248	164	164	175	44	175	175	164	175	44	44	44	248	164	248	44	248	248	44
249	44	249	249	6	5	6	248	249	249	44	248	28	15	39	15	28	6	18	18	5	18	164	23	18	38	39	39	28	138	44	249	32	38	39	15	218	164	38	39	138	249	6	249	44	38	218	164	175	32	138	175	176	218	218	164	164	39	175	218	39	61	61	176	15	44	61	175	176	61	15	28	28	218	218	164	218	28	176	28	249	248	249	138	176	175	39	176	138	44	15	28	28	248	138	138	44	218	218	175	28	38	39	39	249	218	218	164	44	138	23	176	218	39	44	175	176	176	175	28	44	176	176	138	218	164	38	249	248	249	164	249	44	44	138	28	176	218	138	176	218	249	176	44	138	249	218	175	176	218	176	44	249	164	248	249	218	249	44	138	138	138	39	175	164	248	138	249	176	138	44	138	218	249	176	175	176	218	218	164	138	138	44	249	218	44	248	175	138	138	175	176	249	176	176	248	249	138	138	249	249	164	164	138	138	175	248	249	138	44	248	175	176	138	249	248	138	138	218	249	248	218	218	249	249	218	218	138	176	248	138	176	176	176	176	138	218	248	138	218	218	249	249	218	164	249	176	138	248	249	248	164	218	176	175	176	218	249	164	175	249	164	138	176	248	164	249	175	175	176	249	164	176	176	175	218	176	218	248	249	218	218	176	44	176	176	218	176	138	44	138	249	218	249	138	249	248	138
250	10	250	250	5	5	5	250	250	250	10	250	15	15	38	15	15	5	32	32	5	32	179	23	32	33	33	33	15	10	10	250	32	33	33	35	164	164	38	38	10	250	5	248	44	38	179	179	147	32	10	147	67	251	164	251	164	33	147	179	38	23	23	147	64	65	23	67	67	23	35	35	35	251	164	251	107	15	147	35	248	248	248	44	147	118	38	147	10	65	64	64	64	248	44	65	65	107	179	67	64	126	126	126	296	251	107	107	44	65	23	67	179	126	44	175	147	118	118	35	65	67	175	65	107	107	126	296	296	186	107	296	151	44	44	64	147	164	44	175	164	250	118	143	65	248	251	147	147	179	118	151	186	107	296	186	107	186	151	151	44	65	126	175	164	250	65	220	118	143	143	65	107	296	175	175	175	164	179	179	143	151	151	186	107	10	186	268	151	44	175	147	220	175	175	220	220	143	44	186	248	164	179	151	151	268	186	186	10	10	186	268	268	151	220	220	10	65	164	250	220	244	107	248	250	179	251	151	268	186	10	67	268	175	268	143	244	220	44	164	179	220	250	244	244	186	175	151	248	248	250	251	251	268	67	67	244	220	244	118	220	244	10	268	248	251	296	67	268	268	220	244	67	118	118	244	67	251	296	248	244	244	118	143	268	118	251	118	143	143	143	296	244	296	143	296	296	143
251	10	251	251	5	5	5	251	251	251	10	251	15	15	15	15	15	5	32	32	5	32	251	23	32	35	35	35	15	10	10	251	32	35	35	35	164	164	15	15	10	251	5	164	44	15	251	251	151	32	10	151	10	251	164	251	164	35	151	251	15	23	23	151	35	151	23	10	10	23	35	35	35	251	164	251	107	15	151	35	164	164	164	44	151	10	15	151	10	151	35	35	35	164	44	151	151	107	251	10	35	35	35	35	251	251	107	107	44	151	23	10	251	35	44	44	151	10	10	35	151	10	44	151	107	107	35	251	251	107	107	251	151	44	44	35	151	164	44	44	164	251	10	10	151	164	251	151	151	251	10	151	107	107	251	107	107	107	151	151	44	151	35	44	164	251	151	107	10	10	10	151	107	251	44	44	44	164	251	251	10	151	151	107	107	10	107	151	151	44	44	151	107	44	44	107	107	10	44	107	164	164	251	151	151	151	107	107	10	10	107	151	151	151	107	107	10	151	164	251	107	107	107	164	251	251	251	151	151	107	10	10	151	44	151	10	107	107	44	164	251	107	251	107	107	107	44	151	164	164	251	251	251	151	10	10	107	107	107	10	107	107	10	151	164	251	251	10	151	151	107	107	10	10	10	107	10	251	251	164	107	107	10	10	151	10	251	10	10	10	10	251	107	251	10	251	251	10
252	10	252	252	4	5	6	251	277	252	10	265	12	13	12	15	16	17	18	19	20	21	251	23	24	70	71	72	28	29	30	226	32	35	79	35	140	164	15	28	40	286	42	177	44	13	252	265	182	49	50	151	29	226	177	251	201	119	182	277	16	61	62	204	35	151	66	10	50	69	70	71	72	252	218	265	76	77	181	79	140	164	218	83	204	30	77	203	88	151	70	71	72	201	94	204	182	76	226	30	79	70	71	72	252	277	106	107	44	181	110	40	286	79	114	114	227	29	10	119	182	88	94	203	106	107	35	226	251	106	130	277	151	114	83	119	227	239	138	94	140	252	88	10	204	239	286	151	203	226	40	151	106	130	265	76	156	156	182	181	94	181	119	44	164	265	227	106	50	29	30	203	172	286	83	44	138	177	252	251	40	181	182	76	156	10	107	182	204	138	114	181	106	83	138	130	76	50	198	172	177	201	265	203	204	182	107	156	29	30	130	151	204	203	76	130	40	227	218	286	107	76	172	140	226	277	226	227	204	130	50	29	181	198	203	88	76	107	198	239	286	172	277	106	107	172	198	227	164	218	251	251	252	227	10	50	106	172	107	30	156	130	88	227	201	265	252	30	151	203	156	130	40	29	10	156	88	277	265	239	172	156	88	10	181	40	286	50	29	30	40	286	172	226	50	277	251	88
253	10	253	253	42	5	6	268	269	253	10	205	77	13	86	15	28	6	61	61	20	69	151	23	69	101	103	103	28	88	30	269	23	126	113	35	138	44	38	39	50	253	42	233	44	45	227	182	205	110	50	268	121	203	198	151	114	113	205	203	39	61	61	253	35	151	69	67	68	69	70	72	72	227	138	182	50	77	269	79	176	175	176	138	253	99	86	269	88	151	70	72	72	190	198	227	182	50	203	99	79	101	103	103	253	203	88	10	44	203	110	68	227	113	114	190	253	121	67	79	182	121	233	203	88	10	126	269	268	121	30	269	151	114	138	79	253	198	138	233	138	253	121	10	227	233	227	268	269	203	68	151	121	30	205	68	50	68	182	203	198	203	113	175	44	205	227	121	68	88	30	203	88	253	176	175	176	198	227	151	50	203	182	68	50	10	67	205	227	138	190	269	121	176	176	99	68	50	198	121	233	114	182	203	227	205	67	68	88	30	99	268	253	203	68	99	50	227	138	253	67	50	88	176	269	203	203	227	253	99	50	121	269	233	269	88	50	67	198	198	227	121	269	88	10	121	233	227	175	176	268	151	227	253	67	68	88	121	10	99	68	30	88	253	190	182	253	99	268	269	68	30	68	121	67	50	121	203	205	233	88	50	121	10	269	68	227	68	88	30	50	253	88	269	50	269	268	88
254	10	254	254	5	5	5	254	254	254	10	254	15	15	38	15	15	5	23	23	5	23	185	23	23	126	126	126	15	10	10	254	23	126	126	35	108	108	38	38	10	254	5	163	44	38	185	185	254	23	10	254	67	185	108	185	108	126	67	185	38	23	23	254	35	10	23	67	67	23	35	35	35	185	108	185	10	15	254	35	163	163	163	44	67	67	38	254	10	185	35	35	35	163	44	10	10	185	185	67	35	126	126	126	254	185	10	10	108	10	23	67	185	126	44	163	67	67	67	35	185	67	175	10	185	185	126	254	254	67	10	254	185	108	108	35	254	108	44	163	44	67	67	10	185	163	185	67	67	10	67	10	254	185	254	67	10	67	185	185	108	185	126	163	44	67	10	67	67	10	10	185	10	254	175	175	175	44	10	10	10	10	10	254	185	185	67	254	185	108	175	67	254	163	163	67	67	10	44	67	175	44	10	10	10	67	254	254	185	185	67	254	254	185	254	254	185	185	44	67	67	10	185	175	67	10	10	10	67	254	185	254	254	175	254	10	185	254	108	44	10	67	67	10	10	254	163	185	175	175	67	10	10	67	254	254	185	254	185	254	67	10	185	254	175	10	67	254	67	67	254	185	254	254	254	10	254	10	67	175	10	185	254	185	67	254	10	254	185	185	185	67	185	67	185	67	67	185
255	10	255	255	6	5	6	254	255	255	10	254	28	15	39	15	28	6	61	61	5	61	185	23	61	126	113	113	28	50	10	255	23	126	113	35	189	108	38	39	50	255	6	194	44	38	230	185	254	23	50	254	68	230	189	185	108	113	67	230	39	61	61	255	35	10	61	67	68	61	35	79	79	230	189	185	50	28	255	79	194	163	194	138	68	67	39	255	50	185	35	79	79	163	138	50	10	230	230	67	79	126	113	113	255	230	50	10	108	50	23	68	230	113	44	163	68	68	67	79	185	68	176	50	230	185	126	255	254	68	10	255	185	108	189	79	255	189	138	194	138	68	68	10	230	194	230	67	68	50	68	10	255	185	254	68	50	68	185	230	189	230	113	163	44	67	50	68	68	50	10	230	50	255	176	175	176	138	50	10	50	50	10	255	230	185	67	254	230	189	175	68	255	194	194	67	68	50	138	68	176	44	10	50	50	67	254	255	230	185	67	254	255	230	255	254	230	230	138	68	67	50	230	176	68	50	50	50	68	254	230	255	255	176	255	50	230	254	189	138	50	68	68	50	10	255	194	230	175	176	67	10	50	68	254	255	230	255	185	254	68	10	230	255	175	10	68	254	67	68	255	185	255	255	254	50	255	50	67	176	50	230	255	185	68	255	50	255	230	185	230	68	230	68	230	68	67	230
256	10	256	256	4	5	6	258	281	256	10	271	12	13	12	15	16	17	18	19	20	21	258	23	24	90	91	92	28	29	30	236	32	64	100	35	36	37	15	28	40	292	42	54	44	13	256	271	289	49	50	283	29	97	54	125	56	135	170	281	16	61	62	288	64	143	66	10	50	69	70	71	72	124	74	153	76	77	290	79	36	37	74	83	169	170	77	294	88	283	90	91	92	56	94	169	170	97	236	30	100	70	71	72	124	184	106	107	108	180	110	40	292	79	114	133	235	169	143	119	289	88	94	197	124	125	35	97	125	106	130	184	185	133	134	135	297	137	138	160	140	243	235	143	288	137	222	143	197	221	180	10	124	153	153	76	156	156	209	216	160	290	119	108	164	261	235	243	197	169	170	294	172	222	83	44	138	177	243	244	180	40	30	97	184	185	107	209	208	189	114	180	256	134	189	261	221	197	198	172	177	201	261	50	29	30	125	184	208	209	130	185	208	230	236	271	216	297	218	280	244	221	222	140	221	275	76	88	29	153	230	208	216	198	230	235	236	258	238	239	280	280	275	243	244	222	238	262	164	218	244	107	106	88	185	230	256	292	258	289	275	261	262	262	201	130	106	209	10	50	281	271	216	288	283	275	262	156	130	239	280	281	297	283	40	290	172	294	288	289	290	172	292	76	294	156	107	297
257	10	257	257	42	5	6	237	270	257	10	215	77	13	86	15	28	6	18	18	20	24	258	23	24	25	27	27	28	88	30	270	32	33	34	35	74	37	38	39	50	257	42	145	44	45	292	271	259	49	50	274	121	184	137	125	56	34	85	281	39	61	61	282	64	143	69	67	68	69	70	72	72	222	74	153	156	77	287	79	82	81	82	138	142	85	86	287	88	283	90	92	92	93	198	235	170	184	281	99	100	101	103	103	245	184	172	107	108	197	110	68	292	113	114	115	142	142	118	79	289	121	233	197	222	125	126	207	206	199	130	207	185	133	189	100	282	137	138	246	218	241	142	143	297	145	222	118	168	275	168	10	245	153	229	157	156	157	209	230	238	294	113	163	164	195	235	241	168	235	170	294	172	245	176	175	176	239	280	244	197	50	30	207	184	185	186	267	262	189	190	168	257	194	194	195	260	197	198	199	279	201	261	50	88	99	206	207	262	209	210	254	276	230	270	215	230	297	218	241	220	275	222	249	260	275	156	88	121	229	230	276	255	233	255	235	281	237	238	239	280	241	260	280	244	245	246	262	248	249	220	107	172	121	254	255	292	257	258	259	260	261	262	276	264	130	199	267	67	68	270	271	255	282	274	275	276	156	210	279	280	281	282	283	68	287	172	287	297	289	294	199	292	157	294	157	186	297
258	10	258	258	5	5	5	258	258	258	10	258	15	15	15	15	15	5	32	32	5	32	258	23	32	64	64	64	15	10	10	258	32	64	64	35	37	37	15	15	10	258	5	37	44	15	258	258	283	32	10	283	10	125	37	125	37	64	143	258	15	23	23	283	64	143	23	10	10	23	35	35	35	125	37	125	107	15	283	35	37	37	37	44	143	143	15	283	10	283	64	64	64	37	44	143	143	125	258	10	64	35	35	35	125	125	107	107	108	143	23	10	258	35	44	108	143	143	143	35	283	10	44	143	125	125	35	125	125	107	107	125	185	108	108	64	283	37	44	108	164	244	143	143	283	37	125	143	143	244	143	10	125	125	125	107	107	107	185	185	108	283	35	108	164	244	143	244	143	143	143	283	107	125	44	44	44	164	244	244	143	10	10	125	125	185	107	185	185	108	44	143	258	108	108	244	244	143	44	107	164	164	244	10	10	10	125	125	185	185	107	185	185	185	258	258	185	283	164	244	244	244	125	164	244	244	107	10	10	125	185	185	185	44	185	143	258	258	108	164	244	244	244	244	244	125	108	185	164	164	244	107	107	10	185	185	258	258	258	283	244	244	185	185	164	107	107	185	10	10	258	258	185	283	283	244	185	107	107	164	244	258	283	283	10	283	107	283	283	283	283	107	258	107	283	107	107	283
259	10	259	259	20	5	5	274	274	259	10	259	13	13	45	15	15	5	23	23	20	110	283	23	110	25	25	25	15	30	30	274	23	33	33	35	108	108	38	38	10	259	20	115	44	45	289	289	259	110	10	274	99	185	133	185	133	33	85	283	38	23	23	259	64	143	110	67	67	110	70	70	70	209	108	209	10	13	274	35	163	163	163	44	85	85	45	274	30	283	90	90	90	115	114	170	170	185	283	99	64	101	101	101	267	185	30	10	108	143	110	67	289	126	114	115	85	85	118	35	289	99	190	143	209	185	126	254	254	99	30	254	185	133	108	64	259	133	44	115	44	85	85	143	289	115	209	118	118	143	118	10	267	209	267	67	10	67	209	185	133	283	126	163	44	85	170	85	118	170	170	283	30	267	175	175	175	114	170	143	143	10	30	254	185	185	67	267	209	108	190	118	259	163	163	85	118	143	114	99	190	114	170	10	30	99	254	254	209	209	99	254	267	185	274	259	185	289	44	85	118	143	209	175	118	143	10	30	99	267	185	267	254	190	254	170	283	274	133	114	170	85	118	170	143	267	115	209	175	175	118	10	30	99	254	254	289	259	283	259	118	170	209	267	190	30	99	267	67	67	274	289	254	259	274	143	267	10	99	190	170	283	259	283	67	274	30	274	289	289	283	99	289	67	283	67	67	289
260	10	260	260	6	5	6	220	260	260	10	220	28	15	39	15	28	6	18	18	5	18	244	23	18	33	34	34	28	50	10	260	32	33	34	35	218	164	38	39	50	260	6	249	44	38	275	244	118	32	50	118	68	156	218	107	164	34	118	275	39	61	61	168	64	143	61	67	68	61	35	79	79	156	218	107	156	28	168	79	249	248	249	138	168	118	39	168	50	143	64	100	100	248	138	197	143	156	275	67	100	126	113	113	157	156	156	107	44	197	23	68	275	113	44	175	168	168	118	79	143	68	176	197	156	107	126	157	186	157	107	157	10	44	138	100	168	218	138	176	218	260	168	143	197	249	156	118	168	275	168	10	157	107	186	157	156	157	10	50	138	197	113	175	164	220	197	260	168	197	143	197	156	157	176	175	176	218	275	244	197	50	10	157	156	10	186	67	50	138	175	168	260	176	176	220	260	197	138	157	249	164	244	50	50	67	186	157	50	10	186	67	68	50	260	220	50	197	218	260	220	275	156	249	260	275	156	50	68	186	50	68	68	176	68	197	275	220	138	218	275	260	260	275	244	157	176	50	248	249	220	107	156	68	67	68	275	260	244	118	260	244	50	68	248	107	157	67	67	68	260	244	68	168	118	275	68	156	186	249	275	275	168	143	68	168	156	168	197	143	197	157	275	157	197	157	186	197
261	10	261	261	20	5	5	244	244	261	10	261	13	13	13	15	15	5	32	32	20	49	244	23	49	90	90	90	15	30	30	244	32	64	64	35	164	164	15	15	10	261	20	201	44	13	261	261	170	49	10	143	30	107	201	107	201	64	170	244	15	23	23	170	64	143	110	10	10	110	70	70	70	130	164	130	107	13	143	35	164	164	164	44	170	170	13	143	30	143	90	90	90	201	114	170	170	107	244	30	64	70	70	70	130	107	130	107	44	143	110	10	261	35	114	114	170	170	143	35	170	30	114	143	130	107	35	107	107	130	130	107	10	114	44	64	170	201	44	114	164	261	170	143	170	201	130	143	143	244	143	10	130	130	130	107	107	107	30	10	114	143	35	44	164	261	170	261	143	170	170	143	130	130	44	44	44	201	261	244	143	10	30	107	107	10	107	30	30	44	114	143	261	44	44	261	244	143	114	130	201	201	261	10	30	30	107	107	30	30	130	10	30	10	244	261	10	170	164	261	244	244	130	164	244	244	107	30	30	130	10	30	10	114	10	170	244	244	114	201	261	261	244	261	244	130	114	30	164	164	244	107	130	30	10	10	261	261	244	170	244	261	30	30	201	130	130	30	10	10	244	261	10	170	143	244	30	107	130	201	261	244	170	143	10	143	130	143	170	170	143	130	261	107	143	107	107	170
262	10	262	262	42	5	6	185	230	262	10	209	77	13	77	15	28	6	61	61	20	69	185	23	69	70	72	72	28	88	30	230	23	35	79	35	189	108	15	28	50	262	42	238	44	13	262	209	209	110	50	185	88	230	238	185	133	79	30	230	28	61	61	262	35	10	69	10	50	69	70	72	72	262	189	209	50	77	230	79	189	108	189	138	88	30	77	230	88	185	70	72	72	133	198	88	30	230	230	30	79	70	72	72	262	230	88	10	108	50	110	50	262	79	114	133	88	88	10	79	209	88	198	50	262	185	35	230	185	88	30	230	185	133	189	79	262	238	138	238	138	88	88	10	262	238	262	10	50	50	50	10	262	209	209	50	50	50	209	230	238	230	79	108	44	30	88	88	50	88	30	230	88	262	138	44	138	198	88	10	50	50	30	230	230	185	10	209	262	189	114	50	262	189	189	30	50	50	198	88	198	114	30	50	88	30	185	230	262	209	30	185	262	230	230	209	230	262	138	88	10	50	262	138	50	50	50	88	88	209	230	262	230	198	230	88	230	185	238	198	88	88	50	88	10	262	238	262	44	138	10	10	88	88	185	230	262	262	185	209	50	30	262	262	114	30	88	209	10	50	230	209	230	262	185	50	262	50	30	198	88	230	262	185	50	230	88	230	262	209	230	88	262	50	230	50	10	262
263	10	263	263	42	5	6	211	234	263	10	187	77	13	86	15	28	6	61	61	20	69	132	23	69	101	103	103	28	88	30	234	23	126	113	35	189	108	38	39	50	263	42	246	44	45	247	158	187	110	50	211	121	213	238	132	133	113	205	213	39	61	61	263	35	151	69	67	68	69	70	72	72	247	189	158	50	77	234	79	194	163	194	138	253	99	86	234	88	132	70	72	72	115	198	227	182	230	213	99	79	101	103	103	263	213	88	10	108	203	110	68	247	113	114	115	253	121	67	79	158	121	233	203	262	185	126	234	211	121	30	234	132	133	189	79	263	238	138	246	138	253	121	10	247	246	247	268	269	203	68	151	276	209	187	68	50	68	158	213	238	213	113	163	44	205	227	121	68	88	30	213	88	263	176	175	176	198	227	151	50	203	182	255	230	185	67	187	247	189	190	269	276	194	194	99	68	50	198	121	233	114	182	203	227	205	254	255	262	209	99	211	263	213	255	267	230	247	138	253	67	50	262	176	269	203	203	227	253	267	230	276	234	233	234	88	230	254	238	198	227	121	269	88	10	276	246	247	175	176	268	151	227	253	254	255	262	276	185	267	68	30	262	263	190	182	253	267	268	269	255	209	255	276	254	50	276	203	205	233	88	230	276	185	269	255	227	255	262	209	230	253	262	269	230	269	268	262
264	44	264	264	20	5	5	248	248	264	44	264	13	13	45	15	15	5	32	32	20	49	164	23	49	45	45	45	15	114	114	248	32	38	38	15	164	164	38	38	44	264	20	264	44	45	201	201	190	49	44	175	190	164	201	164	201	38	190	164	38	23	23	190	15	44	110	175	175	110	13	13	13	201	164	201	164	13	175	15	248	248	248	44	190	190	45	175	114	44	13	13	13	264	114	114	114	164	164	190	15	45	45	45	264	164	201	164	44	44	110	175	201	38	114	190	190	190	175	15	114	190	190	44	201	164	38	248	248	264	201	248	44	114	44	15	190	201	44	190	164	264	190	44	114	264	201	175	175	164	175	44	264	201	264	248	164	248	114	44	114	44	38	175	164	264	114	264	175	114	114	44	201	264	175	175	175	201	201	164	44	44	114	248	164	44	248	190	114	44	190	175	264	175	175	264	248	44	114	264	264	201	201	44	114	190	248	248	114	114	264	175	190	44	248	264	44	114	164	264	248	164	201	248	248	164	164	114	190	264	44	190	175	190	175	114	164	248	114	201	201	264	248	201	164	264	190	114	248	248	248	164	201	190	175	175	201	264	164	190	248	201	114	190	264	201	264	190	175	175	248	201	175	190	175	164	190	164	264	264	201	164	190	44	175	175	201	175	114	114	44	264	201	248	44	248	248	114
265	10	265	265	20	5	5	251	251	265	10	265	13	13	13	15	15	5	32	32	20	49	251	23	49	70	70	70	15	30	30	251	32	35	35	35	164	164	15	15	10	265	20	201	44	13	265	265	182	49	10	151	30	251	201	251	201	35	182	251	15	23	23	182	35	151	110	10	10	110	70	70	70	265	164	265	107	13	151	35	164	164	164	44	182	30	13	151	30	151	70	70	70	201	114	182	182	107	251	30	35	70	70	70	265	251	130	107	44	151	110	10	265	35	114	114	182	30	10	35	182	30	114	151	130	107	35	251	251	130	130	251	151	114	44	35	182	201	44	114	164	265	30	10	182	201	265	151	151	251	10	151	130	130	265	107	107	107	182	151	114	151	35	44	164	265	182	130	10	30	30	151	130	265	44	44	44	201	265	251	10	151	182	107	107	10	107	182	182	44	114	151	130	44	44	130	107	10	114	130	201	201	265	151	182	182	107	107	30	30	130	151	182	151	107	130	10	182	164	265	107	107	130	164	251	251	251	182	182	130	10	30	151	114	151	30	107	107	114	201	265	130	251	130	107	130	114	182	164	164	251	251	265	182	10	10	130	130	107	30	107	130	30	182	201	265	265	30	151	151	107	130	10	30	10	107	30	251	265	201	130	107	30	10	151	10	265	10	30	30	10	265	130	251	10	251	251	30
266	10	266	266	4	5	6	296	295	266	10	278	12	13	14	15	16	17	18	19	20	21	251	23	24	101	102	103	28	29	30	293	32	126	113	35	140	164	38	39	40	291	42	200	44	45	252	265	205	49	50	268	52	226	177	251	201	162	205	277	60	61	62	228	35	151	66	67	68	69	70	71	72	252	218	265	76	77	284	79	223	248	249	83	228	99	86	269	88	151	70	71	72	264	94	204	182	76	226	99	79	101	102	103	266	277	106	107	44	181	110	111	286	113	114	190	253	52	67	119	182	121	122	203	106	107	126	293	296	129	130	295	151	114	83	119	253	239	138	122	140	266	121	10	204	279	286	268	269	226	111	151	129	130	278	155	156	157	182	181	94	181	162	175	164	278	227	129	68	29	30	203	172	291	174	175	176	177	252	251	40	181	182	155	156	10	186	205	204	138	190	284	129	174	176	210	155	50	198	199	200	201	265	203	204	205	186	157	29	30	210	268	228	203	155	210	40	227	218	291	186	76	172	223	293	277	226	227	228	210	50	52	284	233	269	88	76	186	198	239	286	199	295	106	107	199	233	227	248	249	296	251	252	253	67	68	106	199	107	99	157	130	88	253	264	265	266	99	268	269	157	130	111	52	67	156	121	277	278	279	172	156	121	10	284	111	286	68	29	30	40	291	172	293	50	295	296	88
267	10	267	267	20	5	5	254	254	267	10	267	13	13	45	15	15	5	23	23	20	110	185	23	110	101	101	101	15	30	30	254	23	126	126	35	108	108	38	38	10	267	20	115	44	45	209	209	267	110	10	254	99	185	133	185	133	126	99	185	38	23	23	267	35	10	110	67	67	110	70	70	70	209	108	209	10	13	254	35	163	163	163	44	99	99	45	254	30	185	70	70	70	115	114	30	30	185	185	99	35	101	101	101	267	185	30	10	108	10	110	67	209	126	114	115	99	99	67	35	209	99	190	10	209	185	126	254	254	99	30	254	185	133	108	35	267	133	44	115	44	99	99	10	209	115	209	67	67	10	67	10	267	209	267	67	10	67	209	185	133	185	126	163	44	99	30	99	67	30	30	185	30	267	175	175	175	114	30	10	10	10	30	254	185	185	67	267	209	108	190	67	267	163	163	99	67	10	114	99	190	114	30	10	30	99	254	254	209	209	99	254	267	185	254	267	185	209	44	99	67	10	209	175	67	10	10	30	99	267	185	267	254	190	254	30	185	254	133	114	30	99	67	30	10	267	115	209	175	175	67	10	30	99	254	254	209	267	185	267	67	30	209	267	190	30	99	267	67	67	254	209	254	267	254	10	267	10	99	190	30	185	267	185	67	254	30	254	209	209	185	99	209	67	185	67	67	209
268	10	268	268	5	5	5	268	268	268	10	268	15	15	38	15	15	5	23	23	5	23	151	23	23	126	126	126	15	10	10	268	23	126	126	35	44	44	38	38	10	268	5	175	44	38	151	151	268	23	10	268	67	151	44	151	44	126	268	151	38	23	23	268	35	151	23	67	67	23	35	35	35	151	44	151	10	15	268	35	175	175	175	44	268	67	38	268	10	151	35	35	35	175	44	151	151	10	151	67	35	126	126	126	268	151	10	10	44	151	23	67	151	126	44	175	268	67	67	35	151	67	175	151	10	10	126	268	268	67	10	268	151	44	44	35	268	44	44	175	44	268	67	10	151	175	151	268	268	151	67	151	67	10	268	67	10	67	151	151	44	151	126	175	44	268	151	67	67	10	10	151	10	268	175	175	175	44	151	151	10	151	151	67	10	10	67	268	151	44	175	268	67	175	175	67	67	10	44	67	175	44	151	151	151	268	67	67	10	10	67	268	268	151	67	67	10	151	44	268	67	10	10	175	268	151	151	151	268	67	10	67	268	175	268	10	10	67	44	44	151	67	268	10	10	67	175	151	175	175	268	151	151	268	67	67	10	67	10	67	67	10	10	268	175	151	268	67	268	268	67	10	67	67	67	10	67	151	268	175	10	10	67	10	268	67	151	67	10	10	10	268	10	268	10	268	268	10
269	10	269	269	6	5	6	268	269	269	10	268	28	15	39	15	28	6	61	61	5	61	151	23	61	126	113	113	28	50	10	269	23	126	113	35	138	44	38	39	50	269	6	176	44	38	203	151	268	23	50	268	68	203	138	151	44	113	268	203	39	61	61	269	35	151	61	67	68	61	35	79	79	203	138	151	50	28	269	79	176	175	176	138	269	67	39	269	50	151	35	79	79	175	138	203	151	50	203	67	79	126	113	113	269	203	50	10	44	203	23	68	203	113	44	175	269	68	67	79	151	68	176	203	50	10	126	269	268	68	10	269	151	44	138	79	269	138	138	176	138	269	68	10	203	176	203	268	269	203	68	151	68	10	268	68	50	68	151	203	138	203	113	175	44	268	203	68	68	50	10	203	50	269	176	175	176	138	203	151	50	203	151	68	50	10	67	268	203	138	175	269	68	176	176	67	68	50	138	68	176	44	151	203	203	268	67	68	50	10	67	268	269	203	68	67	50	203	138	269	67	50	50	176	269	203	203	203	269	67	50	68	269	176	269	50	50	67	138	138	203	68	269	50	10	68	176	203	175	176	268	151	203	269	67	68	50	68	10	67	68	10	50	269	175	151	269	67	268	269	68	10	68	68	67	50	68	203	268	176	50	50	68	10	269	68	203	68	50	10	50	269	50	269	50	269	268	50
270	10	270	270	6	5	6	237	270	270	10	237	28	15	39	15	28	6	18	18	5	18	258	23	18	33	34	34	28	50	10	270	32	33	34	35	74	37	38	39	50	270	6	82	44	38	281	258	274	32	50	274	68	184	74	125	37	34	118	281	39	61	61	287	64	143	61	67	68	61	35	79	79	184	74	125	156	28	287	79	82	81	82	138	168	118	39	287	50	283	64	100	100	81	138	197	143	184	281	67	100	126	113	113	207	184	156	107	108	197	23	68	281	113	44	163	168	168	118	79	283	68	176	197	184	125	126	207	206	157	107	207	185	108	189	100	287	74	138	194	218	260	168	143	294	82	184	118	168	275	168	10	207	125	206	157	156	157	185	230	189	294	113	163	164	220	197	260	168	197	143	294	156	207	176	175	176	218	275	244	197	50	10	207	184	185	186	254	230	189	175	168	270	194	194	220	260	197	138	157	249	164	244	50	50	67	206	207	230	185	186	254	255	230	270	237	230	294	218	260	220	275	184	249	260	275	156	50	68	206	230	255	255	176	255	197	281	237	189	218	275	260	260	275	244	207	194	230	248	249	220	107	156	68	254	255	281	270	258	274	260	244	230	255	248	107	157	254	67	68	270	258	255	287	274	275	255	156	186	249	275	281	287	283	68	287	156	287	294	283	294	157	281	157	294	157	186	294
271	10	271	271	20	5	5	258	258	271	10	271	13	13	13	15	15	5	32	32	20	49	258	23	49	90	90	90	15	30	30	258	32	64	64	35	37	37	15	15	10	271	20	56	44	13	271	271	289	49	10	283	30	125	56	125	56	64	170	258	15	23	23	289	64	143	110	10	10	110	70	70	70	153	37	153	107	13	283	35	37	37	37	44	170	170	13	283	30	283	90	90	90	56	114	170	170	125	258	30	64	70	70	70	153	125	130	107	108	143	110	10	271	35	114	133	170	170	143	35	289	30	114	143	153	125	35	125	125	130	130	125	185	133	108	64	289	56	44	133	164	261	170	143	289	56	153	143	143	244	143	10	153	153	153	107	107	107	209	185	133	283	35	108	164	261	170	261	143	170	170	283	130	153	44	44	44	201	261	244	143	10	30	125	125	185	107	209	209	108	114	143	271	108	108	261	244	143	114	130	201	201	261	10	30	30	125	125	209	209	130	185	209	185	258	271	185	289	164	261	244	244	153	164	244	244	107	30	30	153	185	209	185	114	185	170	258	258	133	201	261	261	244	261	244	153	133	209	164	164	244	107	130	30	185	185	271	271	258	289	244	261	209	209	201	130	130	209	10	10	258	271	185	289	283	244	209	107	130	201	261	258	289	283	10	283	130	283	289	289	283	130	271	107	283	107	107	289
272	10	272	272	17	5	6	254	255	272	10	254	16	15	60	15	16	17	61	62	5	62	185	23	61	126	162	113	28	40	10	272	23	126	113	35	134	108	38	39	40	255	6	193	44	38	216	185	254	23	50	254	111	216	134	185	108	162	67	230	60	61	62	272	35	10	62	67	68	61	35	119	79	216	189	185	40	28	272	79	193	163	194	83	111	67	39	255	50	185	35	119	79	163	83	40	10	216	216	67	79	126	162	113	272	230	40	10	108	40	23	111	230	113	44	163	68	111	67	119	185	68	174	50	216	185	126	272	254	111	10	255	185	108	134	119	255	189	138	193	83	111	68	10	216	194	230	67	68	40	111	10	272	185	254	111	50	68	185	216	134	216	162	163	44	67	50	111	68	40	10	230	50	255	174	175	176	83	40	10	40	40	10	272	230	185	67	254	216	189	175	111	272	193	194	67	111	50	138	68	174	44	10	50	40	67	254	255	216	185	67	254	272	230	272	254	216	230	138	68	67	40	230	174	111	50	40	50	111	254	230	272	272	176	255	50	216	254	189	138	50	68	68	40	10	255	194	230	175	176	67	10	40	68	254	255	216	255	185	254	68	10	230	255	175	10	111	254	67	68	255	185	272	272	254	50	255	50	67	176	50	230	255	185	111	272	50	255	216	185	216	68	230	111	230	68	67	230
273	10	273	273	4	5	6	274	287	273	10	259	12	13	14	15	16	17	61	62	20	66	283	23	69	25	26	27	28	29	30	285	23	33	34	35	134	108	38	39	40	282	42	139	44	45	288	289	259	110	50	274	52	216	160	185	133	57	85	294	60	61	62	273	64	143	66	67	68	69	70	71	72	208	189	209	40	77	285	79	193	163	194	83	117	85	86	287	88	283	90	91	92	115	94	169	170	216	290	99	100	101	102	103	231	230	29	10	108	180	110	111	297	113	114	115	142	117	118	119	289	121	122	197	208	185	126	272	254	52	30	255	185	133	134	135	282	238	138	139	83	117	142	143	288	246	262	118	168	180	150	10	231	209	267	111	50	68	209	216	160	290	162	163	44	85	235	117	168	169	170	294	88	276	174	175	176	94	169	143	180	40	30	272	230	185	67	267	208	189	190	150	273	193	194	85	150	197	198	121	122	114	170	50	29	99	254	255	208	209	99	254	231	230	285	259	216	297	138	142	118	180	262	174	150	197	40	88	52	267	230	231	272	233	255	235	290	274	238	198	235	142	168	169	143	276	246	262	175	176	118	10	29	121	254	255	288	282	283	259	168	170	262	276	190	30	52	267	67	68	287	289	272	273	274	197	276	50	99	233	235	294	282	283	111	285	88	287	288	289	290	121	297	111	294	68	67	297
274	10	274	274	5	5	5	274	274	274	10	274	15	15	38	15	15	5	23	23	5	23	283	23	23	33	33	33	15	10	10	274	23	33	33	35	108	108	38	38	10	274	5	163	44	38	283	283	274	23	10	274	67	185	108	185	108	33	118	283	38	23	23	274	64	143	23	67	67	23	35	35	35	185	108	185	10	15	274	35	163	163	163	44	118	118	38	274	10	283	64	64	64	163	44	143	143	185	283	67	64	126	126	126	254	185	10	10	108	143	23	67	283	126	44	163	118	118	118	35	283	67	175	143	185	185	126	254	254	67	10	254	185	108	108	64	274	108	44	163	44	118	118	143	283	163	185	118	118	143	118	10	254	185	254	67	10	67	185	185	108	283	126	163	44	118	143	118	118	143	143	283	10	254	175	175	175	44	143	143	143	10	10	254	185	185	67	254	185	108	175	118	274	163	163	118	118	143	44	67	175	44	143	10	10	67	254	254	185	185	67	254	254	185	274	274	185	283	44	118	118	143	185	175	118	143	10	10	67	254	185	254	254	175	254	143	283	274	108	44	143	118	118	143	143	254	163	185	175	175	118	10	10	67	254	254	283	274	283	274	118	143	185	254	175	10	67	254	67	67	274	283	254	274	274	143	254	10	67	175	143	283	274	283	67	274	10	274	283	283	283	67	283	67	283	67	67	283
275	10	275	275	6	5	6	244	275	275	10	244	28	15	28	15	28	6	18	18	5	18	244	23	18	64	100	100	28	50	10	275	32	64	100	35	218	164	15	28	50	275	6	218	44	15	275	244	143	32	50	143	50	156	218	107	164	100	143	275	28	61	61	197	64	143	61	10	50	61	35	79	79	156	218	107	156	28	197	79	218	164	218	138	197	143	28	197	50	143	64	100	100	164	138	197	143	156	275	10	100	35	79	79	156	156	156	107	44	197	23	50	275	79	44	44	197	197	143	79	143	50	138	197	156	107	35	156	107	156	107	156	10	44	138	100	197	218	138	138	218	275	197	143	197	218	156	143	197	275	197	10	156	107	107	156	156	156	10	50	138	197	79	44	164	244	197	275	197	197	143	197	156	156	138	44	138	218	275	244	197	50	10	156	156	10	107	10	50	138	44	197	275	138	138	244	275	197	138	156	218	164	244	50	50	10	107	156	50	10	107	10	50	50	275	244	50	197	218	275	244	275	156	218	275	275	156	50	50	107	50	50	50	138	50	197	275	244	138	218	275	275	275	275	244	156	138	50	164	218	244	107	156	50	10	50	275	275	244	143	275	244	50	50	164	107	156	10	10	50	275	244	50	197	143	275	50	156	107	218	275	275	197	143	50	197	156	197	197	143	197	156	275	156	197	156	107	197
276	10	276	276	42	5	6	254	255	276	10	267	77	13	86	15	28	6	61	61	20	69	185	23	69	101	103	103	28	88	30	255	23	126	113	35	189	108	38	39	50	276	42	246	44	45	262	209	267	110	50	254	121	230	238	185	133	113	99	230	39	61	61	276	35	10	69	67	68	69	70	72	72	262	189	209	50	77	255	79	194	163	194	138	121	99	86	255	88	185	70	72	72	115	198	88	30	230	230	99	79	101	103	103	276	230	88	10	108	50	110	68	262	113	114	115	121	121	67	79	209	121	233	50	262	185	126	255	254	121	30	255	185	133	189	79	276	238	138	246	138	121	121	10	262	246	262	67	68	50	68	10	276	209	267	68	50	68	209	230	238	230	113	163	44	99	88	121	68	88	30	230	88	276	176	175	176	198	88	10	50	50	30	255	230	185	67	267	262	189	190	68	276	194	194	99	68	50	198	121	233	114	30	50	88	99	254	255	262	209	99	254	276	230	255	267	230	262	138	121	67	50	262	176	68	50	50	88	121	267	230	276	255	233	255	88	230	254	238	198	88	121	68	88	10	276	246	262	175	176	67	10	88	121	254	255	262	276	185	267	68	30	262	276	190	30	121	267	67	68	255	209	255	276	254	50	276	50	99	233	88	230	276	185	68	255	88	255	262	209	230	121	262	68	230	68	67	262
277	10	277	277	6	5	6	251	277	277	10	251	28	15	28	15	28	6	18	18	5	18	251	23	18	35	79	79	28	50	10	277	32	35	79	35	218	164	15	28	50	277	6	218	44	15	277	251	151	32	50	151	50	277	218	251	164	79	151	277	28	61	61	203	35	151	61	10	50	61	35	79	79	277	218	251	156	28	203	79	218	164	218	138	203	10	28	203	50	151	35	79	79	164	138	203	151	156	277	10	79	35	79	79	277	277	156	107	44	203	23	50	277	79	44	44	203	50	10	79	151	50	138	203	156	107	35	277	251	156	107	277	151	44	138	79	203	218	138	138	218	277	50	10	203	218	277	151	203	277	50	151	156	107	251	156	156	156	151	203	138	203	79	44	164	251	203	156	50	50	10	203	156	277	138	44	138	218	277	251	50	203	151	156	156	10	107	151	203	138	44	203	156	138	138	107	156	50	138	156	218	164	251	203	203	151	107	156	50	10	107	151	203	203	156	107	50	203	218	277	107	156	156	218	277	277	277	203	203	107	50	50	203	138	203	50	156	107	138	218	277	156	277	156	107	156	138	203	164	218	251	251	277	203	10	50	156	156	107	10	156	107	50	203	164	251	277	10	151	203	156	107	50	50	10	156	50	277	251	218	156	156	50	10	203	50	277	50	50	10	50	277	156	277	50	277	251	50
278	10	278	278	20	5	5	296	296	278	10	278	13	13	45	15	15	5	32	32	20	49	251	23	49	101	101	101	15	30	30	296	32	126	126	35	164	164	38	38	10	278	20	264	44	45	265	265	205	49	10	268	99	251	201	251	201	126	205	251	38	23	23	205	35	151	110	67	67	110	70	70	70	265	164	265	107	13	268	35	248	248	248	44	205	99	45	268	30	151	70	70	70	264	114	182	182	107	251	99	35	101	101	101	278	251	130	107	44	151	110	67	265	126	114	190	205	99	67	35	182	99	190	151	130	107	126	296	296	210	130	296	151	114	44	35	205	201	44	190	164	278	99	10	182	264	265	268	268	251	67	151	210	130	278	186	107	186	182	151	114	151	126	175	164	278	182	210	67	30	30	151	130	278	175	175	175	201	265	251	10	151	182	186	107	10	186	205	182	44	190	268	210	175	175	210	186	10	114	210	264	201	265	151	182	205	186	186	30	30	210	268	205	151	186	210	10	182	164	278	186	107	130	248	296	251	251	182	205	210	10	99	268	190	268	30	107	186	114	201	265	210	296	130	107	210	190	182	248	248	296	251	265	205	67	67	130	210	107	99	186	130	30	205	264	265	278	99	268	268	186	130	67	99	67	107	99	251	278	264	130	107	99	10	268	67	265	67	30	30	10	278	130	296	10	296	296	30
279	44	279	279	42	5	6	248	249	279	44	264	77	13	86	15	28	6	18	18	20	24	164	23	24	45	86	86	28	198	114	249	32	38	39	15	218	164	38	39	138	279	42	279	44	45	239	201	190	49	138	175	233	218	239	164	201	39	190	218	39	61	61	233	15	44	69	175	176	69	13	77	77	239	218	201	218	77	176	28	249	248	249	138	233	190	86	176	198	44	13	77	77	264	198	198	114	218	218	190	28	45	86	86	279	218	239	164	44	138	110	176	239	39	114	190	233	233	175	28	114	233	233	138	239	164	38	249	248	279	201	249	44	114	138	28	233	239	138	233	218	279	233	44	198	279	239	175	176	218	176	44	279	201	264	249	218	249	114	138	198	138	39	175	164	264	198	279	176	198	114	138	239	279	176	175	176	239	239	164	138	138	114	249	218	44	248	190	198	138	190	176	279	176	176	264	249	138	198	279	279	201	201	138	198	190	248	249	198	114	264	175	233	138	249	264	138	198	218	279	248	218	239	249	249	218	218	198	233	264	138	233	176	233	176	198	218	248	198	239	239	279	249	239	164	279	233	198	248	249	248	164	239	233	175	176	239	279	164	190	249	201	198	233	264	201	279	190	175	176	249	201	176	233	175	218	233	218	264	279	239	218	233	44	176	176	239	176	198	114	138	279	239	249	138	249	248	198
280	10	280	280	42	5	6	244	275	280	10	261	77	13	77	15	28	6	18	18	20	24	244	23	24	90	92	92	28	88	30	275	32	64	100	35	218	164	15	28	50	280	42	239	44	13	280	261	170	49	50	143	88	156	239	107	201	100	170	275	28	61	61	235	64	143	69	10	50	69	70	72	72	172	218	130	156	77	197	79	218	164	218	138	235	170	77	197	88	143	90	92	92	201	198	235	170	156	275	30	100	70	72	72	172	156	172	107	44	197	110	50	280	79	114	114	235	235	143	79	170	88	198	197	172	107	35	156	107	172	130	156	10	114	138	100	235	239	138	198	218	280	235	143	235	239	172	143	197	275	197	10	172	130	130	156	156	156	30	50	198	197	79	44	164	261	235	280	197	235	170	197	172	172	138	44	138	239	280	244	197	50	30	156	156	10	107	30	88	138	114	197	280	138	138	261	275	197	198	172	239	201	261	50	88	30	107	156	88	30	130	10	88	50	275	261	50	235	218	280	244	275	172	218	275	275	156	88	88	130	50	88	50	198	50	235	275	244	198	239	280	280	275	280	244	172	198	88	164	218	244	107	172	88	10	50	280	280	244	170	275	261	88	88	201	130	172	30	10	50	275	261	50	235	143	275	88	156	130	239	280	275	235	143	50	197	172	197	235	170	197	172	280	156	197	156	107	235
281	10	281	281	6	5	6	258	281	281	10	258	28	15	28	15	28	6	18	18	5	18	258	23	18	64	100	100	28	50	10	281	32	64	100	35	74	37	15	28	50	281	6	74	44	15	281	258	283	32	50	283	50	184	74	125	37	100	143	281	28	61	61	294	64	143	61	10	50	61	35	79	79	184	74	125	156	28	294	79	74	37	74	138	197	143	28	294	50	283	64	100	100	37	138	197	143	184	281	10	100	35	79	79	184	184	156	107	108	197	23	50	281	79	44	108	197	197	143	79	283	50	138	197	184	125	35	184	125	156	107	184	185	108	189	100	294	74	138	189	218	275	197	143	294	74	184	143	197	275	197	10	184	125	125	156	156	156	185	230	189	294	79	108	164	244	197	275	197	197	143	294	156	184	138	44	138	218	275	244	197	50	10	184	184	185	107	185	230	189	44	197	281	189	189	244	275	197	138	156	218	164	244	50	50	10	125	184	230	185	107	185	230	230	281	258	230	294	218	275	244	275	184	218	275	275	156	50	50	125	230	230	230	138	230	197	281	258	189	218	275	275	275	275	244	184	189	230	164	218	244	107	156	50	185	230	281	281	258	283	275	244	230	230	164	107	156	185	10	50	281	258	230	294	283	275	230	156	107	218	275	281	294	283	50	294	156	294	294	283	294	156	281	156	294	156	107	294
282	10	282	282	42	5	6	274	287	282	10	259	77	13	86	15	28	6	61	61	20	69	283	23	69	25	27	27	28	88	30	287	23	33	34	35	189	108	38	39	50	282	42	246	44	45	297	289	259	110	50	274	121	230	238	185	133	34	85	294	39	61	61	282	64	143	69	67	68	69	70	72	72	262	189	209	50	77	287	79	194	163	194	138	142	85	86	287	88	283	90	92	92	115	198	235	170	230	294	99	100	101	103	103	276	230	88	10	108	197	110	68	297	113	114	115	142	142	118	79	289	121	233	197	262	185	126	255	254	121	30	255	185	133	189	100	282	238	138	246	138	142	142	143	297	246	262	118	168	197	168	10	276	209	267	68	50	68	209	230	238	294	113	163	44	85	235	142	168	235	170	294	88	276	176	175	176	198	235	143	197	50	30	255	230	185	67	267	262	189	190	168	282	194	194	85	168	197	198	121	233	114	170	50	88	99	254	255	262	209	99	254	276	230	287	259	230	297	138	142	118	197	262	176	168	197	50	88	121	267	230	276	255	233	255	235	294	274	238	198	235	142	168	235	143	276	246	262	175	176	118	10	88	121	254	255	297	282	283	259	168	170	262	276	190	30	121	267	67	68	287	289	255	282	274	197	276	50	99	233	235	294	282	283	68	287	88	287	297	289	294	121	297	68	294	68	67	297
283	10	283	283	5	5	5	283	283	283	10	283	15	15	15	15	15	5	23	23	5	23	283	23	23	64	64	64	15	10	10	283	23	64	64	35	108	108	15	15	10	283	5	108	44	15	283	283	283	23	10	283	10	185	108	185	108	64	143	283	15	23	23	283	64	143	23	10	10	23	35	35	35	185	108	185	10	15	283	35	108	108	108	44	143	143	15	283	10	283	64	64	64	108	44	143	143	185	283	10	64	35	35	35	185	185	10	10	108	143	23	10	283	35	44	108	143	143	143	35	283	10	44	143	185	185	35	185	185	10	10	185	185	108	108	64	283	108	44	108	44	143	143	143	283	108	185	143	143	143	143	10	185	185	185	10	10	10	185	185	108	283	35	108	44	143	143	143	143	143	143	283	10	185	44	44	44	44	143	143	143	10	10	185	185	185	10	185	185	108	44	143	283	108	108	143	143	143	44	10	44	44	143	10	10	10	185	185	185	185	10	185	185	185	283	283	185	283	44	143	143	143	185	44	143	143	10	10	10	185	185	185	185	44	185	143	283	283	108	44	143	143	143	143	143	185	108	185	44	44	143	10	10	10	185	185	283	283	283	283	143	143	185	185	44	10	10	185	10	10	283	283	185	283	283	143	185	10	10	44	143	283	283	283	10	283	10	283	283	283	283	10	283	10	283	10	10	283
284	10	284	284	17	5	6	268	269	284	10	268	16	15	60	15	16	17	61	62	5	62	151	23	61	126	162	113	28	40	10	284	23	126	113	35	83	44	38	39	40	269	6	174	44	38	181	151	268	23	50	268	111	181	83	151	44	162	268	203	60	61	62	284	35	151	62	67	68	61	35	119	79	181	138	151	40	28	284	79	174	175	176	83	284	67	39	269	50	151	35	119	79	175	83	181	151	40	181	67	79	126	162	113	284	203	40	10	44	181	23	111	203	113	44	175	269	111	67	119	151	68	174	203	40	10	126	284	268	111	10	269	151	44	83	119	269	138	138	174	83	284	68	10	181	176	203	268	269	181	111	151	111	10	268	111	50	68	151	181	83	181	162	175	44	268	203	111	68	40	10	203	50	269	174	175	176	83	181	151	40	181	151	111	50	10	67	268	181	138	175	284	111	174	176	67	111	50	138	68	174	44	151	203	181	268	67	68	40	10	67	268	284	203	111	67	40	203	138	269	67	40	50	174	284	203	181	203	284	67	50	111	284	176	269	50	40	67	138	138	203	68	269	40	10	68	176	203	175	176	268	151	181	269	67	68	40	68	10	67	68	10	50	269	175	151	284	67	268	269	68	10	111	111	67	50	68	203	268	176	50	50	68	10	284	111	203	68	40	10	40	269	50	284	50	269	268	50
285	10	285	285	17	5	6	274	287	285	10	274	16	15	60	15	16	17	61	62	5	62	283	23	61	33	57	34	28	40	10	285	23	33	34	35	134	108	38	39	40	287	6	193	44	38	290	283	274	23	50	274	111	216	134	185	108	57	118	294	60	61	62	285	64	143	62	67	68	61	35	119	79	216	189	185	40	28	285	79	193	163	194	83	150	118	39	287	50	283	64	135	100	163	83	180	143	216	290	67	100	126	162	113	272	230	40	10	108	180	23	111	294	113	44	163	168	150	118	119	283	68	174	197	216	185	126	272	254	111	10	255	185	108	134	135	287	189	138	193	83	150	168	143	290	194	230	118	168	180	150	10	272	185	254	111	50	68	185	216	134	290	162	163	44	118	197	150	168	180	143	294	50	255	174	175	176	83	180	143	180	40	10	272	230	185	67	254	216	189	175	150	285	193	194	118	150	197	138	68	174	44	143	50	40	67	254	255	216	185	67	254	272	230	285	274	216	294	138	168	118	180	230	174	150	197	40	50	111	254	230	272	272	176	255	197	290	274	189	138	197	168	168	180	143	255	194	230	175	176	118	10	40	68	254	255	290	287	283	274	168	143	230	255	175	10	111	254	67	68	287	283	272	285	274	197	255	50	67	176	197	294	287	283	111	285	50	287	290	283	290	68	294	111	294	68	67	294
286	10	286	286	42	5	6	251	277	286	10	265	77	13	77	15	28	6	18	18	20	24	251	23	24	70	72	72	28	88	30	277	32	35	79	35	218	164	15	28	50	286	42	239	44	13	286	265	182	49	50	151	88	277	239	251	201	79	182	277	28	61	61	227	35	151	69	10	50	69	70	72	72	286	218	265	156	77	203	79	218	164	218	138	227	30	77	203	88	151	70	72	72	201	198	227	182	156	277	30	79	70	72	72	286	277	172	107	44	203	110	50	286	79	114	114	227	88	10	79	182	88	198	203	172	107	35	277	251	172	130	277	151	114	138	79	227	239	138	198	218	286	88	10	227	239	286	151	203	277	50	151	172	130	265	156	156	156	182	203	198	203	79	44	164	265	227	172	50	88	30	203	172	286	138	44	138	239	286	251	50	203	182	156	156	10	107	182	227	138	114	203	172	138	138	130	156	50	198	172	239	201	265	203	227	182	107	156	88	30	130	151	227	203	156	130	50	227	218	286	107	156	172	218	277	277	277	227	227	130	50	88	203	198	203	88	156	107	198	239	286	172	277	172	107	172	198	227	164	218	251	251	286	227	10	50	172	172	107	30	156	130	88	227	201	265	286	30	151	203	156	130	50	88	10	156	88	277	265	239	172	156	88	10	203	50	286	50	88	30	50	286	172	277	50	277	251	88
287	10	287	287	6	5	6	274	287	287	10	274	28	15	39	15	28	6	61	61	5	61	283	23	61	33	34	34	28	50	10	287	23	33	34	35	189	108	38	39	50	287	6	194	44	38	294	283	274	23	50	274	68	230	189	185	108	34	118	294	39	61	61	287	64	143	61	67	68	61	35	79	79	230	189	185	50	28	287	79	194	163	194	138	168	118	39	287	50	283	64	100	100	163	138	197	143	230	294	67	100	126	113	113	255	230	50	10	108	197	23	68	294	113	44	163	168	168	118	79	283	68	176	197	230	185	126	255	254	68	10	255	185	108	189	100	287	189	138	194	138	168	168	143	294	194	230	118	168	197	168	10	255	185	254	68	50	68	185	230	189	294	113	163	44	118	197	168	168	197	143	294	50	255	176	175	176	138	197	143	197	50	10	255	230	185	67	254	230	189	175	168	287	194	194	118	168	197	138	68	176	44	143	50	50	67	254	255	230	185	67	254	255	230	287	274	230	294	138	168	118	197	230	176	168	197	50	50	68	254	230	255	255	176	255	197	294	274	189	138	197	168	168	197	143	255	194	230	175	176	118	10	50	68	254	255	294	287	283	274	168	143	230	255	175	10	68	254	67	68	287	283	255	287	274	197	255	50	67	176	197	294	287	283	68	287	50	287	294	283	294	68	294	68	294	68	67	294
288	10	288	288	4	5	6	283	294	288	10	289	12	13	12	15	16	17	61	62	20	66	283	23	69	90	91	92	28	29	30	290	23	64	100	35	134	108	15	28	40	297	42	160	44	13	288	289	289	110	50	283	29	216	160	185	133	135	170	294	16	61	62	288	64	143	66	10	50	69	70	71	72	208	189	209	40	77	290	79	134	108	189	83	169	170	77	294	88	283	90	91	92	133	94	169	170	216	290	30	100	70	71	72	208	230	29	10	108	180	110	40	297	79	114	133	235	169	143	119	289	88	94	197	208	185	35	216	185	29	30	230	185	133	134	135	297	238	138	160	83	169	235	143	288	238	262	143	197	180	180	10	208	209	209	40	50	50	209	216	160	290	119	108	44	170	235	169	197	169	170	294	88	262	83	44	138	94	169	143	180	40	30	216	230	185	10	209	208	189	114	180	288	134	189	170	180	197	198	88	94	114	170	50	29	30	185	230	208	209	30	185	208	230	290	289	216	297	138	235	143	180	262	83	180	197	40	88	29	209	230	208	216	198	230	235	290	283	238	198	235	235	197	169	143	262	238	262	44	138	143	10	29	88	185	230	288	297	283	289	197	170	262	262	114	30	29	209	10	50	294	289	216	288	283	197	262	50	30	198	235	294	297	283	40	290	88	294	288	289	290	88	297	40	294	50	10	297
289	10	289	289	20	5	5	283	283	289	10	289	13	13	13	15	15	5	23	23	20	110	283	23	110	90	90	90	15	30	30	283	23	64	64	35	108	108	15	15	10	289	20	133	44	13	289	289	289	110	10	283	30	185	133	185	133	64	170	283	15	23	23	289	64	143	110	10	10	110	70	70	70	209	108	209	10	13	283	35	108	108	108	44	170	170	13	283	30	283	90	90	90	133	114	170	170	185	283	30	64	70	70	70	209	185	30	10	108	143	110	10	289	35	114	133	170	170	143	35	289	30	114	143	209	185	35	185	185	30	30	185	185	133	108	64	289	133	44	133	44	170	170	143	289	133	209	143	143	143	143	10	209	209	209	10	10	10	209	185	133	283	35	108	44	170	170	170	143	170	170	283	30	209	44	44	44	114	170	143	143	10	30	185	185	185	10	209	209	108	114	143	289	108	108	170	143	143	114	30	114	114	170	10	30	30	185	185	209	209	30	185	209	185	283	289	185	289	44	170	143	143	209	44	143	143	10	30	30	209	185	209	185	114	185	170	283	283	133	114	170	170	143	170	143	209	133	209	44	44	143	10	30	30	185	185	289	289	283	289	143	170	209	209	114	30	30	209	10	10	283	289	185	289	283	143	209	10	30	114	170	283	289	283	10	283	30	283	289	289	283	30	289	10	283	10	10	289
290	10	290	290	17	5	6	283	294	290	10	283	16	15	16	15	16	17	61	62	5	62	283	23	61	64	135	100	28	40	10	290	23	64	100	35	134	108	15	28	40	294	6	134	44	15	290	283	283	23	50	283	40	216	134	185	108	135	143	294	16	61	62	290	64	143	62	10	50	61	35	119	79	216	189	185	40	28	290	79	134	108	189	83	180	143	28	294	50	283	64	135	100	108	83	180	143	216	290	10	100	35	119	79	216	230	40	10	108	180	23	40	294	79	44	108	197	180	143	119	283	50	83	197	216	185	35	216	185	40	10	230	185	108	134	135	294	189	138	134	83	180	197	143	290	189	230	143	197	180	180	10	216	185	185	40	50	50	185	216	134	290	119	108	44	143	197	180	197	180	143	294	50	230	83	44	138	83	180	143	180	40	10	216	230	185	10	185	216	189	44	180	290	134	189	143	180	197	138	50	83	44	143	50	40	10	185	230	216	185	10	185	216	230	290	283	216	294	138	197	143	180	230	83	180	197	40	50	40	185	230	216	216	138	230	197	290	283	189	138	197	197	197	180	143	230	189	230	44	138	143	10	40	50	185	230	290	294	283	283	197	143	230	230	44	10	40	185	10	50	294	283	216	290	283	197	230	50	10	138	197	294	294	283	40	290	50	294	290	283	290	50	294	40	294	50	10	294
291	10	291	291	42	5	6	296	295	291	10	278	77	13	86	15	28	6	18	18	20	24	251	23	24	101	103	103	28	88	30	295	32	126	113	35	218	164	38	39	50	291	42	279	44	45	286	265	205	49	50	268	121	277	239	251	201	113	205	277	39	61	61	253	35	151	69	67	68	69	70	72	72	286	218	265	156	77	269	79	249	248	249	138	253	99	86	269	88	151	70	72	72	264	198	227	182	156	277	99	79	101	103	103	291	277	172	107	44	203	110	68	286	113	114	190	253	121	67	79	182	121	233	203	172	107	126	295	296	199	130	295	151	114	138	79	253	239	138	233	218	291	121	10	227	279	286	268	269	277	68	151	199	130	278	157	156	157	182	203	198	203	113	175	164	278	227	199	68	88	30	203	172	291	176	175	176	239	286	251	50	203	182	157	156	10	186	205	227	138	190	269	199	176	176	210	157	50	198	199	279	201	265	203	227	205	186	157	88	30	210	268	253	203	157	210	50	227	218	291	186	156	172	249	295	277	277	227	253	210	50	121	269	233	269	88	156	186	198	239	286	199	295	172	107	199	233	227	248	249	296	251	286	253	67	68	172	199	107	99	157	130	88	253	264	265	291	99	268	269	157	130	68	121	67	156	121	277	278	279	172	156	121	10	269	68	286	68	88	30	50	291	172	295	50	295	296	88
292	10	292	292	42	5	6	258	281	292	10	271	77	13	77	15	28	6	18	18	20	24	258	23	24	90	92	92	28	88	30	281	32	64	100	35	74	37	15	28	50	292	42	137	44	13	292	271	289	49	50	283	88	184	137	125	56	100	170	281	28	61	61	297	64	143	69	10	50	69	70	72	72	222	74	153	156	77	294	79	74	37	74	138	235	170	77	294	88	283	90	92	92	56	198	235	170	184	281	30	100	70	72	72	222	184	172	107	108	197	110	50	292	79	114	133	235	235	143	79	289	88	198	197	222	125	35	184	125	172	130	184	185	133	189	100	297	137	138	238	218	280	235	143	297	137	222	143	197	275	197	10	222	153	153	156	156	156	209	230	238	294	79	108	164	261	235	280	197	235	170	294	172	222	138	44	138	239	280	244	197	50	30	184	184	185	107	209	262	189	114	197	292	189	189	261	275	197	198	172	239	201	261	50	88	30	125	184	262	209	130	185	262	230	281	271	230	297	218	280	244	275	222	218	275	275	156	88	88	153	230	262	230	198	230	235	281	258	238	239	280	280	275	280	244	222	238	262	164	218	244	107	172	88	185	230	292	292	258	289	275	261	262	262	201	130	172	209	10	50	281	271	230	297	283	275	262	156	130	239	280	281	297	283	50	294	172	294	297	289	294	172	292	156	294	156	107	297
293	10	293	293	17	5	6	296	295	293	10	296	16	15	60	15	16	17	18	19	5	19	251	23	18	126	162	113	28	40	10	293	32	126	113	35	140	164	38	39	40	295	6	223	44	38	226	251	268	32	50	268	111	226	140	251	164	162	268	277	60	61	62	284	35	151	62	67	68	61	35	119	79	226	218	251	76	28	284	79	223	248	249	83	284	67	39	269	50	151	35	119	79	248	83	181	151	76	226	67	79	126	162	113	293	277	76	107	44	181	23	111	277	113	44	175	269	111	67	119	151	68	174	203	76	107	126	293	296	155	107	295	151	44	83	119	269	218	138	174	140	293	68	10	181	249	277	268	269	226	111	151	155	107	296	155	156	157	151	181	83	181	162	175	164	296	203	155	68	40	10	203	156	295	174	175	176	140	226	251	40	181	151	155	156	10	186	268	181	138	175	284	155	174	176	186	155	50	138	157	223	164	251	203	181	268	186	157	40	10	186	268	284	203	155	186	40	203	218	295	186	76	156	223	293	277	226	203	284	186	50	111	284	176	269	50	76	186	138	218	277	157	295	76	107	157	176	203	248	249	296	251	226	269	67	68	76	157	107	67	157	107	50	269	248	251	293	67	268	269	157	107	111	111	67	156	68	277	296	249	156	156	68	10	284	111	277	68	40	10	40	295	156	293	50	295	296	50
294	10	294	294	6	5	6	283	294	294	10	283	28	15	28	15	28	6	61	61	5	61	283	23	61	64	100	100	28	50	10	294	23	64	100	35	189	108	15	28	50	294	6	189	44	15	294	283	283	23	50	283	50	230	189	185	108	100	143	294	28	61	61	294	64	143	61	10	50	61	35	79	79	230	189	185	50	28	294	79	189	108	189	138	197	143	28	294	50	283	64	100	100	108	138	197	143	230	294	10	100	35	79	79	230	230	50	10	108	197	23	50	294	79	44	108	197	197	143	79	283	50	138	197	230	185	35	230	185	50	10	230	185	108	189	100	294	189	138	189	138	197	197	143	294	189	230	143	197	197	197	10	230	185	185	50	50	50	185	230	189	294	79	108	44	143	197	197	197	197	143	294	50	230	138	44	138	138	197	143	197	50	10	230	230	185	10	185	230	189	44	197	294	189	189	143	197	197	138	50	138	44	143	50	50	10	185	230	230	185	10	185	230	230	294	283	230	294	138	197	143	197	230	138	197	197	50	50	50	185	230	230	230	138	230	197	294	283	189	138	197	197	197	197	143	230	189	230	44	138	143	10	50	50	185	230	294	294	283	283	197	143	230	230	44	10	50	185	10	50	294	283	230	294	283	197	230	50	10	138	197	294	294	283	50	294	50	294	294	283	294	50	294	50	294	50	10	294
295	10	295	295	6	5	6	296	295	295	10	296	28	15	39	15	28	6	18	18	5	18	251	23	18	126	113	113	28	50	10	295	32	126	113	35	218	164	38	39	50	295	6	249	44	38	277	251	268	32	50	268	68	277	218	251	164	113	268	277	39	61	61	269	35	151	61	67	68	61	35	79	79	277	218	251	156	28	269	79	249	248	249	138	269	67	39	269	50	151	35	79	79	248	138	203	151	156	277	67	79	126	113	113	295	277	156	107	44	203	23	68	277	113	44	175	269	68	67	79	151	68	176	203	156	107	126	295	296	157	107	295	151	44	138	79	269	218	138	176	218	295	68	10	203	249	277	268	269	277	68	151	157	107	296	157	156	157	151	203	138	203	113	175	164	296	203	157	68	50	10	203	156	295	176	175	176	218	277	251	50	203	151	157	156	10	186	268	203	138	175	269	157	176	176	186	157	50	138	157	249	164	251	203	203	268	186	157	50	10	186	268	269	203	157	186	50	203	218	295	186	156	156	249	295	277	277	203	269	186	50	68	269	176	269	50	156	186	138	218	277	157	295	156	107	157	176	203	248	249	296	251	277	269	67	68	156	157	107	67	157	107	50	269	248	251	295	67	268	269	157	107	68	68	67	156	68	277	296	249	156	156	68	10	269	68	277	68	50	10	50	295	156	295	50	295	296	50
296	10	296	296	5	5	5	296	296	296	10	296	15	15	38	15	15	5	32	32	5	32	251	23	32	126	126	126	15	10	10	296	32	126	126	35	164	164	38	38	10	296	5	248	44	38	251	251	268	32	10	268	67	251	164	251	164	126	268	251	38	23	23	268	35	151	23	67	67	23	35	35	35	251	164	251	107	15	268	35	248	248	248	44	268	67	38	268	10	151	35	35	35	248	44	151	151	107	251	67	35	126	126	126	296	251	107	107	44	151	23	67	251	126	44	175	268	67	67	35	151	67	175	151	107	107	126	296	296	186	107	296	151	44	44	35	268	164	44	175	164	296	67	10	151	248	251	268	268	251	67	151	186	107	296	186	107	186	151	151	44	151	126	175	164	296	151	186	67	10	10	151	107	296	175	175	175	164	251	251	10	151	151	186	107	10	186	268	151	44	175	268	186	175	175	186	186	10	44	186	248	164	251	151	151	268	186	186	10	10	186	268	268	151	186	186	10	151	164	296	186	107	107	248	296	251	251	151	268	186	10	67	268	175	268	10	107	186	44	164	251	186	296	107	107	186	175	151	248	248	296	251	251	268	67	67	107	186	107	67	186	107	10	268	248	251	296	67	268	268	186	107	67	67	67	107	67	251	296	248	107	107	67	10	268	67	251	67	10	10	10	296	107	296	10	296	296	10
297	10	297	297	42	5	6	283	294	297	10	289	77	13	77	15	28	6	61	61	20	69	283	23	69	90	92	92	28	88	30	294	23	64	100	35	189	108	15	28	50	297	42	238	44	13	297	289	289	110	50	283	88	230	238	185	133	100	170	294	28	61	61	297	64	143	69	10	50	69	70	72	72	262	189	209	50	77	294	79	189	108	189	138	235	170	77	294	88	283	90	92	92	133	198	235	170	230	294	30	100	70	72	72	262	230	88	10	108	197	110	50	297	79	114	133	235	235	143	79	289	88	198	197	262	185	35	230	185	88	30	230	185	133	189	100	297	238	138	238	138	235	235	143	297	238	262	143	197	197	197	10	262	209	209	50	50	50	209	230	238	294	79	108	44	170	235	235	197	235	170	294	88	262	138	44	138	198	235	143	197	50	30	230	230	185	10	209	262	189	114	197	297	189	189	170	197	197	198	88	198	114	170	50	88	30	185	230	262	209	30	185	262	230	294	289	230	297	138	235	143	197	262	138	197	197	50	88	88	209	230	262	230	198	230	235	294	283	238	198	235	235	197	235	143	262	238	262	44	138	143	10	88	88	185	230	297	297	283	289	197	170	262	262	114	30	88	209	10	50	294	289	230	297	283	197	262	50	30	198	235	294	297	283	50	294	88	294	297	289	294	88	297	50	294	50	10	297

# \
	1	2	3	4	5	6	7	8	9	10	11	12	13	14	15	16	17	18	19	20	21	22	23	24	25	26	27	28	29	30	31	32	33	34	35	36	37	38	39	40	41	42	43	44	45	46	47	48	49	50	51	52	53	54	55	56	57	58	59	60	61	62	63	64	65	66	67	68	69	70	71	72	73	74	75	76	77	78	79	80	81	82	83	84	85	86	87	88	89	90	91	92	93	94	95	96	97	98	99	100	101	102	103	104	105	106	107	108	109	110	111	112	113	114	115	116	117	118	119	120	121	122	123	124	125	126	127	128	129	130	131	132	133	134	135	136	137	138	139	140	141	142	143	144	145	146	147	148	149	150	151	152	153	154	155	156	157	158	159	160	161	162	163	164	165	166	167	168	169	170	171	172	173	174	175	176	177	178	179	180	181	182	183	184	185	186	187	188	189	190	191	192	193	194	195	196	197	198	199	200	201	202	203	204	205	206	207	208	209	210	211	212	213	214	215	216	217	218	219	220	221	222	223	224	225	226	227	228	229	230	231	232	233	234	235	236	237	238	239	240	241	242	243	244	245	246	247	248	249	250	251	252	253	254	255	256	257	258	259	260	261	262	263	264	265	266	267	268	269	270	271	272	273	274	275	276	277	278	279	280	281	282	283	284	285	286	287	288	289	290	291	292	293	294	295	296	297
1	3	4	3	4	4	4	9	9	9	9	9	14	14	14	14	14	4	21	21	4	21	9	21	21	26	26	26	14	9	9	9	21	26	26	26	43	43	14	14	9	9	4	43	43	14	9	9	9	21	9	9	9	9	43	9	43	26	9	9	14	21	21	9	26	9	21	9	9	21	26	26	26	9	43	9	9	14	9	26	43	43	43	43	9	9	14	9	9	9	26	26	26	43	43	9	9	9	9	9	26	26	26	26	9	9	9	9	43	9	21	9	9	26	43	43	9	9	9	26	9	9	43	9	9	9	26	9	9	9	9	9	9	43	43	26	9	43	43	43	43	9	9	9	9	43	9	9	9	9	9	9	9	9	9	9	9	9	9	9	43	9	26	43	43	9	9	9	9	9	9	9	9	9	43	43	43	43	9	9	9	9	9	9	9	9	9	9	9	43	43	9	9	43	43	9	9	9	43	9	43	43	9	9	9	9	9	9	9	9	9	9	9	9	9	9	9	9	43	9	9	9	9	43	9	9	9	9	9	9	9	9	9	43	9	9	9	9	43	43	9	9	9	9	9	9	43	9	43	43	9	9	9	9	9	9	9	9	9	9	9	9	9	9	43	9	9	9	9	9	9	9	9	9	9	9	9	9	9	43	9	9	9	9	9	9	9	9	9	9	9	9	9	9	9	9	9	9
2	1	2	3	4	5	6	7	8	9	10	11	12	13	14	15	16	17	18	19	20	21	22	23	24	25	26	27	28	29	30	31	32	33	34	35	36	37	38	39	40	41	42	43	44	45	46	47	48	49	50	51	52	53	54	55	56	57	58	59	60	61	62	63	64	65	66	67	68	69	70	71	72	73	74	75	76	77	78	79	80	81	82	83	84	85	86	87	88	89	90	91	92	93	94	95	96	97	98	99	100	101	102	103	104	105	106	107	108	109	110	111	112	113	114	115	116	117	118	119	120	121	122	123	124	125	126	127	128	129	130	131	132	133	134	135	136	137	138	139	140	141	142	143	144	145	146	147	148	149	150	151	152	153	154	155	156	157	158	159	160	161	162	163	164	165	166	167	168	169	170	171	172	173	174	175	176	177	178	179	180	181	182	183	184	185	186	187	188	189	190	191	192	193	194	195	196	197	198	199	200	201	202	203	204	205	206	207	208	209	210	211	212	213	214	215	216	217	218	219	220	221	222	223	224	225	226	227	228	229	230	231	232	233	234	235	236	237	238	239	240	241	242	243	244	245	246	247	248	249	250	251	252	253	254	255	256	257	258	259	260	261	262	263	264	265	266	267	268	269	270	271	272	273	274	275	276	277	278	279	280	281	282	283	284	285	286	287	288	289	290	291	292	293	294	295	296	297
3	1	6	3	4	5	6	7	8	9	10	11	12	13	14	15	16	17	18	19	20	21	22	23	24	25	26	27	28	29	30	31	32	33	34	35	36	37	38	39	40	41	42	43	44	45	46	47	48	49	50	51	52	53	54	55	56	57	58	59	60	61	62	63	64	65	66	67	68	69	70	71	72	73	74	75	76	77	78	79	80	81	82	83	84	85	86	87	88	89	90	91	92	93	94	95	96	97	98	99	100	101	102	103	104	105	106	107	108	109	110	111	112	113	114	115	116	117	118	119	120	121	122	123	124	125	126	127	128	129	130	131	132	133	134	135	136	137	138	139	140	141	142	143	144	145	146	147	148	149	150	151	152	153	154	155	156	157	158	159	160	161	162	163	164	165	166	167	168	169	170	171	172	173	174	175	176	177	178	179	180	181	182	183	184	185	186	187	188	189	190	191	192	193	194	195	196	197	198	199	200	201	202	203	204	205	206	207	208	209	210	211	212	213	214	215	216	217	218	219	220	221	222	223	224	225	226	227	228	229	230	231	232	233	234	235	236	237	238	239	240	241	242	243	244	245	246	247	248	249	250	251	252	253	254	255	256	257	258	259	260	261	262	263	264	265	266	267	268	269	270	271	272	273	274	275	276	277	278	279	280	281	282	283	284	285	286	287	288	289	290	291	292	293	294	295	296	297
4	7	8	9	9	7	8	7	8	9	7	11	9	11	9	7	31	31	8	31	11	9	7	7	41	11	9	41	8	9	11	31	7	7	8	7	31	7	7	8	31	41	41	9	7	11	9	11	11	11	8	7	9	31	9	7	11	31	11	8	31	8	31	9	7	7	9	7	8	41	11	9	41	9	8	11	31	41	31	8	31	7	8	31	9	11	41	8	41	7	11	9	41	11	9	9	11	31	31	11	8	11	9	41	9	8	9	7	7	31	11	31	41	8	11	11	41	9	7	31	11	41	9	8	9	7	7	31	7	9	11	8	7	11	31	31	41	41	8	9	31	9	41	7	9	41	41	7	8	31	31	7	9	11	11	31	8	8	11	31	9	31	31	7	7	11	41	9	8	9	11	8	41	41	31	7	8	9	9	7	31	31	11	31	8	7	7	11	9	8	11	31	9	31	8	11	31	8	41	41	9	11	11	8	9	11	7	8	9	11	11	7	9	8	31	11	31	41	8	41	7	31	41	31	31	8	31	41	9	11	8	9	31	41	8	41	31	7	41	41	41	41	8	9	7	41	41	41	7	8	7	7	9	41	7	8	9	41	7	11	8	11	41	41	11	11	9	11	7	8	8	11	31	9	7	8	41	8	11	41	41	8	41	7	31	31	41	8	9	11	31	41	41	31	8	8	7	41
5	9	9	9	9	9	9	9	9	9	9	9	9	9	9	9	9	9	9	9	9	9	9	9	9	9	9	9	9	9	9	9	9	9	9	9	9	9	9	9	9	9	9	9	9	9	9	9	9	9	9	9	9	9	9	9	9	9	9	9	9	9	9	9	9	9	9	9	9	9	9	9	9	9	9	9	9	9	9	9	9	9	9	9	9	9	9	9	9	9	9	9	9	9	9	9	9	9	9	9	9	9	9	9	9	9	9	9	9	9	9	9	9	9	9	9	9	9	9	9	9	9	9	9	9	9	9	9	9	9	9	9	9	9	9	9	9	9	9	9	9	9	9	9	9	9	9	9	9	9	9	9	9	9	9	9	9	9	9	9	9	9	9	9	9	9	9	9	9	9	9	9	9	9	9	9	9	9	9	9	9	9	9	9	9	9	9	9	9	9	9	9	9	9	9	9	9	9	9	9	9	9	9	9	9	9	9	9	9	9	9	9	9	9	9	9	9	9	9	9	9	9	9	9	9	9	9	9	9	9	9	9	9	9	9	9	9	9	9	9	9	9	9	9	9	9	9	9	9	9	9	9	9	9	9	9	9	9	9	9	9	9	9	9	9	9	9	9	9	9	9	9	9	9	9	9	9	9	9	9	9	9	9	9	9	9	9	9	9	9	9	9	9	9	9	9	9	9
6	11	9	9	9	11	9	11	9	9	11	11	9	11	9	11	9	9	9	9	11	9	11	11	9	11	9	9	9	9	11	9	11	11	9	11	9	11	11	9	9	9	9	9	11	11	9	11	11	11	9	11	9	9	9	11	11	9	11	9	9	9	9	9	11	11	9	11	9	9	11	9	9	9	9	11	9	9	9	9	9	11	9	9	9	11	9	9	9	11	11	9	9	11	9	9	11	9	9	11	9	11	9	9	9	9	9	11	11	9	11	9	9	9	11	11	9	9	11	9	11	9	9	9	9	11	11	9	11	9	11	9	11	11	9	9	9	9	9	9	9	9	9	11	9	9	9	11	9	9	9	11	9	11	11	9	9	9	11	9	9	9	9	11	11	11	9	9	9	9	11	9	9	9	9	11	9	9	9	11	9	9	11	9	9	11	11	11	9	9	11	9	9	9	9	11	9	9	9	9	9	11	11	9	9	11	11	9	9	11	11	11	9	9	9	11	9	9	9	9	11	9	9	9	9	9	9	9	9	11	9	9	9	9	9	9	9	11	9	9	9	9	9	9	11	9	9	9	11	9	11	11	9	9	11	9	9	9	11	11	9	11	9	9	11	11	9	11	11	9	9	11	9	9	11	9	9	9	11	9	9	9	9	11	9	9	9	9	9	11	9	9	9	9	9	9	11	9
7	12	4	14	4	4	4	9	9	9	29	9	12	12	14	12	12	4	21	21	4	21	46	66	21	26	26	26	12	29	29	9	21	26	26	71	54	54	14	14	29	9	4	43	94	14	46	46	63	21	29	63	52	73	54	73	54	26	84	46	14	66	66	63	91	95	66	52	52	66	71	71	71	73	54	73	106	12	63	71	43	43	43	94	84	117	14	63	29	144	91	91	91	43	94	95	95	124	46	52	91	102	102	102	104	73	106	106	160	95	66	52	46	102	94	139	84	117	117	71	144	52	122	95	124	124	102	104	104	129	106	104	188	160	160	91	63	54	94	139	177	141	117	169	144	43	73	84	84	178	117	204	152	124	104	129	106	129	188	188	160	144	102	139	177	141	95	167	117	169	169	144	106	104	122	122	122	177	178	178	169	204	204	152	124	208	129	212	188	160	122	84	192	139	139	167	167	169	94	129	200	177	178	204	204	228	152	152	208	208	129	212	212	188	192	192	208	144	177	141	167	243	124	200	141	178	252	204	228	152	208	231	212	122	212	169	256	192	160	177	178	167	141	243	243	152	139	188	200	200	141	252	252	228	231	231	256	192	256	273	167	243	208	212	200	252	266	231	228	228	192	256	231	273	273	243	231	252	266	200	243	256	273	288	228	273	252	273	288	288	288	266	256	266	288	266	266	288
8	13	4	14	4	20	4	11	9	9	30	11	12	13	14	13	12	4	21	21	20	21	47	110	21	25	26	26	12	29	30	9	49	25	26	70	54	56	45	14	29	9	4	43	114	45	46	47	48	49	29	48	52	73	54	75	56	26	58	46	14	66	66	63	90	96	66	99	52	66	70	71	71	73	54	75	106	12	63	71	43	93	43	94	84	85	14	63	29	120	90	91	91	93	94	95	96	124	46	99	91	101	102	102	104	73	106	130	133	95	110	52	46	102	114	115	84	117	85	71	120	52	122	95	124	153	101	104	154	129	130	104	158	133	160	91	63	54	94	139	177	141	117	170	144	43	73	58	84	178	117	182	152	153	154	129	106	129	158	188	160	144	102	115	201	165	95	167	117	169	170	144	106	104	122	190	122	177	178	202	169	204	182	152	124	209	210	187	188	160	190	84	192	139	139	195	167	169	94	129	200	201	202	204	204	205	229	152	208	209	210	187	212	188	192	215	208	144	177	141	195	243	124	200	141	178	252	204	228	229	208	231	212	122	212	169	256	215	160	177	178	167	141	243	261	152	139	188	264	200	165	265	252	228	267	231	256	192	271	259	167	261	208	212	264	265	266	267	205	228	192	271	231	273	259	243	231	252	278	200	243	256	273	289	228	273	252	273	288	289	288	266	256	266	288	266	278	288
9	15	6	14	4	5	6	7	8	9	10	11	12	13	14	15	16	17	18	19	20	21	22	23	24	25	26	27	28	29	30	31	32	33	34	35	36	37	38	39	40	41	42	43	44	45	46	47	48	49	50	51	52	53	54	55	56	57	58	59	60	61	62	63	64	65	66	67	68	69	70	71	72	73	74	75	76	77	78	79	80	81	82	83	84	85	86	87	88	89	90	91	92	93	94	95	96	97	98	99	100	101	102	103	104	105	106	107	108	109	110	111	112	113	114	115	116	117	118	119	120	121	122	123	124	125	126	127	128	129	130	131	132	133	134	135	136	137	138	139	140	141	142	143	144	145	146	147	148	149	150	151	152	153	154	155	156	157	158	159	160	161	162	163	164	165	166	167	168	169	170	171	172	173	174	175	176	177	178	179	180	181	182	183	184	185	186	187	188	189	190	191	192	193	194	195	196	197	198	199	200	201	202	203	204	205	206	207	208	209	210	211	212	213	214	215	216	217	218	219	220	221	222	223	224	225	226	227	228	229	230	231	232	233	234	235	236	237	238	239	240	241	242	243	244	245	246	247	248	249	250	251	252	253	254	255	256	257	258	259	260	261	262	263	264	265	266	267	268	269	270	271	272	273	274	275	276	277	278	279	280	281	282	283	284	285	286	287	288	289	290	291	292	293	294	295	296	297
10	14	4	14	4	4	4	9	9	9	9	9	14	14	14	14	14	4	21	21	4	21	9	21	21	26	26	26	14	9	9	9	21	26	26	26	43	43	14	14	9	9	4	43	43	14	9	9	9	21	9	9	9	9	43	9	43	26	9	9	14	21	21	9	26	9	21	9	9	21	26	26	26	9	43	9	9	14	9	26	43	43	43	43	9	9	14	9	9	9	26	26	26	43	43	9	9	9	9	9	26	26	26	26	9	9	9	9	43	9	21	9	9	26	43	43	9	9	9	26	9	9	43	9	9	9	26	9	9	9	9	9	9	43	43	26	9	43	43	43	43	9	9	9	9	43	9	9	9	9	9	9	9	9	9	9	9	9	9	9	43	9	26	43	43	9	9	9	9	9	9	9	9	9	43	43	43	43	9	9	9	9	9	9	9	9	9	9	9	43	43	9	9	43	43	9	9	9	43	9	43	43	9	9	9	9	9	9	9	9	9	9	9	9	9	9	9	9	43	9	9	9	9	43	9	9	9	9	9	9	9	9	9	43	9	9	9	9	43	43	9	9	9	9	9	9	43	9	43	43	9	9	9	9	9	9	9	9	9	9	9	9	9	9	43	9	9	9	9	9	9	9	9	9	9	9	9	9	9	43	9	9	9	9	9	9	9	9	9	9	9	9	9	9	9	9	9	9
11	16	17	14	4	17	17	31	31	9	40	9	12	12	14	16	16	17	19	19	4	21	98	62	21	26	26	26	16	29	29	31	19	57	57	119	36	36	60	60	40	9	4	43	83	14	46	46	63	21	40	78	52	53	54	53	54	57	84	98	60	62	62	63	135	109	66	111	111	66	71	71	71	73	36	73	76	12	78	119	80	80	80	83	84	117	14	78	29	161	91	91	91	43	94	95	95	97	98	52	135	102	102	102	104	53	106	76	134	109	66	111	46	162	94	139	84	117	150	119	144	52	122	109	124	97	162	127	127	129	106	127	159	160	134	135	63	54	83	139	140	141	117	180	144	43	73	191	191	149	150	181	152	124	104	155	76	155	188	159	160	161	162	193	140	141	95	167	150	169	169	161	106	104	174	174	174	177	178	149	180	181	204	183	97	216	155	212	188	134	122	191	192	193	193	167	196	180	94	129	200	177	178	181	204	228	183	183	208	208	129	232	212	159	214	192	216	144	140	141	196	221	124	223	224	149	226	204	228	152	216	231	232	122	232	169	236	214	160	177	178	167	224	243	221	152	139	188	223	223	224	226	252	228	272	272	256	192	236	273	196	243	208	212	200	252	266	231	284	284	214	256	272	273	285	221	231	226	266	200	243	236	273	290	284	285	252	285	288	288	290	266	256	293	290	293	293	288
12	7	18	9	21	32	18	7	8	9	7	11	9	11	9	7	31	19	18	19	49	21	7	32	24	11	9	41	8	9	11	31	32	7	8	7	31	7	7	8	31	41	24	9	7	11	9	11	11	49	8	7	9	31	9	7	11	31	11	8	31	18	19	9	7	7	21	7	8	24	11	9	41	9	8	11	31	41	31	8	31	7	8	31	9	11	41	8	41	7	11	9	41	11	9	9	11	31	31	11	8	11	9	41	9	8	9	7	7	31	49	31	41	8	11	11	41	9	7	31	11	41	9	8	9	7	7	31	7	9	11	8	7	11	31	31	41	41	8	9	31	9	41	7	9	41	41	7	8	31	31	7	9	11	11	31	8	8	11	31	9	31	31	7	7	11	41	9	8	9	11	8	41	41	31	7	8	9	9	7	31	31	11	31	8	7	7	11	9	8	11	31	9	31	8	11	31	8	41	41	9	11	11	8	9	11	7	8	9	11	11	7	9	8	31	11	31	41	8	41	7	31	41	31	31	8	31	41	9	11	8	9	31	41	8	41	31	7	41	41	41	41	8	9	7	41	41	41	7	8	7	7	9	41	7	8	9	41	7	11	8	11	41	41	11	11	9	11	7	8	8	11	31	9	7	8	41	8	11	41	41	8	41	7	31	31	41	8	9	11	31	41	41	31	8	8	7	41
13	31	19	9	21	19	19	31	31	9	31	9	9	9	9	31	31	19	19	19	21	21	31	19	21	9	9	9	31	9	9	31	19	31	31	31	31	31	31	31	31	9	21	9	31	9	9	9	9	21	31	31	9	31	9	31	9	31	9	31	31	19	19	9	31	31	21	31	31	21	9	9	9	9	31	9	31	9	31	31	31	31	31	31	9	9	9	31	9	31	9	9	9	9	9	9	9	31	31	9	31	9	9	9	9	31	9	31	31	31	21	31	9	31	9	9	9	9	31	31	9	9	9	31	9	31	31	31	31	9	9	31	31	9	31	31	9	9	31	9	31	9	9	31	9	9	9	31	31	31	31	31	9	9	9	31	31	31	9	31	9	31	31	31	31	9	9	9	31	9	9	31	9	9	31	31	31	9	9	31	31	31	9	31	31	31	31	9	9	31	9	31	9	31	31	9	31	31	9	9	9	9	9	31	9	9	31	31	9	9	9	31	9	31	31	9	31	9	31	9	31	31	9	31	31	31	31	9	9	9	31	9	31	9	31	9	31	31	9	9	9	9	31	9	31	9	9	9	31	31	31	31	9	9	31	31	9	9	31	9	31	9	9	9	9	9	9	9	31	31	31	9	31	9	31	31	9	31	9	9	9	31	9	31	31	31	9	31	9	9	31	9	9	31	31	31	31	9
14	22	18	9	21	32	18	7	8	9	22	11	46	47	9	22	98	19	18	19	49	21	22	32	24	11	9	41	59	46	47	31	32	7	8	22	98	22	7	8	98	41	24	9	22	11	46	47	11	49	59	7	9	98	46	22	47	31	11	59	31	18	19	9	22	22	21	7	8	24	47	46	112	46	59	47	98	112	31	59	31	7	8	98	9	11	41	8	112	22	47	46	112	11	46	46	47	98	98	11	59	11	9	41	9	59	46	22	22	98	49	31	112	8	47	11	41	9	7	98	47	41	9	59	46	22	7	31	7	9	47	8	22	47	98	98	41	112	59	9	98	9	41	22	46	41	112	7	8	98	31	22	9	47	11	31	59	8	47	98	46	98	31	7	22	11	112	9	8	46	47	59	112	41	31	7	8	46	46	22	98	98	47	31	59	22	7	11	46	59	11	31	9	31	8	11	31	59	112	41	9	47	47	59	46	11	7	8	46	47	11	7	9	59	31	11	98	112	59	41	7	98	112	31	31	59	98	112	9	11	59	9	31	41	8	112	98	7	112	112	112	41	8	46	22	41	41	112	7	8	7	22	46	41	7	8	46	41	22	11	8	47	112	41	11	47	9	11	7	8	8	47	31	9	7	59	41	59	11	41	112	59	41	22	31	31	112	8	46	47	98	41	112	31	59	8	7	112
15	9	21	9	21	21	21	9	9	9	9	9	9	9	9	9	9	21	21	21	21	21	9	21	21	9	9	9	9	9	9	9	21	9	9	9	9	9	9	9	9	9	21	9	9	9	9	9	9	21	9	9	9	9	9	9	9	9	9	9	9	21	21	9	9	9	21	9	9	21	9	9	9	9	9	9	9	9	9	9	9	9	9	9	9	9	9	9	9	9	9	9	9	9	9	9	9	9	9	9	9	9	9	9	9	9	9	9	9	9	21	9	9	9	9	9	9	9	9	9	9	9	9	9	9	9	9	9	9	9	9	9	9	9	9	9	9	9	9	9	9	9	9	9	9	9	9	9	9	9	9	9	9	9	9	9	9	9	9	9	9	9	9	9	9	9	9	9	9	9	9	9	9	9	9	9	9	9	9	9	9	9	9	9	9	9	9	9	9	9	9	9	9	9	9	9	9	9	9	9	9	9	9	9	9	9	9	9	9	9	9	9	9	9	9	9	9	9	9	9	9	9	9	9	9	9	9	9	9	9	9	9	9	9	9	9	9	9	9	9	9	9	9	9	9	9	9	9	9	9	9	9	9	9	9	9	9	9	9	9	9	9	9	9	9	9	9	9	9	9	9	9	9	9	9	9	9	9	9	9	9	9	9	9	9	9	9	9	9	9	9	9	9	9	9	9	9	9
16	11	24	9	21	49	24	11	41	9	11	11	9	11	9	11	9	21	24	21	49	21	11	49	24	11	9	41	41	9	11	9	49	11	41	11	9	11	11	41	9	41	24	9	11	11	9	11	11	49	41	11	9	9	9	11	11	9	11	41	9	24	21	9	11	11	21	11	41	24	11	9	41	9	41	11	9	41	9	41	9	11	41	9	9	11	41	41	41	11	11	9	41	11	9	9	11	9	9	11	41	11	9	41	9	41	9	11	11	9	49	9	41	41	11	11	41	9	11	9	11	41	9	41	9	11	11	9	11	9	11	41	11	11	9	9	41	41	41	9	9	9	41	11	9	41	41	11	41	9	9	11	9	11	11	9	41	41	11	9	9	9	9	11	11	11	41	9	41	9	11	41	41	41	9	11	41	9	9	11	9	9	11	9	41	11	11	11	9	41	11	9	9	9	41	11	9	41	41	41	9	11	11	41	9	11	11	41	9	11	11	11	9	41	9	11	9	41	41	41	11	9	41	9	9	41	9	41	9	11	41	9	9	41	41	41	9	11	41	41	41	41	41	9	11	41	41	41	11	41	11	11	9	41	11	41	9	41	11	11	41	11	41	41	11	11	9	11	11	41	41	11	9	9	11	41	41	41	11	41	41	41	41	11	9	9	41	41	9	11	9	41	41	9	41	41	11	41
17	11	41	9	9	11	41	11	41	9	11	11	9	11	9	11	9	9	41	9	11	9	11	11	41	11	9	41	41	9	11	9	11	11	41	11	9	11	11	41	9	41	41	9	11	11	9	11	11	11	41	11	9	9	9	11	11	9	11	41	9	41	9	9	11	11	9	11	41	41	11	9	41	9	41	11	9	41	9	41	9	11	41	9	9	11	41	41	41	11	11	9	41	11	9	9	11	9	9	11	41	11	9	41	9	41	9	11	11	9	11	9	41	41	11	11	41	9	11	9	11	41	9	41	9	11	11	9	11	9	11	41	11	11	9	9	41	41	41	9	9	9	41	11	9	41	41	11	41	9	9	11	9	11	11	9	41	41	11	9	9	9	9	11	11	11	41	9	41	9	11	41	41	41	9	11	41	9	9	11	9	9	11	9	41	11	11	11	9	41	11	9	9	9	41	11	9	41	41	41	9	11	11	41	9	11	11	41	9	11	11	11	9	41	9	11	9	41	41	41	11	9	41	9	9	41	9	41	9	11	41	9	9	41	41	41	9	11	41	41	41	41	41	9	11	41	41	41	11	41	11	11	9	41	11	41	9	41	11	11	41	11	41	41	11	11	9	11	11	41	41	11	9	9	11	41	41	41	11	41	41	41	41	11	9	9	41	41	9	11	9	41	41	9	41	41	11	41
18	25	26	26	26	25	26	11	9	9	48	11	26	25	26	25	26	26	9	9	25	9	11	48	9	25	26	26	26	63	48	9	11	25	26	25	9	11	25	26	63	9	26	9	48	25	9	11	48	11	63	48	63	9	9	11	11	26	48	9	26	63	63	63	25	48	63	48	63	63	25	26	26	9	9	11	9	26	63	26	9	11	9	63	63	48	26	63	63	48	25	26	26	11	63	63	48	9	9	48	26	25	26	26	9	9	9	11	48	63	48	63	9	26	48	48	63	63	48	26	48	63	63	63	9	11	25	9	11	9	11	9	48	48	63	26	63	9	63	63	9	9	63	48	63	9	9	48	63	9	63	48	9	11	11	9	9	9	48	63	63	63	26	48	11	11	63	9	63	63	48	63	9	9	63	48	63	9	9	11	63	63	48	9	9	48	11	48	63	63	48	63	9	63	63	11	9	63	63	9	9	11	11	63	63	48	11	9	63	48	11	48	63	63	9	11	63	63	9	9	11	9	9	9	9	9	9	63	63	11	63	63	63	63	63	63	9	11	63	9	9	9	9	9	11	9	63	63	11	9	11	11	9	63	48	63	9	9	11	48	9	11	63	63	11	11	9	48	48	63	9	11	63	63	48	9	63	9	11	9	9	9	63	48	63	63	9	63	63	48	63	9	9	9	63	9	11	63
19	25	27	26	26	25	27	11	41	9	48	11	26	25	26	25	26	26	41	9	25	9	11	48	41	25	26	27	27	63	48	9	11	25	27	25	9	11	25	27	63	41	27	9	48	25	9	11	48	11	136	48	63	9	9	11	11	26	48	41	26	136	63	63	25	48	63	48	136	136	25	26	27	9	41	11	9	27	63	27	9	11	41	63	63	48	27	136	136	48	25	26	27	11	63	63	48	9	9	48	27	25	26	27	9	41	9	11	48	63	48	63	41	27	48	48	136	63	48	26	48	136	63	136	9	11	25	9	11	9	11	41	48	48	63	26	136	41	136	63	9	9	136	48	63	41	41	48	136	9	63	48	9	11	11	9	41	41	48	63	63	63	26	48	11	11	136	9	136	63	48	136	41	41	63	48	136	9	9	11	63	63	48	9	41	48	11	48	63	136	48	63	9	63	136	11	9	136	136	41	9	11	11	136	63	48	11	41	63	48	11	48	63	136	9	11	63	136	41	41	11	9	41	9	9	41	9	136	63	11	136	63	63	136	136	136	9	11	136	41	41	41	41	9	11	41	136	136	11	41	11	11	9	136	48	136	9	41	11	48	41	11	136	136	11	11	9	48	48	136	41	11	63	63	48	41	136	41	11	41	41	41	136	48	63	63	41	136	63	48	63	41	41	9	136	41	11	136
20	31	31	9	9	31	31	31	31	9	31	9	9	9	9	31	31	31	31	31	9	9	31	31	9	9	9	9	31	9	9	31	31	31	31	31	31	31	31	31	31	9	9	9	31	9	9	9	9	9	31	31	9	31	9	31	9	31	9	31	31	31	31	9	31	31	9	31	31	9	9	9	9	9	31	9	31	9	31	31	31	31	31	31	9	9	9	31	9	31	9	9	9	9	9	9	9	31	31	9	31	9	9	9	9	31	9	31	31	31	9	31	9	31	9	9	9	9	31	31	9	9	9	31	9	31	31	31	31	9	9	31	31	9	31	31	9	9	31	9	31	9	9	31	9	9	9	31	31	31	31	31	9	9	9	31	31	31	9	31	9	31	31	31	31	9	9	9	31	9	9	31	9	9	31	31	31	9	9	31	31	31	9	31	31	31	31	9	9	31	9	31	9	31	31	9	31	31	9	9	9	9	9	31	9	9	31	31	9	9	9	31	9	31	31	9	31	9	31	9	31	31	9	31	31	31	31	9	9	9	31	9	31	9	31	9	31	31	9	9	9	9	31	9	31	9	9	9	31	31	31	31	9	9	31	31	9	9	31	9	31	9	9	9	9	9	9	9	31	31	31	9	31	9	31	31	9	31	9	9	9	31	9	31	31	31	9	31	9	9	31	9	9	31	31	31	31	9
21	33	34	26	26	33	34	7	8	9	51	11	26	25	26	33	57	57	8	31	25	9	7	51	41	25	26	27	34	63	48	31	7	33	34	33	31	7	33	34	78	41	27	9	51	25	9	11	48	11	87	51	63	31	9	7	11	57	48	8	57	87	78	63	33	51	63	51	87	136	25	26	27	9	8	11	31	27	78	34	31	7	8	78	63	48	27	87	136	51	25	26	27	11	63	63	48	31	31	48	34	25	26	27	9	8	9	7	51	78	48	78	41	34	48	48	136	63	51	57	48	136	63	87	9	7	33	31	7	9	11	8	51	48	78	57	136	41	87	63	31	9	136	51	63	41	41	51	87	31	78	51	9	11	11	31	8	8	48	78	63	78	57	51	7	11	136	9	87	63	48	87	41	41	78	51	87	9	9	7	78	78	48	31	8	51	7	48	63	87	48	78	9	78	87	11	31	87	136	41	9	11	11	87	63	48	7	8	63	48	11	51	63	87	31	11	78	136	8	41	7	31	41	31	31	8	31	136	63	11	87	63	78	136	87	136	31	7	136	41	41	41	8	9	7	41	136	136	7	8	7	7	9	136	51	87	9	41	7	48	8	11	136	136	11	11	9	48	51	87	8	11	78	63	51	8	136	8	11	41	41	8	136	51	78	78	41	87	63	48	78	41	41	31	87	8	7	136
22	14	4	14	4	4	4	9	9	9	52	9	14	14	14	14	14	4	21	21	4	21	9	66	21	26	26	26	14	52	52	9	21	26	26	102	43	43	14	14	52	9	4	43	122	14	9	9	63	21	52	63	52	104	43	104	43	26	84	9	14	66	66	63	26	84	66	52	52	66	102	102	102	104	43	104	129	14	63	102	43	43	43	122	84	117	14	63	52	63	26	26	26	43	122	84	84	152	9	52	26	102	102	102	104	104	129	129	139	84	66	52	9	102	122	139	84	117	117	102	63	52	122	84	152	152	102	104	104	129	129	104	212	139	139	26	63	43	122	139	200	141	117	117	63	43	104	84	84	141	117	228	152	152	104	129	129	129	212	212	139	63	102	139	200	141	84	167	117	117	117	63	129	104	122	122	122	200	141	141	117	228	228	152	152	231	129	212	212	139	122	84	192	139	139	167	167	117	122	129	200	200	141	228	228	228	152	152	231	231	129	212	212	212	192	192	231	63	200	141	167	167	152	200	141	141	266	228	228	152	231	231	212	122	212	117	192	192	139	200	141	167	141	167	167	152	139	212	200	200	141	266	266	228	231	231	192	192	192	273	167	167	231	212	200	266	266	231	228	228	192	192	231	273	273	167	231	266	266	200	167	192	273	273	228	273	266	273	273	273	273	266	192	266	273	266	266	273
23	26	26	26	26	26	26	9	9	9	9	9	26	26	26	26	26	26	9	9	26	9	9	9	9	26	26	26	26	9	9	9	9	26	26	26	9	9	26	26	9	9	26	9	9	26	9	9	9	9	9	9	9	9	9	9	9	26	9	9	26	9	9	9	26	9	9	9	9	9	26	26	26	9	9	9	9	26	9	26	9	9	9	9	9	9	26	9	9	9	26	26	26	9	9	9	9	9	9	9	26	26	26	26	9	9	9	9	9	9	9	9	9	26	9	9	9	9	9	26	9	9	9	9	9	9	26	9	9	9	9	9	9	9	9	26	9	9	9	9	9	9	9	9	9	9	9	9	9	9	9	9	9	9	9	9	9	9	9	9	9	9	26	9	9	9	9	9	9	9	9	9	9	9	9	9	9	9	9	9	9	9	9	9	9	9	9	9	9	9	9	9	9	9	9	9	9	9	9	9	9	9	9	9	9	9	9	9	9	9	9	9	9	9	9	9	9	9	9	9	9	9	9	9	9	9	9	9	9	9	9	9	9	9	9	9	9	9	9	9	9	9	9	9	9	9	9	9	9	9	9	9	9	9	9	9	9	9	9	9	9	9	9	9	9	9	9	9	9	9	9	9	9	9	9	9	9	9	9	9	9	9	9	9	9	9	9	9	9	9	9	9	9	9	9	9	9	9
24	33	57	26	26	33	57	7	31	9	51	11	26	25	26	33	57	57	31	31	25	9	7	51	9	25	26	26	57	63	48	31	7	33	57	33	31	7	33	57	78	9	26	9	51	25	9	11	48	11	78	51	63	31	9	7	11	57	48	31	57	78	78	63	33	51	63	51	78	63	25	26	26	9	31	11	31	26	78	57	31	7	31	78	63	48	26	78	63	51	25	26	26	11	63	63	48	31	31	48	57	25	26	26	9	31	9	7	51	78	48	78	9	57	48	48	63	63	51	57	48	63	63	78	9	7	33	31	7	9	11	31	51	48	78	57	63	9	78	63	31	9	63	51	63	9	9	51	78	31	78	51	9	11	11	31	31	31	48	78	63	78	57	51	7	11	63	9	78	63	48	78	9	9	78	51	78	9	9	7	78	78	48	31	31	51	7	48	63	78	48	78	9	78	78	11	31	78	63	9	9	11	11	78	63	48	7	31	63	48	11	51	63	78	31	11	78	63	31	9	7	31	9	31	31	31	31	63	63	11	78	63	78	63	78	63	31	7	63	9	9	9	31	9	7	9	63	63	7	31	7	7	9	63	51	78	9	9	7	48	31	11	63	63	11	11	9	48	51	78	31	11	78	63	51	31	63	31	11	9	9	31	63	51	78	78	9	78	63	48	78	9	9	31	78	31	7	63
25	36	19	43	21	19	19	31	31	9	53	9	54	54	43	36	36	19	19	19	21	21	98	19	21	9	9	9	36	73	73	31	19	31	31	53	36	36	80	80	53	9	21	43	36	43	46	46	9	21	53	31	104	53	54	53	54	31	9	98	80	19	19	9	98	98	21	127	127	21	73	73	73	73	36	73	53	54	31	53	80	80	80	36	9	9	43	31	73	98	46	46	46	43	54	46	46	53	98	104	98	104	104	104	104	53	73	53	36	98	21	127	46	127	54	43	9	9	31	53	46	104	43	98	73	53	127	127	127	104	73	127	53	54	36	98	9	54	36	43	36	9	9	98	46	43	73	31	31	98	31	53	104	73	104	127	53	127	73	53	54	98	127	80	36	9	46	9	31	46	46	98	73	104	80	80	80	54	46	98	98	53	73	127	53	53	127	104	73	36	43	31	9	80	80	9	31	98	54	104	43	54	46	53	73	104	127	127	73	73	104	127	104	53	31	9	53	46	36	9	31	98	73	80	31	98	53	73	104	104	53	104	127	43	127	46	98	31	54	54	46	9	31	46	98	104	43	73	80	80	31	53	73	104	127	127	46	9	98	9	31	46	73	104	43	73	104	104	127	127	31	46	127	9	31	98	104	53	104	43	46	98	9	98	127	31	73	31	46	46	98	104	46	127	98	127	127	46
26	37	18	43	21	32	18	7	8	9	55	11	54	56	43	37	36	19	18	19	49	21	22	32	24	11	9	41	74	73	75	31	32	7	8	55	36	37	81	82	53	41	24	43	37	93	46	47	11	49	105	7	104	53	54	55	56	31	11	59	80	18	19	9	22	22	21	128	131	24	75	73	146	73	74	75	53	137	31	105	80	81	82	36	9	11	145	8	146	22	47	46	112	93	54	46	47	53	98	154	59	154	104	173	104	105	73	55	37	98	49	127	112	131	56	93	41	9	7	53	47	173	43	59	73	55	128	127	128	104	75	131	55	56	36	98	41	137	74	43	36	9	41	22	46	145	146	7	8	98	31	55	104	75	154	127	105	131	75	53	54	98	127	81	37	11	112	9	8	46	47	59	146	173	80	81	82	54	46	22	98	53	75	127	105	55	128	154	73	74	93	31	9	80	82	11	31	59	137	173	43	56	47	105	73	154	128	131	73	75	154	128	104	105	31	11	53	112	74	41	7	98	146	80	31	59	53	146	104	154	105	104	127	145	131	112	98	7	137	137	112	41	8	46	22	173	145	146	81	82	7	55	73	173	128	131	46	41	22	11	8	47	146	173	93	75	104	154	128	131	8	47	127	9	7	59	173	105	154	145	112	59	41	22	127	31	146	8	46	47	98	173	112	127	59	131	128	112
27	37	19	43	21	32	19	7	31	9	55	11	54	56	43	37	36	19	19	19	49	21	22	32	21	11	9	9	36	73	75	31	32	7	31	55	36	37	81	80	53	9	21	43	37	93	46	47	11	49	53	7	104	53	54	55	56	31	11	98	80	19	19	9	22	22	21	128	127	21	75	73	73	73	36	75	53	54	31	53	80	81	80	36	9	11	43	31	73	22	47	46	46	93	54	46	47	53	98	154	98	154	104	104	104	53	73	55	37	98	49	127	46	127	56	93	9	9	7	53	47	104	43	98	73	55	128	127	128	104	75	127	55	56	36	98	9	54	36	43	36	9	9	22	46	43	73	7	31	98	31	55	104	75	154	127	53	127	75	53	54	98	127	81	37	11	46	9	31	46	47	98	73	104	80	81	80	54	46	22	98	53	75	127	53	55	128	154	73	36	93	31	9	80	80	11	31	98	54	104	43	56	47	53	73	154	128	127	73	75	154	128	104	53	31	11	53	46	36	9	7	98	73	80	31	98	53	73	104	154	53	104	127	43	127	46	98	7	54	54	46	9	31	46	22	104	43	73	81	80	7	55	73	104	128	127	46	9	22	11	31	47	73	104	93	75	104	154	128	127	31	47	127	9	7	98	104	53	154	43	46	98	9	22	127	31	73	31	46	47	98	104	46	127	98	127	128	46
28	11	21	9	21	49	21	11	9	9	11	11	9	11	9	11	9	21	21	21	49	21	11	49	21	11	9	9	9	9	11	9	49	11	9	11	9	11	11	9	9	9	21	9	11	11	9	11	11	49	9	11	9	9	9	11	11	9	11	9	9	21	21	9	11	11	21	11	9	21	11	9	9	9	9	11	9	9	9	9	9	11	9	9	9	11	9	9	9	11	11	9	9	11	9	9	11	9	9	11	9	11	9	9	9	9	9	11	11	9	49	9	9	9	11	11	9	9	11	9	11	9	9	9	9	11	11	9	11	9	11	9	11	11	9	9	9	9	9	9	9	9	9	11	9	9	9	11	9	9	9	11	9	11	11	9	9	9	11	9	9	9	9	11	11	11	9	9	9	9	11	9	9	9	9	11	9	9	9	11	9	9	11	9	9	11	11	11	9	9	11	9	9	9	9	11	9	9	9	9	9	11	11	9	9	11	11	9	9	11	11	11	9	9	9	11	9	9	9	9	11	9	9	9	9	9	9	9	9	11	9	9	9	9	9	9	9	11	9	9	9	9	9	9	11	9	9	9	11	9	11	11	9	9	11	9	9	9	11	11	9	11	9	9	11	11	9	11	11	9	9	11	9	9	11	9	9	9	11	9	9	9	9	11	9	9	9	9	9	11	9	9	9	9	9	9	11	9
29	38	6	14	4	5	6	7	8	9	7	11	14	45	14	38	60	17	18	19	20	21	7	32	24	25	26	27	39	9	11	31	32	33	34	33	80	81	38	39	31	41	42	43	81	45	9	11	11	49	8	7	9	31	43	7	93	57	11	8	60	18	19	9	33	7	21	7	8	24	25	26	27	9	82	11	31	86	31	34	80	81	82	80	9	11	86	8	41	7	25	26	27	93	43	9	11	31	31	11	34	25	26	27	9	8	9	7	81	31	49	31	41	34	93	93	41	9	7	57	11	41	43	8	9	7	33	31	7	9	11	8	7	93	80	57	41	145	82	43	80	9	41	7	9	145	41	7	8	31	31	7	9	11	11	31	8	8	11	31	43	31	57	81	81	11	41	9	8	9	11	8	41	41	80	81	82	43	9	7	31	31	11	31	8	7	7	11	9	82	93	31	9	80	82	11	31	8	145	41	43	93	11	8	9	11	7	8	9	11	11	7	9	8	31	11	31	41	82	41	7	31	41	80	31	8	31	41	9	11	8	9	31	145	8	41	31	7	145	145	41	41	8	9	7	41	145	41	81	82	7	7	9	41	7	8	9	41	7	11	8	11	41	41	93	11	9	11	7	8	8	11	31	9	7	8	41	8	11	145	41	8	41	7	31	31	41	8	9	11	31	41	41	31	8	8	7	41
30	60	17	14	4	17	17	31	31	9	31	9	14	14	14	60	60	17	19	19	4	21	31	19	21	26	26	26	60	9	9	31	19	57	57	57	80	80	60	60	31	9	4	43	80	14	9	9	9	21	31	31	9	31	43	31	43	57	9	31	60	19	19	9	57	31	21	31	31	21	26	26	26	9	80	9	31	14	31	57	80	80	80	80	9	9	14	31	9	31	26	26	26	43	43	9	9	31	31	9	57	26	26	26	9	31	9	31	80	31	21	31	9	57	43	43	9	9	31	57	9	9	43	31	9	31	57	31	31	9	9	31	31	43	80	57	9	43	80	43	80	9	9	31	9	43	9	31	31	31	31	31	9	9	9	31	31	31	9	31	43	31	57	80	80	9	9	9	31	9	9	31	9	9	80	80	80	43	9	31	31	31	9	31	31	31	31	9	9	80	43	31	9	80	80	9	31	31	43	9	43	43	9	31	9	9	31	31	9	9	9	31	9	31	31	9	31	9	80	9	31	31	9	80	31	31	31	9	9	9	31	9	31	43	31	9	31	31	43	43	9	9	31	9	31	9	43	9	80	80	31	31	9	9	31	31	9	9	31	9	31	9	9	9	43	9	9	9	31	31	31	9	31	9	31	31	9	31	9	43	9	31	9	31	31	31	9	31	9	9	31	9	9	31	31	31	31	9
31	13	42	14	4	20	42	11	41	9	30	11	12	13	14	13	12	4	24	21	20	21	47	110	24	25	26	27	77	29	30	9	49	25	27	70	54	56	45	86	29	41	42	43	114	45	46	47	48	49	88	48	52	73	54	75	56	26	58	112	14	69	66	63	90	96	66	99	121	69	70	71	72	73	137	75	106	77	63	72	43	93	145	94	84	85	86	136	88	120	90	91	92	93	94	95	96	124	46	99	92	101	102	103	104	146	106	130	133	95	110	52	112	103	114	115	116	117	85	71	120	121	122	166	124	153	101	104	154	129	130	173	158	133	160	91	136	137	198	139	177	141	142	170	144	145	146	58	116	178	117	182	152	153	154	129	172	199	158	188	160	144	102	115	201	165	166	167	142	169	170	217	172	173	122	190	233	177	178	202	169	204	182	152	222	209	210	187	188	238	190	84	192	139	246	195	167	235	198	199	200	201	202	227	204	205	229	245	208	209	210	187	212	247	192	215	208	217	239	219	195	243	222	200	141	240	252	227	228	229	262	231	212	233	263	235	256	215	238	239	240	241	219	243	261	245	246	247	264	279	165	265	252	253	267	276	256	257	271	259	241	261	262	263	264	265	266	267	205	253	257	271	231	273	259	280	276	286	278	279	280	292	282	289	228	273	286	282	288	289	288	291	292	266	297	291	278	297
32	26	26	26	26	26	26	9	9	9	63	9	26	26	26	26	26	26	9	9	26	9	9	63	9	26	26	26	26	63	63	9	9	26	26	26	9	9	26	26	63	9	26	9	63	26	9	9	63	9	63	63	63	9	9	9	9	26	63	9	26	63	63	63	26	63	63	63	63	63	26	26	26	9	9	9	9	26	63	26	9	9	9	63	63	63	26	63	63	63	26	26	26	9	63	63	63	9	9	63	26	26	26	26	9	9	9	9	63	63	63	63	9	26	63	63	63	63	63	26	63	63	63	63	9	9	26	9	9	9	9	9	63	63	63	26	63	9	63	63	9	9	63	63	63	9	9	63	63	9	63	63	9	9	9	9	9	9	63	63	63	63	26	63	9	9	63	9	63	63	63	63	9	9	63	63	63	9	9	9	63	63	63	9	9	63	9	63	63	63	63	63	9	63	63	9	9	63	63	9	9	9	9	63	63	63	9	9	63	63	9	63	63	63	9	9	63	63	9	9	9	9	9	9	9	9	9	63	63	9	63	63	63	63	63	63	9	9	63	9	9	9	9	9	9	9	63	63	9	9	9	9	9	63	63	63	9	9	9	63	9	9	63	63	9	9	9	63	63	63	9	9	63	63	63	9	63	9	9	9	9	9	63	63	63	63	9	63	63	63	63	9	9	9	63	9	9	63
33	54	21	43	21	21	21	9	9	9	73	9	54	54	43	54	54	21	21	21	21	21	46	21	21	9	9	9	54	73	73	9	21	9	9	73	54	54	43	43	73	9	21	43	54	43	46	46	9	21	73	9	104	73	54	73	54	9	9	46	43	21	21	9	46	46	21	104	104	21	73	73	73	73	54	73	73	54	9	73	43	43	43	54	9	9	43	9	73	46	46	46	46	43	54	46	46	73	46	104	46	104	104	104	104	73	73	73	54	46	21	104	46	104	54	43	9	9	9	73	46	104	43	46	73	73	104	104	104	104	73	104	73	54	54	46	9	54	54	43	54	9	9	46	46	43	73	9	9	46	9	73	104	73	104	104	73	104	73	73	54	46	104	43	54	9	46	9	9	46	46	46	73	104	43	43	43	54	46	46	46	73	73	104	73	73	104	104	73	54	43	9	9	43	43	9	9	46	54	104	43	54	46	73	73	104	104	104	73	73	104	104	104	73	9	9	73	46	54	9	9	46	73	43	9	46	73	73	104	104	73	104	104	43	104	46	46	9	54	54	46	9	9	46	46	104	43	73	43	43	9	73	73	104	104	104	46	9	46	9	9	46	73	104	43	73	104	104	104	104	9	46	104	9	9	46	104	73	104	43	46	46	9	46	104	9	73	9	46	46	46	104	46	104	46	104	104	46
34	56	21	43	21	49	21	11	9	9	75	11	54	56	43	56	54	21	21	21	49	21	47	49	21	11	9	9	54	73	75	9	49	11	9	75	54	56	93	43	73	9	21	43	56	93	46	47	11	49	73	11	104	73	54	75	56	9	11	46	43	21	21	9	47	47	21	154	104	21	75	73	73	73	54	75	73	54	9	73	43	93	43	54	9	11	43	9	73	47	47	46	46	93	54	46	47	73	46	154	46	154	104	104	104	73	73	75	56	46	49	104	46	104	56	93	9	9	11	73	47	104	43	46	73	75	154	104	154	104	75	104	75	56	54	46	9	54	54	43	54	9	9	47	46	43	73	11	9	46	9	75	104	75	154	104	73	104	75	73	54	46	104	93	56	11	46	9	9	46	47	46	73	104	43	93	43	54	46	47	46	73	75	104	73	75	154	154	73	54	93	9	9	43	43	11	9	46	54	104	43	56	47	73	73	154	154	104	73	75	154	154	104	73	9	11	73	46	54	9	11	46	73	43	9	46	73	73	104	154	73	104	104	43	104	46	46	11	54	54	46	9	9	46	47	104	43	73	93	43	11	75	73	104	154	104	46	9	47	11	9	47	73	104	93	75	104	154	154	104	9	47	104	9	11	46	104	73	154	43	46	46	9	47	104	9	73	9	46	47	46	104	46	104	46	104	154	46
35	43	21	43	21	21	21	9	9	9	9	9	43	43	43	43	43	21	21	21	21	21	9	21	21	9	9	9	43	9	9	9	21	9	9	9	43	43	43	43	9	9	21	43	43	43	9	9	9	21	9	9	9	9	43	9	43	9	9	9	43	21	21	9	9	9	21	9	9	21	9	9	9	9	43	9	9	43	9	9	43	43	43	43	9	9	43	9	9	9	9	9	9	43	43	9	9	9	9	9	9	9	9	9	9	9	9	9	43	9	21	9	9	9	43	43	9	9	9	9	9	9	43	9	9	9	9	9	9	9	9	9	9	43	43	9	9	43	43	43	43	9	9	9	9	43	9	9	9	9	9	9	9	9	9	9	9	9	9	9	43	9	9	43	43	9	9	9	9	9	9	9	9	9	43	43	43	43	9	9	9	9	9	9	9	9	9	9	9	43	43	9	9	43	43	9	9	9	43	9	43	43	9	9	9	9	9	9	9	9	9	9	9	9	9	9	9	9	43	9	9	9	9	43	9	9	9	9	9	9	9	9	9	43	9	9	9	9	43	43	9	9	9	9	9	9	43	9	43	43	9	9	9	9	9	9	9	9	9	9	9	9	9	9	43	9	9	9	9	9	9	9	9	9	9	9	9	9	9	43	9	9	9	9	9	9	9	9	9	9	9	9	9	9	9	9	9	9
36	25	42	26	4	20	42	11	41	9	58	11	26	25	26	25	26	4	24	21	20	21	11	110	24	25	26	27	27	84	58	9	49	25	27	25	9	11	25	27	84	41	42	9	58	25	9	11	48	49	116	48	84	9	9	11	11	26	58	41	26	69	66	63	25	58	66	58	116	69	25	26	27	9	41	11	141	27	63	27	9	11	41	84	84	58	27	136	116	48	25	26	27	11	84	84	58	9	9	58	27	25	26	27	9	41	141	165	48	84	110	84	41	27	58	48	116	84	58	26	48	116	84	116	9	11	25	9	11	141	165	41	48	48	63	26	136	41	116	63	141	141	116	58	63	41	41	58	116	141	84	58	9	11	11	141	219	219	48	63	63	63	26	48	165	165	116	141	116	84	58	136	219	41	84	58	116	141	141	165	84	84	58	9	41	48	165	48	63	136	58	84	9	63	136	165	141	116	116	219	141	165	165	116	84	58	11	41	63	48	165	48	63	136	9	11	63	136	219	219	165	141	41	141	141	219	141	116	84	11	136	63	63	116	136	116	9	11	136	219	219	219	219	141	165	41	136	136	165	219	165	165	141	116	48	136	9	41	11	48	219	165	136	136	165	165	141	48	58	116	41	11	63	63	48	219	136	219	165	219	219	41	136	48	84	63	219	136	63	48	63	219	41	141	136	219	165	136
37	26	4	26	4	4	4	9	9	9	84	9	26	26	26	26	26	4	21	21	4	21	9	66	21	26	26	26	26	84	84	9	21	26	26	26	9	9	26	26	84	9	4	9	84	26	9	9	63	21	84	63	84	9	9	9	9	26	84	9	26	66	66	63	26	84	66	84	84	66	26	26	26	9	9	9	141	26	63	26	9	9	9	84	84	84	26	63	84	63	26	26	26	9	84	84	84	9	9	84	26	26	26	26	9	9	141	141	63	84	66	84	9	26	84	63	84	84	84	26	63	84	84	84	9	9	26	9	9	141	141	9	63	63	63	26	63	9	84	63	141	141	84	84	63	9	9	84	84	141	84	84	9	9	9	141	141	141	63	63	63	63	26	63	141	141	84	141	84	84	84	63	141	9	84	84	84	141	141	141	84	84	84	9	9	63	141	63	63	63	84	84	9	63	63	141	141	84	84	141	141	141	141	84	84	84	9	9	63	63	141	63	63	63	9	9	63	63	141	141	141	141	9	141	141	141	141	84	84	9	63	63	63	84	63	84	9	9	63	141	141	141	141	141	141	9	63	63	141	141	141	141	141	84	63	63	9	9	9	63	141	141	63	63	141	141	141	63	84	84	9	9	63	63	63	141	63	141	141	141	141	9	63	63	84	63	141	63	63	63	63	141	9	141	63	141	141	63
38	46	21	9	21	21	21	9	9	9	46	9	46	46	9	46	46	21	21	21	21	21	46	21	21	9	9	9	46	46	46	9	21	9	9	46	46	46	9	9	46	9	21	9	46	9	46	46	9	21	46	9	9	46	46	46	46	9	9	46	9	21	21	9	46	46	21	9	9	21	46	46	46	46	46	46	46	46	9	46	9	9	9	46	9	9	9	9	46	46	46	46	46	9	46	46	46	46	46	9	46	9	9	9	9	46	46	46	46	46	21	9	46	9	46	9	9	9	9	46	46	9	9	46	46	46	9	9	9	9	46	9	46	46	46	46	9	46	46	9	46	9	9	46	46	9	46	9	9	46	9	46	9	46	9	9	46	9	46	46	46	46	9	9	46	9	46	9	9	46	46	46	46	9	9	9	9	46	46	46	46	46	46	9	46	46	9	9	46	46	9	9	9	9	9	9	9	46	46	9	9	46	46	46	46	9	9	9	46	46	9	9	9	46	9	9	46	46	46	9	9	46	46	9	9	46	46	46	9	9	46	9	9	9	9	46	46	9	46	46	46	9	9	46	46	9	9	46	9	9	9	46	46	9	9	9	46	9	46	9	9	46	46	9	9	46	9	9	9	9	9	46	9	9	9	46	9	46	9	9	46	46	9	46	9	9	46	9	46	46	46	9	46	9	46	9	9	46
39	47	21	9	21	49	21	11	9	9	47	11	46	47	9	47	46	21	21	21	49	21	47	49	21	11	9	9	46	46	47	9	49	11	9	47	46	47	11	9	46	9	21	9	47	11	46	47	11	49	46	11	9	46	46	47	47	9	11	46	9	21	21	9	47	47	21	11	9	21	47	46	46	46	46	47	46	46	9	46	9	11	9	46	9	11	9	9	46	47	47	46	46	11	46	46	47	46	46	11	46	11	9	9	9	46	46	47	47	46	49	9	46	9	47	11	9	9	11	46	47	9	9	46	46	47	11	9	11	9	47	9	47	47	46	46	9	46	46	9	46	9	9	47	46	9	46	11	9	46	9	47	9	47	11	9	46	9	47	46	46	46	9	11	47	11	46	9	9	46	47	46	46	9	9	11	9	46	46	47	46	46	47	9	46	47	11	11	46	46	11	9	9	9	9	11	9	46	46	9	9	47	47	46	46	11	11	9	46	47	11	11	9	46	9	11	46	46	46	9	11	46	46	9	9	46	46	46	9	11	46	9	9	9	9	46	46	11	46	46	46	9	9	46	47	9	9	46	11	9	11	47	46	9	11	9	46	9	47	11	9	47	46	9	11	47	9	11	11	9	9	47	9	9	11	46	9	46	11	9	46	46	9	47	9	9	46	9	46	47	46	9	46	9	46	9	11	46
40	45	42	14	4	20	42	11	41	9	11	11	14	45	14	45	14	4	24	21	20	21	11	49	24	25	26	27	86	9	11	9	49	25	27	25	43	93	45	86	9	41	42	43	93	45	9	11	11	49	41	11	9	9	43	11	93	26	11	41	14	24	21	9	25	11	21	11	41	24	25	26	27	9	145	11	9	86	9	27	43	93	145	43	9	11	86	41	41	11	25	26	27	93	43	9	11	9	9	11	27	25	26	27	9	41	9	11	93	9	49	9	41	27	93	93	41	9	11	26	11	41	43	41	9	11	25	9	11	9	11	41	11	93	43	26	41	145	145	43	43	9	41	11	9	145	41	11	41	9	9	11	9	11	11	9	41	41	11	9	43	9	26	93	93	11	41	9	41	9	11	41	41	41	43	93	145	43	9	11	9	9	11	9	41	11	11	11	9	145	93	9	9	43	145	11	9	41	145	41	43	93	11	41	9	11	11	41	9	11	11	11	9	41	9	11	9	41	145	41	11	9	41	43	9	41	9	41	9	11	41	9	9	145	41	41	9	11	145	145	41	41	41	9	11	41	145	41	93	145	11	11	9	41	11	41	9	41	11	11	41	11	41	41	93	11	9	11	11	41	41	11	9	9	11	41	41	41	11	145	41	41	41	11	9	9	41	41	9	11	9	41	41	9	41	41	11	41
41	15	17	14	4	5	17	7	31	9	10	11	12	13	14	15	16	17	19	19	20	21	22	23	21	25	26	26	16	29	30	31	32	33	57	35	36	37	38	60	40	9	4	43	44	45	46	47	48	49	40	51	52	53	54	55	56	57	58	98	60	62	62	63	64	65	66	67	111	66	70	71	71	73	36	75	76	12	78	119	80	81	80	83	84	85	14	78	29	89	90	91	91	93	94	95	96	97	98	99	135	101	102	102	104	53	106	107	108	109	110	111	46	162	114	115	84	117	118	119	120	52	122	109	124	125	126	127	128	129	130	127	132	133	134	135	63	54	83	139	140	141	117	143	144	43	73	147	191	149	150	151	152	153	154	155	76	155	158	159	160	161	162	163	164	165	95	167	150	169	170	161	106	104	174	175	174	177	178	179	180	181	182	183	97	185	186	187	188	134	190	191	192	193	193	195	196	180	94	129	200	201	202	181	204	205	206	183	208	209	210	211	212	159	214	215	216	144	140	141	220	221	124	223	224	149	226	204	228	229	216	231	232	122	232	169	236	237	160	177	178	167	224	243	244	152	139	188	248	223	250	251	252	228	254	272	256	192	258	259	196	261	208	212	264	265	266	267	268	284	214	271	272	273	274	221	231	226	278	200	243	236	273	283	284	285	252	285	288	289	290	266	256	293	290	293	296	288
42	7	31	9	9	7	31	7	31	9	7	11	9	11	9	7	31	31	31	31	11	9	7	7	9	11	9	9	31	9	11	31	7	7	31	7	31	7	7	31	31	9	9	9	7	11	9	11	11	11	31	7	9	31	9	7	11	31	11	31	31	31	31	9	7	7	9	7	31	9	11	9	9	9	31	11	31	9	31	31	31	7	31	31	9	11	9	31	9	7	11	9	9	11	9	9	11	31	31	11	31	11	9	9	9	31	9	7	7	31	11	31	9	31	11	11	9	9	7	31	11	9	9	31	9	7	7	31	7	9	11	31	7	11	31	31	9	9	31	9	31	9	9	7	9	9	9	7	31	31	31	7	9	11	11	31	31	31	11	31	9	31	31	7	7	11	9	9	31	9	11	31	9	9	31	7	31	9	9	7	31	31	11	31	31	7	7	11	9	31	11	31	9	31	31	11	31	31	9	9	9	11	11	31	9	11	7	31	9	11	11	7	9	31	31	11	31	9	31	9	7	31	9	31	31	31	31	9	9	11	31	9	31	9	31	9	31	7	9	9	9	9	31	9	7	9	9	9	7	31	7	7	9	9	7	31	9	9	7	11	31	11	9	9	11	11	9	11	7	31	31	11	31	9	7	31	9	31	11	9	9	31	9	7	31	31	9	31	9	11	31	9	9	31	31	31	7	9
43	64	6	26	4	5	6	7	8	9	65	11	91	90	26	64	135	17	18	19	20	21	22	23	24	25	26	27	100	95	96	31	32	33	34	64	98	22	33	34	109	41	42	9	65	25	46	47	48	49	123	51	84	98	46	22	47	57	58	59	57	61	62	63	64	65	66	147	148	69	90	91	92	46	59	47	149	92	78	100	31	7	8	109	84	58	27	87	166	89	90	91	92	11	95	95	96	98	98	58	100	25	26	27	9	59	178	179	89	109	110	191	112	34	96	48	116	84	147	135	120	116	84	123	46	22	33	31	7	141	202	8	89	120	161	135	136	112	123	63	149	141	116	65	144	41	112	147	148	149	191	65	9	47	11	224	225	242	120	161	144	161	57	51	179	165	166	141	148	95	96	171	240	41	191	147	148	178	178	179	109	109	96	31	59	89	250	48	144	171	58	191	9	78	87	165	224	123	166	219	141	202	202	123	95	58	7	8	144	120	165	51	63	171	31	11	161	217	225	219	250	149	112	224	224	225	149	166	84	11	171	63	78	116	87	166	98	7	217	240	240	219	242	178	179	41	136	217	250	242	250	179	178	116	51	87	46	41	22	48	242	202	217	136	165	202	141	48	147	148	8	47	78	63	51	225	136	225	165	219	240	59	136	89	191	78	240	87	144	120	161	219	112	224	171	242	250	217
44	26	4	26	4	4	4	9	9	9	9	9	26	26	26	26	26	4	21	21	4	21	9	21	21	26	26	26	26	9	9	9	21	26	26	26	9	9	26	26	9	9	4	9	9	26	9	9	9	21	9	9	9	9	9	9	9	26	9	9	26	21	21	9	26	9	21	9	9	21	26	26	26	9	9	9	9	26	9	26	9	9	9	9	9	9	26	9	9	9	26	26	26	9	9	9	9	9	9	9	26	26	26	26	9	9	9	9	9	9	21	9	9	26	9	9	9	9	9	26	9	9	9	9	9	9	26	9	9	9	9	9	9	9	9	26	9	9	9	9	9	9	9	9	9	9	9	9	9	9	9	9	9	9	9	9	9	9	9	9	9	9	26	9	9	9	9	9	9	9	9	9	9	9	9	9	9	9	9	9	9	9	9	9	9	9	9	9	9	9	9	9	9	9	9	9	9	9	9	9	9	9	9	9	9	9	9	9	9	9	9	9	9	9	9	9	9	9	9	9	9	9	9	9	9	9	9	9	9	9	9	9	9	9	9	9	9	9	9	9	9	9	9	9	9	9	9	9	9	9	9	9	9	9	9	9	9	9	9	9	9	9	9	9	9	9	9	9	9	9	9	9	9	9	9	9	9	9	9	9	9	9	9	9	9	9	9	9	9	9	9	9	9	9	9	9	9	9
45	98	19	9	21	19	19	31	31	9	98	9	46	46	9	98	98	19	19	19	21	21	98	19	21	9	9	9	98	46	46	31	19	31	31	98	98	98	31	31	98	9	21	9	98	9	46	46	9	21	98	31	9	98	46	98	46	31	9	98	31	19	19	9	98	98	21	31	31	21	46	46	46	46	98	46	98	46	31	98	31	31	31	98	9	9	9	31	46	98	46	46	46	9	46	46	46	98	98	9	98	9	9	9	9	98	46	98	98	98	21	31	46	31	46	9	9	9	31	98	46	9	9	98	46	98	31	31	31	9	46	31	98	46	98	98	9	46	98	9	98	9	9	98	46	9	46	31	31	98	31	98	9	46	9	31	98	31	46	98	46	98	31	31	98	9	46	9	31	46	46	98	46	9	31	31	31	46	46	98	98	98	46	31	98	98	31	9	46	98	9	31	9	31	31	9	31	98	46	9	9	46	46	98	46	9	31	31	46	46	9	31	9	98	31	9	98	46	98	9	31	98	46	31	31	98	98	46	9	9	98	9	31	9	31	46	98	31	46	46	46	9	31	46	98	9	9	46	31	31	31	98	46	9	31	31	46	9	98	9	31	46	46	9	9	46	9	9	31	31	31	46	31	9	31	98	9	98	9	9	46	98	9	98	31	31	46	31	46	46	98	9	46	31	98	31	31	46
46	38	6	14	4	5	6	7	8	9	67	11	14	45	14	38	60	17	18	19	20	21	7	23	24	25	26	27	39	52	99	31	32	33	34	126	80	81	38	39	111	41	42	43	175	45	9	11	48	49	68	51	52	127	43	128	93	57	58	8	60	61	62	63	33	147	66	67	68	69	101	102	103	104	82	154	155	86	78	113	80	81	82	174	84	85	86	87	121	51	25	26	27	93	122	84	58	183	31	99	34	101	102	103	104	131	129	186	163	191	110	111	41	113	190	115	116	117	118	162	48	121	122	148	152	206	126	127	128	129	210	131	211	115	193	57	136	145	176	139	223	141	142	118	63	145	173	147	148	224	150	268	152	229	154	155	157	157	187	232	139	78	162	163	248	165	116	167	168	117	85	87	199	173	174	175	176	200	141	250	150	284	205	183	207	254	186	187	212	194	190	191	192	193	194	195	196	168	233	199	200	264	165	269	228	205	206	207	231	267	210	211	212	234	214	215	272	136	249	219	220	196	245	223	224	242	293	253	228	229	255	231	232	233	234	142	214	237	246	279	219	241	242	167	220	245	246	263	248	249	250	296	266	253	254	255	192	257	237	259	260	195	276	263	264	278	266	267	268	269	270	215	272	273	274	260	276	295	278	279	241	270	282	274	284	285	291	287	273	259	285	291	257	293	287	295	296	282
47	60	17	14	4	17	17	31	31	9	111	9	14	14	14	60	60	17	19	19	4	21	31	62	21	26	26	26	60	52	52	31	19	57	57	162	80	80	60	60	111	9	4	43	174	14	9	9	63	21	111	78	52	127	43	127	43	57	84	31	60	62	62	63	57	191	66	111	111	66	102	102	102	104	80	104	155	14	78	162	80	80	80	174	84	117	14	78	52	78	26	26	26	43	122	84	84	183	31	52	57	102	102	102	104	127	129	155	193	191	66	111	9	162	122	139	84	117	150	162	63	52	122	191	152	183	162	127	127	129	129	127	232	139	193	57	63	43	174	139	223	141	117	150	63	43	104	191	191	224	150	284	152	152	104	155	155	155	212	232	139	78	162	193	223	141	84	167	150	117	117	78	129	104	174	174	174	200	141	224	150	284	228	183	183	272	155	212	212	193	122	191	192	193	193	167	196	150	122	129	200	200	141	284	228	228	183	183	231	231	129	232	212	232	214	192	272	63	223	141	196	196	152	223	224	224	293	228	228	152	272	231	232	122	232	117	214	214	139	200	141	167	224	167	196	152	139	212	223	223	224	293	266	228	272	272	192	192	214	273	196	167	231	212	200	266	266	231	284	284	214	192	272	273	285	196	231	293	266	200	167	214	273	285	284	285	266	285	273	273	285	266	192	293	285	293	293	273
48	16	17	14	4	17	17	31	31	9	76	9	12	12	14	16	16	17	19	19	4	21	98	19	21	26	26	26	16	106	106	31	19	57	57	119	36	36	60	60	76	9	4	43	140	14	46	46	9	21	76	31	129	53	54	53	54	57	141	98	60	19	19	9	135	149	21	155	155	21	71	71	71	73	36	73	76	12	31	119	80	80	80	140	141	167	14	31	106	98	91	91	91	43	177	178	178	97	98	129	135	102	102	102	104	53	106	76	36	149	21	155	46	162	177	43	141	167	196	119	46	129	200	149	124	97	162	127	127	129	106	127	53	54	36	135	9	54	140	43	140	141	167	221	46	43	73	224	224	149	196	226	152	124	104	155	76	155	73	53	54	98	162	80	140	141	178	167	196	243	243	98	106	104	223	223	223	177	178	149	221	226	252	183	97	97	155	104	73	36	200	224	192	80	80	167	196	221	177	129	200	177	178	226	252	266	183	183	124	124	129	127	104	53	214	192	97	46	140	141	196	221	124	223	224	149	226	252	266	152	97	152	127	200	127	243	236	214	54	177	178	167	224	243	221	152	43	73	223	223	224	226	252	266	183	183	256	192	236	192	196	243	124	104	200	252	266	152	293	293	214	256	183	192	214	221	152	226	266	200	243	236	192	236	293	214	252	214	256	256	236	266	256	293	236	293	293	256
49	57	57	26	26	57	57	31	31	9	78	9	26	26	26	57	57	57	31	31	26	9	31	78	9	26	26	26	57	63	63	31	31	57	57	57	31	31	57	57	78	9	26	9	78	26	9	9	63	9	78	78	63	31	9	31	9	57	63	31	57	78	78	63	57	78	63	78	78	63	26	26	26	9	31	9	31	26	78	57	31	31	31	78	63	63	26	78	63	78	26	26	26	9	63	63	63	31	31	63	57	26	26	26	9	31	9	31	78	78	63	78	9	57	63	63	63	63	78	57	63	63	63	78	9	31	57	31	31	9	9	31	78	63	78	57	63	9	78	63	31	9	63	78	63	9	9	78	78	31	78	78	9	9	9	31	31	31	63	78	63	78	57	78	31	9	63	9	78	63	63	78	9	9	78	78	78	9	9	31	78	78	63	31	31	78	31	63	63	78	63	78	9	78	78	9	31	78	63	9	9	9	9	78	63	63	31	31	63	63	9	78	63	78	31	9	78	63	31	9	31	31	9	31	31	31	31	63	63	9	78	63	78	63	78	63	31	31	63	9	9	9	31	9	31	9	63	63	31	31	31	31	9	63	78	78	9	9	31	63	31	9	63	63	9	9	9	63	78	78	31	9	78	63	78	31	63	31	9	9	9	31	63	78	78	78	9	78	63	63	78	9	9	31	78	31	31	63
50	45	4	14	4	20	4	11	9	9	11	11	14	45	14	45	14	4	21	21	20	21	11	49	21	25	26	26	14	9	11	9	49	25	26	25	43	93	45	14	9	9	4	43	93	45	9	11	11	49	9	11	9	9	43	11	93	26	11	9	14	21	21	9	25	11	21	11	9	21	25	26	26	9	43	11	9	14	9	26	43	93	43	43	9	11	14	9	9	11	25	26	26	93	43	9	11	9	9	11	26	25	26	26	9	9	9	11	93	9	49	9	9	26	93	93	9	9	11	26	11	9	43	9	9	11	25	9	11	9	11	9	11	93	43	26	9	43	43	43	43	9	9	11	9	43	9	11	9	9	9	11	9	11	11	9	9	9	11	9	43	9	26	93	93	11	9	9	9	9	11	9	9	9	43	93	43	43	9	11	9	9	11	9	9	11	11	11	9	43	93	9	9	43	43	11	9	9	43	9	43	93	11	9	9	11	11	9	9	11	11	11	9	9	9	11	9	9	43	9	11	9	9	43	9	9	9	9	9	11	9	9	9	43	9	9	9	11	43	43	9	9	9	9	11	9	43	9	93	43	11	11	9	9	11	9	9	9	11	11	9	11	9	9	93	11	9	11	11	9	9	11	9	9	11	9	9	9	11	43	9	9	9	11	9	9	9	9	9	11	9	9	9	9	9	9	11	9
51	12	4	14	4	4	4	9	9	9	106	9	12	12	14	12	12	4	21	21	4	21	46	21	21	26	26	26	12	106	106	9	21	26	26	71	54	54	14	14	106	9	4	43	177	14	46	46	9	21	106	9	129	73	54	73	54	26	141	46	14	21	21	9	91	178	21	129	129	21	71	71	71	73	54	73	106	12	9	71	43	43	43	177	141	167	14	9	106	46	91	91	91	43	177	178	178	124	46	129	91	102	102	102	104	73	106	106	54	178	21	129	46	102	177	43	141	167	167	71	46	129	200	178	124	124	102	104	104	129	106	104	73	54	54	91	9	54	177	43	177	141	167	243	46	43	73	141	141	178	167	252	152	124	104	129	106	129	73	73	54	46	102	43	177	141	178	167	167	243	243	46	106	104	200	200	200	177	178	178	243	252	252	152	124	124	129	104	73	54	200	141	192	43	43	167	167	243	177	129	200	177	178	252	252	266	152	152	124	124	129	104	104	73	192	192	124	46	177	141	167	243	124	200	141	178	252	252	266	152	124	152	104	200	104	243	256	192	54	177	178	167	141	243	243	152	43	73	200	200	141	252	252	266	152	152	256	192	256	192	167	243	124	104	200	252	266	152	266	266	192	256	152	192	192	243	152	252	266	200	243	256	192	256	266	192	252	192	256	256	256	266	256	266	256	266	266	256
52	15	6	14	4	5	6	7	8	9	22	11	12	13	14	15	16	17	18	19	20	21	22	32	24	25	26	27	28	46	47	31	32	33	34	64	36	37	38	39	98	41	42	43	37	45	46	47	11	49	59	7	9	98	54	22	56	57	11	59	60	18	19	9	64	22	21	7	8	24	90	91	92	46	74	47	98	77	31	100	80	81	82	36	9	11	86	8	112	22	90	91	92	93	54	46	47	98	98	11	100	25	26	27	9	59	46	22	37	98	49	31	112	34	56	93	41	9	7	135	47	41	43	59	46	22	33	31	7	9	47	8	22	56	36	135	41	137	74	43	36	9	41	22	46	145	112	7	8	98	31	22	9	47	11	31	59	8	47	98	54	98	57	81	37	11	112	9	8	46	47	59	112	41	80	81	82	54	46	22	98	98	47	31	59	22	7	11	46	74	93	31	9	80	82	11	31	59	137	41	43	56	47	59	46	11	7	8	46	47	11	7	9	59	31	11	98	112	74	41	7	98	112	80	31	59	98	112	9	11	59	9	31	145	8	112	98	7	137	137	112	41	8	46	22	41	145	112	81	82	7	22	46	41	7	8	46	41	22	11	8	47	112	41	93	47	9	11	7	8	8	47	31	9	7	59	41	59	11	145	112	59	41	22	31	31	112	8	46	47	98	41	112	31	59	8	7	112
53	45	42	14	4	20	42	11	41	9	85	11	14	45	14	45	14	4	24	21	20	21	11	110	24	25	26	27	86	117	85	9	49	25	27	25	43	93	45	86	117	41	42	43	190	45	9	11	48	49	142	48	117	9	43	11	93	26	58	41	14	69	66	63	25	58	66	85	142	69	25	26	27	9	145	11	167	86	63	27	43	93	145	122	84	85	86	136	142	48	25	26	27	93	122	84	58	192	9	85	27	25	26	27	9	41	167	195	115	84	110	117	41	27	190	115	116	117	85	26	48	142	122	116	192	215	25	9	11	167	195	41	48	115	139	26	136	145	233	139	200	141	142	85	63	145	41	58	116	141	117	58	192	215	11	167	241	241	48	63	139	63	26	115	264	165	116	167	142	117	85	136	241	41	122	190	233	200	141	165	117	84	58	192	257	259	195	48	63	246	190	84	192	139	246	195	167	142	233	241	200	264	165	116	84	58	215	257	273	259	195	48	63	136	192	215	273	136	279	219	195	167	257	200	141	219	141	116	84	215	282	273	63	233	136	142	192	215	246	279	219	241	219	167	195	257	246	136	264	279	165	165	141	116	259	282	192	257	215	259	241	195	282	136	264	165	141	259	58	116	257	215	273	273	259	241	282	219	165	279	241	257	282	259	84	273	219	282	273	259	273	219	257	141	282	219	165	282
54	33	6	26	4	5	6	7	8	9	147	11	26	25	26	33	57	17	18	19	20	21	7	23	24	25	26	27	34	84	58	31	32	33	34	33	31	7	33	34	191	41	42	9	147	25	9	11	48	49	148	51	84	31	9	7	11	57	58	8	57	61	62	63	33	147	66	147	148	69	25	26	27	9	8	11	224	27	78	34	31	7	8	191	84	58	27	87	116	51	25	26	27	11	84	84	58	31	31	58	34	25	26	27	9	8	141	250	51	191	110	191	41	34	58	48	116	84	147	57	48	116	84	148	9	7	33	31	7	141	165	8	51	48	78	57	136	41	148	63	224	141	116	147	63	41	41	147	148	224	191	147	9	11	11	224	242	242	48	78	63	78	57	51	250	165	116	141	148	84	58	87	219	41	191	147	148	141	141	250	191	191	58	31	8	51	250	48	63	87	58	191	9	78	87	165	224	148	116	219	141	165	165	148	84	58	7	8	63	48	165	51	63	87	31	11	78	136	242	219	250	224	41	224	224	242	224	116	84	11	87	63	78	116	87	116	31	7	136	219	219	219	242	141	250	41	136	136	250	242	250	250	141	116	51	87	9	41	7	48	242	165	136	136	165	165	141	48	147	148	8	11	78	63	51	242	136	242	165	219	219	8	136	51	191	78	219	87	63	48	78	219	41	224	87	242	250	136
55	14	4	14	4	4	4	9	9	9	117	9	14	14	14	14	14	4	21	21	4	21	9	66	21	26	26	26	14	117	117	9	21	26	26	26	43	43	14	14	117	9	4	43	122	14	9	9	63	21	117	63	117	9	43	9	43	26	84	9	14	66	66	63	26	84	66	117	117	66	26	26	26	9	43	9	167	14	63	26	43	43	43	122	84	117	14	63	117	63	26	26	26	43	122	84	84	192	9	117	26	26	26	26	9	9	167	167	139	84	66	117	9	26	122	139	84	117	117	26	63	117	122	84	192	192	26	9	9	167	167	9	63	139	139	26	63	43	122	139	200	141	117	117	63	43	9	84	84	141	117	84	192	192	9	167	167	167	63	63	139	63	26	139	200	141	84	167	117	117	117	63	167	9	122	122	122	200	141	141	117	84	84	192	192	273	167	63	63	139	122	84	192	139	139	167	167	117	122	167	200	200	141	84	84	84	192	192	273	273	167	63	63	63	192	192	273	63	200	141	167	167	192	200	141	141	141	84	84	192	273	273	63	122	63	117	192	192	139	200	141	167	141	167	167	192	139	63	200	200	141	141	141	84	273	273	192	192	192	273	167	167	273	63	200	141	141	273	84	84	192	192	273	273	273	167	273	141	141	200	167	192	273	273	84	273	141	273	273	273	273	141	192	141	273	141	141	273
56	57	17	26	4	17	17	31	31	9	191	9	26	26	26	57	57	17	19	19	4	21	31	62	21	26	26	26	57	84	84	31	19	57	57	57	31	31	57	57	191	9	4	9	191	26	9	9	63	21	191	78	84	31	9	31	9	57	84	31	57	62	62	63	57	191	66	191	191	66	26	26	26	9	31	9	224	26	78	57	31	31	31	191	84	84	26	78	84	78	26	26	26	9	84	84	84	31	31	84	57	26	26	26	9	31	141	224	78	191	66	191	9	57	84	63	84	84	191	57	63	84	84	191	9	31	57	31	31	141	141	31	78	63	78	57	63	9	191	63	224	141	84	191	63	9	9	191	191	224	191	191	9	9	9	224	224	224	63	78	63	78	57	78	224	141	84	141	191	84	84	78	141	9	191	191	191	141	141	224	191	191	84	31	31	78	224	63	63	78	84	191	9	78	78	141	224	191	84	141	141	141	141	191	84	84	31	31	63	63	141	78	63	78	31	9	78	63	224	141	224	224	9	224	224	224	224	84	84	9	78	63	78	84	78	84	31	31	63	141	141	141	224	141	224	9	63	63	224	224	224	224	141	84	78	78	9	9	31	63	224	141	63	63	141	141	141	63	191	191	31	9	78	63	78	224	63	224	141	141	141	31	63	78	191	78	141	78	63	63	78	141	9	224	78	224	224	63
57	56	24	43	21	49	24	11	41	9	75	11	54	56	43	56	54	21	24	21	49	21	47	49	24	11	9	41	137	73	75	9	49	11	41	75	54	56	93	145	73	41	24	43	56	93	46	47	11	49	146	11	104	73	54	75	56	9	11	112	43	24	21	9	47	47	21	154	173	24	75	73	146	73	137	75	73	137	9	146	43	93	145	54	9	11	145	41	146	47	47	46	112	93	54	46	47	73	46	154	112	154	104	173	104	146	73	75	56	46	49	104	112	173	56	93	41	9	11	73	47	173	43	112	73	75	154	104	154	104	75	173	75	56	54	46	41	137	137	43	54	9	41	47	46	145	146	11	41	46	9	75	104	75	154	104	146	173	75	73	54	46	104	93	56	11	112	9	41	46	47	112	146	173	43	93	145	54	46	47	46	73	75	104	146	75	154	154	73	137	93	9	9	43	145	11	9	112	137	173	43	56	47	146	73	154	154	173	73	75	154	154	104	146	9	11	73	112	137	41	11	46	146	43	9	112	73	146	104	154	146	104	104	145	173	112	46	11	137	137	112	41	41	46	47	173	145	146	93	145	11	75	73	173	154	173	46	41	47	11	41	47	146	173	93	75	104	154	154	173	41	47	104	9	11	112	173	146	154	145	112	112	41	47	104	9	146	41	46	47	46	173	112	104	112	173	154	112
58	16	17	14	4	17	17	31	31	9	97	9	12	12	14	16	16	17	19	19	4	21	98	19	21	26	26	26	16	124	124	31	19	57	57	119	36	36	60	60	97	9	4	43	36	14	46	46	9	21	97	31	152	53	54	53	54	57	9	98	60	19	19	9	135	98	21	183	183	21	71	71	71	73	36	73	97	12	31	119	80	80	80	36	9	192	14	31	124	98	91	91	91	43	54	46	46	97	98	152	135	102	102	102	104	53	124	97	36	98	21	183	46	162	54	43	9	192	214	119	46	152	43	98	124	97	162	127	127	152	124	127	53	54	36	135	9	54	36	43	36	9	192	236	46	43	73	31	31	98	214	53	152	124	104	183	97	183	73	53	54	98	162	80	36	9	46	192	214	256	256	98	124	104	80	80	80	54	46	98	236	53	73	183	97	97	183	104	73	36	43	31	192	80	80	192	214	236	54	152	43	54	46	53	73	104	183	183	124	124	152	127	104	53	214	192	97	46	36	9	214	236	124	80	31	98	53	73	104	152	97	152	127	43	127	256	236	214	54	54	46	192	31	256	236	152	43	73	80	80	31	53	73	104	183	183	256	192	236	192	214	256	124	104	43	73	104	152	127	127	214	256	183	192	214	236	152	53	104	43	256	236	192	236	127	214	73	214	256	256	236	104	256	127	236	127	127	256
59	45	4	14	4	20	4	11	9	9	99	11	14	45	14	45	14	4	21	21	20	21	11	110	21	25	26	26	14	52	99	9	49	25	26	101	43	93	45	14	52	9	4	43	190	45	9	11	48	49	52	48	52	104	43	154	93	26	58	9	14	66	66	63	25	58	66	99	52	66	101	102	102	104	43	154	129	14	63	102	43	93	43	122	84	85	14	63	52	48	25	26	26	93	122	84	58	152	9	99	26	101	102	102	104	104	129	210	115	84	110	52	9	102	190	115	84	117	85	102	48	52	122	84	152	229	101	104	154	129	210	104	187	115	139	26	63	43	122	139	200	141	117	85	63	43	104	58	84	141	117	205	152	229	154	129	129	129	187	212	139	63	102	115	264	165	84	167	117	117	85	63	129	104	122	190	122	200	141	165	117	228	205	152	152	267	210	187	212	139	190	84	192	139	139	195	167	117	122	129	200	264	165	228	228	205	229	152	231	267	210	187	212	212	192	215	231	63	200	141	195	167	152	200	141	141	266	228	228	229	231	231	212	122	212	117	192	215	139	200	141	167	141	167	195	152	139	212	264	200	165	278	266	228	267	231	192	192	215	259	167	195	231	212	264	278	266	267	205	228	192	215	231	273	259	167	231	266	278	200	167	192	273	259	228	273	266	273	273	259	273	266	192	266	273	266	278	273
60	47	24	9	21	49	24	11	41	9	47	11	46	47	9	47	46	21	24	21	49	21	47	49	24	11	9	41	112	46	47	9	49	11	41	47	46	47	11	41	46	41	24	9	47	11	46	47	11	49	112	11	9	46	46	47	47	9	11	112	9	24	21	9	47	47	21	11	41	24	47	46	112	46	112	47	46	112	9	112	9	11	41	46	9	11	41	41	112	47	47	46	112	11	46	46	47	46	46	11	112	11	9	41	9	112	46	47	47	46	49	9	112	41	47	11	41	9	11	46	47	41	9	112	46	47	11	9	11	9	47	41	47	47	46	46	41	112	112	9	46	9	41	47	46	41	112	11	41	46	9	47	9	47	11	9	112	41	47	46	46	46	9	11	47	11	112	9	41	46	47	112	112	41	9	11	41	46	46	47	46	46	47	9	112	47	11	11	46	112	11	9	9	9	41	11	9	112	112	41	9	47	47	112	46	11	11	41	46	47	11	11	9	112	9	11	46	112	112	41	11	46	112	9	9	112	46	112	9	11	112	9	9	41	41	112	46	11	112	112	112	41	41	46	47	41	41	112	11	41	11	47	46	41	11	41	46	41	47	11	41	47	112	41	11	47	9	11	11	41	41	47	9	9	11	112	41	112	11	41	112	112	41	47	9	9	112	41	46	47	46	41	112	9	112	41	11	112
61	25	26	26	26	25	26	11	9	9	11	11	26	25	26	25	26	26	9	9	25	9	11	11	9	25	26	26	26	9	11	9	11	25	26	25	9	11	25	26	9	9	26	9	11	25	9	11	11	11	9	11	9	9	9	11	11	26	11	9	26	9	9	9	25	11	9	11	9	9	25	26	26	9	9	11	9	26	9	26	9	11	9	9	9	11	26	9	9	11	25	26	26	11	9	9	11	9	9	11	26	25	26	26	9	9	9	11	11	9	11	9	9	26	11	11	9	9	11	26	11	9	9	9	9	11	25	9	11	9	11	9	11	11	9	26	9	9	9	9	9	9	9	11	9	9	9	11	9	9	9	11	9	11	11	9	9	9	11	9	9	9	26	11	11	11	9	9	9	9	11	9	9	9	9	11	9	9	9	11	9	9	11	9	9	11	11	11	9	9	11	9	9	9	9	11	9	9	9	9	9	11	11	9	9	11	11	9	9	11	11	11	9	9	9	11	9	9	9	9	11	9	9	9	9	9	9	9	9	11	9	9	9	9	9	9	9	11	9	9	9	9	9	9	11	9	9	9	11	9	11	11	9	9	11	9	9	9	11	11	9	11	9	9	11	11	9	11	11	9	9	11	9	9	11	9	9	9	11	9	9	9	9	11	9	9	9	9	9	11	9	9	9	9	9	9	11	9
62	25	27	26	26	25	27	11	41	9	11	11	26	25	26	25	26	26	41	9	25	9	11	11	41	25	26	27	27	9	11	9	11	25	27	25	9	11	25	27	9	41	27	9	11	25	9	11	11	11	41	11	9	9	9	11	11	26	11	41	26	41	9	9	25	11	9	11	41	41	25	26	27	9	41	11	9	27	9	27	9	11	41	9	9	11	27	41	41	11	25	26	27	11	9	9	11	9	9	11	27	25	26	27	9	41	9	11	11	9	11	9	41	27	11	11	41	9	11	26	11	41	9	41	9	11	25	9	11	9	11	41	11	11	9	26	41	41	41	9	9	9	41	11	9	41	41	11	41	9	9	11	9	11	11	9	41	41	11	9	9	9	26	11	11	11	41	9	41	9	11	41	41	41	9	11	41	9	9	11	9	9	11	9	41	11	11	11	9	41	11	9	9	9	41	11	9	41	41	41	9	11	11	41	9	11	11	41	9	11	11	11	9	41	9	11	9	41	41	41	11	9	41	9	9	41	9	41	9	11	41	9	9	41	41	41	9	11	41	41	41	41	41	9	11	41	41	41	11	41	11	11	9	41	11	41	9	41	11	11	41	11	41	41	11	11	9	11	11	41	41	11	9	9	11	41	41	41	11	41	41	41	41	11	9	9	41	41	9	11	9	41	41	9	41	41	11	41
63	15	6	14	4	5	6	7	8	9	107	11	12	13	14	15	16	17	18	19	20	21	22	32	24	25	26	27	28	106	130	31	32	33	34	35	36	37	38	39	76	41	42	43	164	45	46	47	11	49	156	7	129	53	54	55	56	57	165	59	60	18	19	9	64	179	21	186	157	24	70	71	72	73	74	75	76	77	31	79	80	81	82	140	141	195	86	8	172	22	90	91	92	93	177	178	202	97	98	210	100	101	102	103	104	105	106	107	37	149	49	155	112	113	201	93	219	167	220	119	47	199	200	225	124	125	126	127	128	129	130	131	55	56	36	135	41	137	218	43	140	141	241	244	46	145	146	250	242	149	196	251	152	153	154	155	156	157	75	53	54	98	162	81	164	165	240	167	260	243	261	59	172	173	223	248	249	177	178	179	221	226	265	183	184	125	186	154	73	74	264	224	192	80	82	195	196	275	239	199	200	201	202	277	252	278	206	207	124	153	210	128	104	105	214	215	97	112	218	219	220	221	222	223	224	225	226	286	266	229	184	152	127	279	131	280	236	237	137	239	240	241	242	243	244	245	145	146	248	249	250	251	252	291	206	207	256	257	258	215	260	261	222	173	264	265	266	229	296	295	270	271	183	192	237	275	245	277	278	279	280	281	257	258	293	214	286	270	256	271	236	291	292	293	281	295	296	292
64	43	21	43	21	21	21	9	9	9	104	9	43	43	43	43	43	21	21	21	21	21	9	21	21	9	9	9	43	104	104	9	21	9	9	104	43	43	43	43	104	9	21	43	43	43	9	9	9	21	104	9	104	104	43	104	43	9	9	9	43	21	21	9	9	9	21	104	104	21	104	104	104	104	43	104	104	43	9	104	43	43	43	43	9	9	43	9	104	9	9	9	9	43	43	9	9	104	9	104	9	104	104	104	104	104	104	104	43	9	21	104	9	104	43	43	9	9	9	104	9	104	43	9	104	104	104	104	104	104	104	104	104	43	43	9	9	43	43	43	43	9	9	9	9	43	104	9	9	9	9	104	104	104	104	104	104	104	104	104	43	9	104	43	43	9	9	9	9	9	9	9	104	104	43	43	43	43	9	9	9	104	104	104	104	104	104	104	104	43	43	9	9	43	43	9	9	9	43	104	43	43	9	104	104	104	104	104	104	104	104	104	104	104	9	9	104	9	43	9	9	9	104	43	9	9	104	104	104	104	104	104	104	43	104	9	9	9	43	43	9	9	9	9	9	104	43	104	43	43	9	104	104	104	104	104	9	9	9	9	9	9	104	104	43	104	104	104	104	104	9	9	104	9	9	9	104	104	104	43	9	9	9	9	104	9	104	9	9	9	9	104	9	104	9	104	104	9
65	14	4	14	4	4	4	9	9	9	152	9	14	14	14	14	14	4	21	21	4	21	9	21	21	26	26	26	14	152	152	9	21	26	26	102	43	43	14	14	152	9	4	43	43	14	9	9	9	21	152	9	152	104	43	104	43	26	9	9	14	21	21	9	26	9	21	152	152	21	102	102	102	104	43	104	152	14	9	102	43	43	43	43	9	192	14	9	152	9	26	26	26	43	43	9	9	152	9	152	26	102	102	102	104	104	152	152	43	9	21	152	9	102	43	43	9	192	192	102	9	152	43	9	152	152	102	104	104	152	152	104	104	43	43	26	9	43	43	43	43	9	192	192	9	43	104	9	9	9	192	104	152	152	104	152	152	152	104	104	43	9	102	43	43	9	9	192	192	192	192	9	152	104	43	43	43	43	9	9	192	104	104	152	152	152	152	104	104	43	43	9	192	43	43	192	192	192	43	152	43	43	9	104	104	104	152	152	152	152	152	104	104	104	192	192	152	9	43	9	192	192	152	43	9	9	104	104	104	152	152	152	104	43	104	192	192	192	43	43	9	192	9	192	192	152	43	104	43	43	9	104	104	104	152	152	192	192	192	192	192	192	152	104	43	104	104	152	104	104	192	192	152	192	192	192	152	104	104	43	192	192	192	192	104	192	104	192	192	192	192	104	192	104	192	104	104	192
66	33	34	26	26	33	34	7	8	9	7	11	26	25	26	33	57	57	8	31	25	9	7	7	41	25	26	27	34	9	11	31	7	33	34	33	31	7	33	34	31	41	27	9	7	25	9	11	11	11	8	7	9	31	9	7	11	57	11	8	57	8	31	9	33	7	9	7	8	41	25	26	27	9	8	11	31	27	31	34	31	7	8	31	9	11	27	8	41	7	25	26	27	11	9	9	11	31	31	11	34	25	26	27	9	8	9	7	7	31	11	31	41	34	11	11	41	9	7	57	11	41	9	8	9	7	33	31	7	9	11	8	7	11	31	57	41	41	8	9	31	9	41	7	9	41	41	7	8	31	31	7	9	11	11	31	8	8	11	31	9	31	57	7	7	11	41	9	8	9	11	8	41	41	31	7	8	9	9	7	31	31	11	31	8	7	7	11	9	8	11	31	9	31	8	11	31	8	41	41	9	11	11	8	9	11	7	8	9	11	11	7	9	8	31	11	31	41	8	41	7	31	41	31	31	8	31	41	9	11	8	9	31	41	8	41	31	7	41	41	41	41	8	9	7	41	41	41	7	8	7	7	9	41	7	8	9	41	7	11	8	11	41	41	11	11	9	11	7	8	8	11	31	9	7	8	41	8	11	41	41	8	41	7	31	31	41	8	9	11	31	41	41	31	8	8	7	41
67	12	4	14	4	4	4	9	9	9	46	9	12	12	14	12	12	4	21	21	4	21	46	21	21	26	26	26	12	46	46	9	21	26	26	91	54	54	14	14	46	9	4	43	54	14	46	46	9	21	46	9	9	46	54	46	54	26	9	46	14	21	21	9	91	46	21	9	9	21	91	91	91	46	54	46	46	12	9	91	43	43	43	54	9	9	14	9	46	46	91	91	91	43	54	46	46	46	46	9	91	26	26	26	9	46	46	46	54	46	21	9	46	26	54	43	9	9	9	91	46	9	43	46	46	46	26	9	9	9	46	9	46	54	54	91	9	54	54	43	54	9	9	46	46	43	46	9	9	46	9	46	9	46	9	9	46	9	46	46	54	46	26	43	54	9	46	9	9	46	46	46	46	9	43	43	43	54	46	46	46	46	46	9	46	46	9	9	46	54	43	9	9	43	43	9	9	46	54	9	43	54	46	46	46	9	9	9	46	46	9	9	9	46	9	9	46	46	54	9	9	46	46	43	9	46	46	46	9	9	46	9	9	43	9	46	46	9	54	54	46	9	9	46	46	9	43	46	43	43	9	46	46	9	9	9	46	9	46	9	9	46	46	9	43	46	9	9	9	9	9	46	9	9	9	46	9	46	9	43	46	46	9	46	9	9	46	9	46	46	46	9	46	9	46	9	9	46
68	13	4	14	4	20	4	11	9	9	47	11	12	13	14	13	12	4	21	21	20	21	47	49	21	25	26	26	12	46	47	9	49	25	26	90	54	56	45	14	46	9	4	43	56	45	46	47	11	49	46	11	9	46	54	47	56	26	11	46	14	21	21	9	90	47	21	11	9	21	90	91	91	46	54	47	46	12	9	91	43	93	43	54	9	11	14	9	46	47	90	91	91	93	54	46	47	46	46	11	91	25	26	26	9	46	46	47	56	46	49	9	46	26	56	93	9	9	11	91	47	9	43	46	46	47	25	9	11	9	47	9	47	56	54	91	9	54	54	43	54	9	9	47	46	43	46	11	9	46	9	47	9	47	11	9	46	9	47	46	54	46	26	93	56	11	46	9	9	46	47	46	46	9	43	93	43	54	46	47	46	46	47	9	46	47	11	11	46	54	93	9	9	43	43	11	9	46	54	9	43	56	47	46	46	11	11	9	46	47	11	11	9	46	9	11	46	46	54	9	11	46	46	43	9	46	46	46	9	11	46	9	9	43	9	46	46	11	54	54	46	9	9	46	47	9	43	46	93	43	11	47	46	9	11	9	46	9	47	11	9	47	46	9	93	47	9	11	11	9	9	47	9	9	11	46	9	46	11	43	46	46	9	47	9	9	46	9	46	47	46	9	46	9	46	9	11	46
69	33	57	26	26	33	57	7	31	9	7	11	26	25	26	33	57	57	31	31	25	9	7	7	9	25	26	26	57	9	11	31	7	33	57	33	31	7	33	57	31	9	26	9	7	25	9	11	11	11	31	7	9	31	9	7	11	57	11	31	57	31	31	9	33	7	9	7	31	9	25	26	26	9	31	11	31	26	31	57	31	7	31	31	9	11	26	31	9	7	25	26	26	11	9	9	11	31	31	11	57	25	26	26	9	31	9	7	7	31	11	31	9	57	11	11	9	9	7	57	11	9	9	31	9	7	33	31	7	9	11	31	7	11	31	57	9	9	31	9	31	9	9	7	9	9	9	7	31	31	31	7	9	11	11	31	31	31	11	31	9	31	57	7	7	11	9	9	31	9	11	31	9	9	31	7	31	9	9	7	31	31	11	31	31	7	7	11	9	31	11	31	9	31	31	11	31	31	9	9	9	11	11	31	9	11	7	31	9	11	11	7	9	31	31	11	31	9	31	9	7	31	9	31	31	31	31	9	9	11	31	9	31	9	31	9	31	7	9	9	9	9	31	9	7	9	9	9	7	31	7	7	9	9	7	31	9	9	7	11	31	11	9	9	11	11	9	11	7	31	31	11	31	9	7	31	9	31	11	9	9	31	9	7	31	31	9	31	9	11	31	9	9	31	31	31	7	9
70	80	19	43	21	19	19	31	31	9	31	9	43	43	43	80	80	19	19	19	21	21	31	19	21	9	9	9	80	9	9	31	19	31	31	31	80	80	80	80	31	9	21	43	80	43	9	9	9	21	31	31	9	31	43	31	43	31	9	31	80	19	19	9	31	31	21	31	31	21	9	9	9	9	80	9	31	43	31	31	80	80	80	80	9	9	43	31	9	31	9	9	9	43	43	9	9	31	31	9	31	9	9	9	9	31	9	31	80	31	21	31	9	31	43	43	9	9	31	31	9	9	43	31	9	31	31	31	31	9	9	31	31	43	80	31	9	43	80	43	80	9	9	31	9	43	9	31	31	31	31	31	9	9	9	31	31	31	9	31	43	31	31	80	80	9	9	9	31	9	9	31	9	9	80	80	80	43	9	31	31	31	9	31	31	31	31	9	9	80	43	31	9	80	80	9	31	31	43	9	43	43	9	31	9	9	31	31	9	9	9	31	9	31	31	9	31	9	80	9	31	31	9	80	31	31	31	9	9	9	31	9	31	43	31	9	31	31	43	43	9	9	31	9	31	9	43	9	80	80	31	31	9	9	31	31	9	9	31	9	31	9	9	9	43	9	9	9	31	31	31	9	31	9	31	31	9	31	9	43	9	31	9	31	31	31	9	31	9	9	31	9	9	31	31	31	31	9
71	81	18	43	21	32	18	7	8	9	7	11	43	93	43	81	80	19	18	19	49	21	7	32	24	11	9	41	82	9	11	31	32	7	8	7	80	81	81	82	31	41	24	43	81	93	9	11	11	49	8	7	9	31	43	7	93	31	11	8	80	18	19	9	7	7	21	7	8	24	11	9	41	9	82	11	31	145	31	8	80	81	82	80	9	11	145	8	41	7	11	9	41	93	43	9	11	31	31	11	8	11	9	41	9	8	9	7	81	31	49	31	41	8	93	93	41	9	7	31	11	41	43	8	9	7	7	31	7	9	11	8	7	93	80	31	41	145	82	43	80	9	41	7	9	145	41	7	8	31	31	7	9	11	11	31	8	8	11	31	43	31	31	81	81	11	41	9	8	9	11	8	41	41	80	81	82	43	9	7	31	31	11	31	8	7	7	11	9	82	93	31	9	80	82	11	31	8	145	41	43	93	11	8	9	11	7	8	9	11	11	7	9	8	31	11	31	41	82	41	7	31	41	80	31	8	31	41	9	11	8	9	31	145	8	41	31	7	145	145	41	41	8	9	7	41	145	41	81	82	7	7	9	41	7	8	9	41	7	11	8	11	41	41	93	11	9	11	7	8	8	11	31	9	7	8	41	8	11	145	41	8	41	7	31	31	41	8	9	11	31	41	41	31	8	8	7	41
72	81	19	43	21	32	19	7	31	9	7	11	43	93	43	81	80	19	19	19	49	21	7	32	21	11	9	9	80	9	11	31	32	7	31	7	80	81	81	80	31	9	21	43	81	93	9	11	11	49	31	7	9	31	43	7	93	31	11	31	80	19	19	9	7	7	21	7	31	21	11	9	9	9	80	11	31	43	31	31	80	81	80	80	9	11	43	31	9	7	11	9	9	93	43	9	11	31	31	11	31	11	9	9	9	31	9	7	81	31	49	31	9	31	93	93	9	9	7	31	11	9	43	31	9	7	7	31	7	9	11	31	7	93	80	31	9	43	80	43	80	9	9	7	9	43	9	7	31	31	31	7	9	11	11	31	31	31	11	31	43	31	31	81	81	11	9	9	31	9	11	31	9	9	80	81	80	43	9	7	31	31	11	31	31	7	7	11	9	80	93	31	9	80	80	11	31	31	43	9	43	93	11	31	9	11	7	31	9	11	11	7	9	31	31	11	31	9	80	9	7	31	9	80	31	31	31	9	9	11	31	9	31	43	31	9	31	7	43	43	9	9	31	9	7	9	43	9	81	80	7	7	9	9	7	31	9	9	7	11	31	11	9	9	93	11	9	11	7	31	31	11	31	9	7	31	9	31	11	43	9	31	9	7	31	31	9	31	9	11	31	9	9	31	31	31	7	9
73	38	6	14	4	5	6	7	8	9	118	11	14	45	14	38	60	17	18	19	20	21	7	23	24	25	26	27	39	117	85	31	32	33	34	33	80	81	38	39	150	41	42	43	175	45	9	11	48	49	168	51	117	31	43	7	93	57	58	8	60	61	62	63	33	147	66	118	168	69	25	26	27	9	82	11	196	86	78	34	80	81	82	174	84	85	86	87	142	51	25	26	27	93	122	84	58	214	31	85	34	25	26	27	9	8	167	220	163	191	110	150	41	34	190	115	116	117	118	57	48	142	122	148	192	237	33	31	7	167	195	8	51	115	193	57	136	145	176	139	223	141	142	118	63	145	41	147	148	224	150	147	192	215	11	196	260	260	48	78	139	78	57	163	248	165	116	167	168	117	85	87	241	41	174	175	176	200	141	250	150	191	58	214	270	274	220	48	63	194	190	191	192	193	194	195	196	168	233	241	200	264	165	148	84	58	237	270	273	259	195	51	63	87	214	215	285	136	249	219	220	196	257	223	224	242	224	116	84	215	287	273	78	233	87	142	214	237	246	279	219	241	242	167	220	257	246	136	248	249	250	250	141	116	274	287	192	257	237	259	260	195	282	136	264	165	141	259	147	148	270	215	285	273	274	260	282	242	165	279	241	270	282	274	191	285	219	287	273	259	285	219	257	224	287	242	250	282
74	25	4	26	4	20	4	11	9	9	58	11	26	25	26	25	26	4	21	21	20	21	11	110	21	25	26	26	26	84	58	9	49	25	26	25	9	11	25	26	84	9	4	9	58	25	9	11	48	49	84	48	84	9	9	11	11	26	58	9	26	66	66	63	25	58	66	58	84	66	25	26	26	9	9	11	141	26	63	26	9	11	9	84	84	58	26	63	84	48	25	26	26	11	84	84	58	9	9	58	26	25	26	26	9	9	141	165	48	84	110	84	9	26	58	48	84	84	58	26	48	84	84	84	9	11	25	9	11	141	165	9	48	48	63	26	63	9	84	63	141	141	84	58	63	9	9	58	84	141	84	58	9	11	11	141	141	141	48	63	63	63	26	48	165	165	84	141	84	84	58	63	141	9	84	58	84	141	141	165	84	84	58	9	9	48	165	48	63	63	58	84	9	63	63	165	141	84	84	141	141	165	165	84	84	58	11	9	63	48	165	48	63	63	9	11	63	63	141	141	165	141	9	141	141	141	141	84	84	11	63	63	63	84	63	84	9	11	63	141	141	141	141	141	165	9	63	63	165	141	165	165	141	84	48	63	9	9	11	48	141	165	63	63	165	165	141	48	58	84	9	11	63	63	48	141	63	141	165	141	141	9	63	48	84	63	141	63	63	48	63	141	9	141	63	141	165	63
75	60	17	14	4	17	17	31	31	9	150	9	14	14	14	60	60	17	19	19	4	21	31	62	21	26	26	26	60	117	117	31	19	57	57	57	80	80	60	60	150	9	4	43	174	14	9	9	63	21	150	78	117	31	43	31	43	57	84	31	60	62	62	63	57	191	66	150	150	66	26	26	26	9	80	9	196	14	78	57	80	80	80	174	84	117	14	78	117	78	26	26	26	43	122	84	84	214	31	117	57	26	26	26	9	31	167	196	193	191	66	150	9	57	122	139	84	117	150	57	63	117	122	191	192	214	57	31	31	167	167	31	78	139	193	57	63	43	174	139	223	141	117	150	63	43	9	191	191	224	150	191	192	192	9	196	196	196	63	78	139	78	57	193	223	141	84	167	150	117	117	78	167	9	174	174	174	200	141	224	150	191	84	214	214	285	196	63	63	193	122	191	192	193	193	167	196	150	122	167	200	200	141	191	84	84	214	214	273	273	167	78	63	78	214	192	285	63	223	141	196	196	192	223	224	224	224	84	84	192	285	273	78	122	78	117	214	214	139	200	141	167	224	167	196	192	139	63	223	223	224	224	141	84	285	285	192	192	214	273	196	167	273	63	200	141	141	273	191	191	214	192	285	273	285	196	273	224	141	200	167	214	273	285	191	285	141	285	273	273	285	141	192	224	285	224	224	273
76	45	42	14	4	20	42	11	41	9	48	11	14	45	14	45	14	4	24	21	20	21	11	110	24	25	26	27	86	63	48	9	49	25	27	25	43	93	45	86	63	41	42	43	115	45	9	11	48	49	136	48	63	9	43	11	93	26	48	41	14	69	66	63	25	48	66	48	136	69	25	26	27	9	145	11	9	86	63	27	43	93	145	139	63	48	86	136	136	48	25	26	27	93	139	63	48	9	9	48	27	25	26	27	9	41	9	11	115	63	110	63	41	27	115	115	136	63	48	26	48	136	139	136	9	11	25	9	11	9	11	41	48	115	139	26	136	145	246	139	43	9	136	48	63	145	41	48	136	9	63	48	9	11	11	9	41	41	48	63	139	63	26	115	93	11	136	9	136	63	48	136	41	41	139	115	246	43	9	11	63	63	48	9	41	48	11	48	63	246	115	63	9	139	246	11	9	136	246	41	43	93	11	136	63	48	11	41	63	48	11	48	63	136	9	11	63	136	145	41	11	9	41	43	9	41	9	136	63	11	136	63	63	246	136	136	9	11	246	145	41	41	41	9	11	41	246	136	93	145	11	11	9	136	48	136	9	41	11	48	41	11	136	136	93	11	9	48	48	136	41	11	63	63	48	41	136	41	11	145	41	41	136	48	63	63	41	136	63	48	63	41	41	9	136	41	11	136
77	7	19	9	21	32	19	7	31	9	7	11	9	11	9	7	31	19	19	19	49	21	7	32	21	11	9	9	31	9	11	31	32	7	31	7	31	7	7	31	31	9	21	9	7	11	9	11	11	49	31	7	9	31	9	7	11	31	11	31	31	19	19	9	7	7	21	7	31	21	11	9	9	9	31	11	31	9	31	31	31	7	31	31	9	11	9	31	9	7	11	9	9	11	9	9	11	31	31	11	31	11	9	9	9	31	9	7	7	31	49	31	9	31	11	11	9	9	7	31	11	9	9	31	9	7	7	31	7	9	11	31	7	11	31	31	9	9	31	9	31	9	9	7	9	9	9	7	31	31	31	7	9	11	11	31	31	31	11	31	9	31	31	7	7	11	9	9	31	9	11	31	9	9	31	7	31	9	9	7	31	31	11	31	31	7	7	11	9	31	11	31	9	31	31	11	31	31	9	9	9	11	11	31	9	11	7	31	9	11	11	7	9	31	31	11	31	9	31	9	7	31	9	31	31	31	31	9	9	11	31	9	31	9	31	9	31	7	9	9	9	9	31	9	7	9	9	9	7	31	7	7	9	9	7	31	9	9	7	11	31	11	9	9	11	11	9	11	7	31	31	11	31	9	7	31	9	31	11	9	9	31	9	7	31	31	9	31	9	11	31	9	9	31	31	31	7	9
78	13	42	14	4	20	42	11	41	9	130	11	12	13	14	13	12	4	24	21	20	21	47	49	24	25	26	27	77	106	130	9	49	25	27	70	54	56	45	86	106	41	42	43	201	45	46	47	11	49	172	11	129	73	54	75	56	26	165	112	14	24	21	9	90	202	21	210	199	24	70	71	72	73	137	75	106	77	9	72	43	93	145	177	141	195	86	41	172	47	90	91	92	93	177	178	202	124	46	210	92	101	102	103	104	146	106	130	56	178	49	129	112	103	201	93	219	167	195	71	47	199	200	240	124	153	101	104	154	129	130	173	75	56	54	91	41	137	239	43	177	141	241	261	46	145	146	165	219	178	167	265	152	153	154	129	172	199	75	73	54	46	102	93	201	165	240	167	241	243	261	112	172	173	200	264	279	177	178	202	243	252	265	152	222	153	210	154	73	137	264	141	192	43	145	195	167	280	239	199	200	201	202	286	252	278	229	245	124	153	210	154	104	146	192	215	124	112	239	219	195	243	222	200	141	240	252	286	266	229	222	152	104	279	173	280	256	215	137	239	240	241	219	243	261	245	145	146	264	279	165	265	252	291	229	245	256	257	271	215	241	261	222	173	264	265	266	229	278	291	257	271	152	192	215	280	245	286	278	279	280	292	257	271	266	192	286	257	256	271	256	291	292	266	292	291	278	292
79	93	21	43	21	49	21	11	9	9	11	11	43	93	43	93	43	21	21	21	49	21	11	49	21	11	9	9	43	9	11	9	49	11	9	11	43	93	93	43	9	9	21	43	93	93	9	11	11	49	9	11	9	9	43	11	93	9	11	9	43	21	21	9	11	11	21	11	9	21	11	9	9	9	43	11	9	43	9	9	43	93	43	43	9	11	43	9	9	11	11	9	9	93	43	9	11	9	9	11	9	11	9	9	9	9	9	11	93	9	49	9	9	9	93	93	9	9	11	9	11	9	43	9	9	11	11	9	11	9	11	9	11	93	43	9	9	43	43	43	43	9	9	11	9	43	9	11	9	9	9	11	9	11	11	9	9	9	11	9	43	9	9	93	93	11	9	9	9	9	11	9	9	9	43	93	43	43	9	11	9	9	11	9	9	11	11	11	9	43	93	9	9	43	43	11	9	9	43	9	43	93	11	9	9	11	11	9	9	11	11	11	9	9	9	11	9	9	43	9	11	9	9	43	9	9	9	9	9	11	9	9	9	43	9	9	9	11	43	43	9	9	9	9	11	9	43	9	93	43	11	11	9	9	11	9	9	9	11	11	9	11	9	9	93	11	9	11	11	9	9	11	9	9	11	9	9	9	11	43	9	9	9	11	9	9	9	9	9	11	9	9	9	9	9	9	11	9
80	90	42	26	4	20	42	11	41	9	96	11	91	90	26	90	91	4	24	21	20	21	47	110	24	25	26	27	92	95	96	9	49	25	27	90	46	47	25	27	95	41	42	9	96	25	46	47	48	49	166	48	84	46	46	47	47	26	58	112	26	69	66	63	90	96	66	58	116	69	90	91	92	46	112	47	178	92	63	92	9	11	41	95	84	58	27	136	166	120	90	91	92	11	95	95	96	46	46	58	92	25	26	27	9	112	178	202	120	95	110	84	112	27	96	48	116	84	58	91	120	116	84	166	46	47	25	9	11	141	202	41	120	120	144	91	136	112	166	63	178	141	116	96	144	41	112	58	116	178	84	96	9	47	11	141	240	219	120	144	144	144	26	48	202	165	166	141	116	95	96	217	240	41	84	58	116	178	178	202	95	95	96	9	112	120	165	48	144	217	58	84	9	63	136	165	141	166	166	219	141	202	202	166	95	58	11	41	144	120	165	48	63	217	9	11	144	217	240	219	165	178	112	141	141	240	178	166	84	11	217	63	63	116	136	166	46	11	217	240	240	219	219	178	202	41	136	217	165	219	165	202	178	116	48	136	46	41	47	48	219	202	217	136	165	202	141	48	58	116	41	47	63	63	48	240	136	240	165	219	240	112	136	120	84	63	240	136	144	120	144	219	112	141	217	219	165	217
81	91	4	26	4	4	4	9	9	9	95	9	91	91	26	91	91	4	21	21	4	21	46	66	21	26	26	26	91	95	95	9	21	26	26	91	46	46	26	26	95	9	4	9	95	26	46	46	63	21	95	63	84	46	46	46	46	26	84	46	26	66	66	63	91	95	66	84	84	66	91	91	91	46	46	46	178	91	63	91	9	9	9	95	84	84	26	63	95	144	91	91	91	9	95	95	95	46	46	84	91	26	26	26	9	46	178	178	144	95	66	84	46	26	95	63	84	84	84	91	144	84	84	95	46	46	26	9	9	141	178	9	144	144	144	91	63	46	95	63	178	141	84	95	144	9	46	84	84	178	84	95	9	46	9	141	178	141	144	144	144	144	26	63	178	141	95	141	84	95	95	144	178	9	84	84	84	178	178	178	95	95	95	9	46	144	141	63	144	144	84	84	9	63	63	141	141	95	95	141	141	178	178	95	95	84	9	9	144	144	141	63	63	144	9	9	144	144	178	141	141	178	46	141	141	178	178	95	84	9	144	63	63	84	63	95	46	9	144	178	178	141	141	178	178	9	63	144	141	141	141	178	178	84	63	63	46	9	46	63	141	178	144	63	141	178	141	63	84	84	9	46	63	63	63	178	63	178	141	141	178	46	63	144	84	63	178	63	144	144	144	141	46	141	144	141	141	144
82	90	4	26	4	20	4	11	9	9	96	11	91	90	26	90	91	4	21	21	20	21	47	110	21	25	26	26	91	95	96	9	49	25	26	90	46	47	25	26	95	9	4	9	96	25	46	47	48	49	95	48	84	46	46	47	47	26	58	46	26	66	66	63	90	96	66	58	84	66	90	91	91	46	46	47	178	91	63	91	9	11	9	95	84	58	26	63	95	120	90	91	91	11	95	95	96	46	46	58	91	25	26	26	9	46	178	202	120	95	110	84	46	26	96	48	84	84	58	91	120	84	84	95	46	47	25	9	11	141	202	9	120	120	144	91	63	46	95	63	178	141	84	96	144	9	46	58	84	178	84	96	9	47	11	141	178	141	120	144	144	144	26	48	202	165	95	141	84	95	96	144	178	9	84	58	84	178	178	202	95	95	96	9	46	120	165	48	144	144	58	84	9	63	63	165	141	95	95	141	141	202	202	95	95	58	11	9	144	120	165	48	63	144	9	11	144	144	178	141	165	178	46	141	141	178	178	95	84	11	144	63	63	84	63	95	46	11	144	178	178	141	141	178	202	9	63	144	165	141	165	202	178	84	48	63	46	9	47	48	141	202	144	63	165	202	141	48	58	84	9	47	63	63	48	178	63	178	165	141	178	46	63	120	84	63	178	63	144	120	144	141	46	141	144	141	165	144
83	25	42	26	4	20	42	11	41	9	11	11	26	25	26	25	26	4	24	21	20	21	11	49	24	25	26	27	27	9	11	9	49	25	27	25	9	11	25	27	9	41	42	9	11	25	9	11	11	49	41	11	9	9	9	11	11	26	11	41	26	24	21	9	25	11	21	11	41	24	25	26	27	9	41	11	9	27	9	27	9	11	41	9	9	11	27	41	41	11	25	26	27	11	9	9	11	9	9	11	27	25	26	27	9	41	9	11	11	9	49	9	41	27	11	11	41	9	11	26	11	41	9	41	9	11	25	9	11	9	11	41	11	11	9	26	41	41	41	9	9	9	41	11	9	41	41	11	41	9	9	11	9	11	11	9	41	41	11	9	9	9	26	11	11	11	41	9	41	9	11	41	41	41	9	11	41	9	9	11	9	9	11	9	41	11	11	11	9	41	11	9	9	9	41	11	9	41	41	41	9	11	11	41	9	11	11	41	9	11	11	11	9	41	9	11	9	41	41	41	11	9	41	9	9	41	9	41	9	11	41	9	9	41	41	41	9	11	41	41	41	41	41	9	11	41	41	41	11	41	11	11	9	41	11	41	9	41	11	11	41	11	41	41	11	11	9	11	11	41	41	11	9	9	11	41	41	41	11	41	41	41	41	11	9	9	41	41	9	11	9	41	41	9	41	41	11	41
84	15	6	14	4	5	6	7	8	9	125	11	12	13	14	15	16	17	18	19	20	21	22	32	24	25	26	27	28	124	153	31	32	33	34	35	36	37	38	39	97	41	42	43	37	45	46	47	11	49	184	7	152	53	54	55	56	57	11	59	60	18	19	9	64	22	21	206	207	24	70	71	72	73	74	75	97	77	31	79	80	81	82	36	9	215	86	8	222	22	90	91	92	93	54	46	47	97	98	229	100	101	102	103	104	105	124	125	37	98	49	183	112	113	56	93	41	192	237	119	47	245	43	59	124	125	126	127	128	152	153	131	55	56	36	135	41	137	74	43	36	9	257	258	46	145	146	7	8	98	214	55	152	153	154	183	184	207	75	53	54	98	162	81	37	11	112	192	270	256	271	59	222	173	80	81	82	54	46	22	236	53	75	183	184	125	206	154	73	74	93	31	192	80	82	215	214	281	137	245	43	56	47	105	73	154	206	207	124	153	229	128	104	105	214	215	97	112	74	41	237	236	222	80	31	59	53	146	104	229	184	152	127	145	131	292	236	237	137	137	112	257	8	256	258	245	145	146	81	82	7	55	73	173	206	207	256	257	258	215	270	271	222	173	93	75	104	229	128	131	270	271	183	192	237	281	245	105	154	145	292	281	257	258	127	214	146	270	256	271	236	173	292	127	281	131	128	292
85	16	17	14	4	17	17	31	31	9	53	9	12	12	14	16	16	17	19	19	4	21	98	19	21	26	26	26	16	73	73	31	19	57	57	119	36	36	60	60	53	9	4	43	36	14	46	46	9	21	53	31	104	53	54	53	54	57	9	98	60	19	19	9	135	98	21	127	127	21	71	71	71	73	36	73	53	12	31	119	80	80	80	36	9	9	14	31	73	98	91	91	91	43	54	46	46	53	98	104	135	102	102	102	104	53	73	53	36	98	21	127	46	162	54	43	9	9	31	119	46	104	43	98	73	53	162	127	127	104	73	127	53	54	36	135	9	54	36	43	36	9	9	98	46	43	73	31	31	98	31	53	104	73	104	127	53	127	73	53	54	98	162	80	36	9	46	9	31	46	46	98	73	104	80	80	80	54	46	98	98	53	73	127	53	53	127	104	73	36	43	31	9	80	80	9	31	98	54	104	43	54	46	53	73	104	127	127	73	73	104	127	104	53	31	9	53	46	36	9	31	98	73	80	31	98	53	73	104	104	53	104	127	43	127	46	98	31	54	54	46	9	31	46	98	104	43	73	80	80	31	53	73	104	127	127	46	9	98	9	31	46	73	104	43	73	104	104	127	127	31	46	127	9	31	98	104	53	104	43	46	98	9	98	127	31	73	31	46	46	98	104	46	127	98	127	127	46
86	22	19	9	21	32	19	7	31	9	22	11	46	47	9	22	98	19	19	19	49	21	22	32	21	11	9	9	98	46	47	31	32	7	31	22	98	22	7	31	98	9	21	9	22	11	46	47	11	49	98	7	9	98	46	22	47	31	11	98	31	19	19	9	22	22	21	7	31	21	47	46	46	46	98	47	98	46	31	98	31	7	31	98	9	11	9	31	46	22	47	46	46	11	46	46	47	98	98	11	98	11	9	9	9	98	46	22	22	98	49	31	46	31	47	11	9	9	7	98	47	9	9	98	46	22	7	31	7	9	47	31	22	47	98	98	9	46	98	9	98	9	9	22	46	9	46	7	31	98	31	22	9	47	11	31	98	31	47	98	46	98	31	7	22	11	46	9	31	46	47	98	46	9	31	7	31	46	46	22	98	98	47	31	98	22	7	11	46	98	11	31	9	31	31	11	31	98	46	9	9	47	47	98	46	11	7	31	46	47	11	7	9	98	31	11	98	46	98	9	7	98	46	31	31	98	98	46	9	11	98	9	31	9	31	46	98	7	46	46	46	9	31	46	22	9	9	46	7	31	7	22	46	9	7	31	46	9	22	11	31	47	46	9	11	47	9	11	7	31	31	47	31	9	7	98	9	98	11	9	46	98	9	22	31	31	46	31	46	47	98	9	46	31	98	31	7	46
87	13	4	14	4	20	4	11	9	9	130	11	12	13	14	13	12	4	21	21	20	21	47	49	21	25	26	26	12	106	130	9	49	25	26	70	54	56	45	14	106	9	4	43	201	45	46	47	11	49	106	11	129	73	54	75	56	26	165	46	14	21	21	9	90	202	21	210	129	21	70	71	71	73	54	75	106	12	9	71	43	93	43	177	141	195	14	9	106	47	90	91	91	93	177	178	202	124	46	210	91	101	102	102	104	73	106	130	56	178	49	129	46	102	201	93	141	167	195	71	47	129	200	178	124	153	101	104	154	129	130	104	75	56	54	91	9	54	177	43	177	141	167	261	46	43	73	165	141	178	167	265	152	153	154	129	106	129	75	73	54	46	102	93	201	165	178	167	167	243	261	46	106	104	200	264	200	177	178	202	243	252	265	152	124	153	210	154	73	54	264	141	192	43	43	195	167	243	177	129	200	201	202	252	252	278	229	152	124	153	210	154	104	73	192	215	124	46	177	141	195	243	124	200	141	178	252	252	266	229	124	152	104	200	104	243	256	215	54	177	178	167	141	243	261	152	43	73	264	200	165	265	252	266	229	152	256	192	271	215	167	261	124	104	264	265	266	229	278	266	192	271	152	192	215	243	152	252	278	200	243	256	192	271	266	192	252	192	256	271	256	266	256	266	256	266	278	256
88	38	17	14	4	5	17	7	31	9	7	11	14	45	14	38	60	17	19	19	20	21	7	32	21	25	26	26	60	9	11	31	32	33	57	33	80	81	38	60	31	9	4	43	81	45	9	11	11	49	31	7	9	31	43	7	93	57	11	31	60	19	19	9	33	7	21	7	31	21	25	26	26	9	80	11	31	14	31	57	80	81	80	80	9	11	14	31	9	7	25	26	26	93	43	9	11	31	31	11	57	25	26	26	9	31	9	7	81	31	49	31	9	57	93	93	9	9	7	57	11	9	43	31	9	7	33	31	7	9	11	31	7	93	80	57	9	43	80	43	80	9	9	7	9	43	9	7	31	31	31	7	9	11	11	31	31	31	11	31	43	31	57	81	81	11	9	9	31	9	11	31	9	9	80	81	80	43	9	7	31	31	11	31	31	7	7	11	9	80	93	31	9	80	80	11	31	31	43	9	43	93	11	31	9	11	7	31	9	11	11	7	9	31	31	11	31	9	80	9	7	31	9	80	31	31	31	9	9	11	31	9	31	43	31	9	31	7	43	43	9	9	31	9	7	9	43	9	81	80	7	7	9	9	7	31	9	9	7	11	31	11	9	9	93	11	9	11	7	31	31	11	31	9	7	31	9	31	11	43	9	31	9	7	31	31	9	31	9	11	31	9	9	31	31	31	7	9
89	14	4	14	4	4	4	9	9	9	129	9	14	14	14	14	14	4	21	21	4	21	9	21	21	26	26	26	14	129	129	9	21	26	26	102	43	43	14	14	129	9	4	43	200	14	9	9	9	21	129	9	129	104	43	104	43	26	141	9	14	21	21	9	26	141	21	129	129	21	102	102	102	104	43	104	129	14	9	102	43	43	43	200	141	167	14	9	129	9	26	26	26	43	200	141	141	152	9	129	26	102	102	102	104	104	129	129	43	141	21	129	9	102	200	43	141	167	167	102	9	129	200	141	152	152	102	104	104	129	129	104	104	43	43	26	9	43	200	43	200	141	167	167	9	43	104	141	141	141	167	266	152	152	104	129	129	129	104	104	43	9	102	43	200	141	141	167	167	167	167	9	129	104	200	200	200	200	141	141	167	266	266	152	152	152	129	104	104	43	200	141	192	43	43	167	167	167	200	129	200	200	141	266	266	266	152	152	152	152	129	104	104	104	192	192	152	9	200	141	167	167	152	200	141	141	266	266	266	152	152	152	104	200	104	167	192	192	43	200	141	167	141	167	167	152	43	104	200	200	141	266	266	266	152	152	192	192	192	192	167	167	152	104	200	266	266	152	266	266	192	192	152	192	192	167	152	266	266	200	167	192	192	192	266	192	266	192	192	192	192	266	192	266	192	266	266	192
90	80	19	43	21	19	19	31	31	9	127	9	43	43	43	80	80	19	19	19	21	21	31	19	21	9	9	9	80	104	104	31	19	31	31	127	80	80	80	80	127	9	21	43	80	43	9	9	9	21	127	31	104	127	43	127	43	31	9	31	80	19	19	9	31	31	21	127	127	21	104	104	104	104	80	104	127	43	31	127	80	80	80	80	9	9	43	31	104	31	9	9	9	43	43	9	9	127	31	104	31	104	104	104	104	127	104	127	80	31	21	127	9	127	43	43	9	9	31	127	9	104	43	31	104	127	127	127	127	104	104	127	127	43	80	31	9	43	80	43	80	9	9	31	9	43	104	31	31	31	31	127	104	104	104	127	127	127	104	127	43	31	127	80	80	9	9	9	31	9	9	31	104	104	80	80	80	43	9	31	31	127	104	127	127	127	127	104	104	80	43	31	9	80	80	9	31	31	43	104	43	43	9	127	104	104	127	127	104	104	104	127	104	127	31	9	127	9	80	9	31	31	104	80	31	31	127	104	104	104	127	104	127	43	127	9	31	31	43	43	9	9	31	9	31	104	43	104	80	80	31	127	104	104	127	127	9	9	31	9	31	9	104	104	43	104	104	104	127	127	31	9	127	9	31	31	104	127	104	43	9	31	9	31	127	31	104	31	9	9	31	104	9	127	31	127	127	9
91	81	18	43	21	32	18	7	8	9	128	11	43	93	43	81	80	19	18	19	49	21	7	32	24	11	9	41	82	104	154	31	32	7	8	128	80	81	81	82	127	41	24	43	81	93	9	11	11	49	131	7	104	127	43	128	93	31	11	8	80	18	19	9	7	7	21	128	131	24	154	104	173	104	82	154	127	145	31	131	80	81	82	80	9	11	145	8	173	7	11	9	41	93	43	9	11	127	31	154	8	154	104	173	104	131	104	128	81	31	49	127	41	131	93	93	41	9	7	127	11	173	43	8	104	128	128	127	128	104	154	131	128	93	80	31	41	145	82	43	80	9	41	7	9	145	173	7	8	31	31	128	104	154	154	127	131	131	154	127	43	31	127	81	81	11	41	9	8	9	11	8	173	173	80	81	82	43	9	7	31	127	154	127	131	128	128	154	104	82	93	31	9	80	82	11	31	8	145	173	43	93	11	131	104	154	128	131	104	154	154	128	104	131	31	11	127	41	82	41	7	31	173	80	31	8	127	173	104	154	131	104	127	145	131	41	31	7	145	145	41	41	8	9	7	173	145	173	81	82	7	128	104	173	128	131	9	41	7	11	8	11	173	173	93	154	104	154	128	131	8	11	127	9	7	8	173	131	154	145	41	8	41	7	127	31	173	8	9	11	31	173	41	127	8	131	128	41
92	81	19	43	21	32	19	7	31	9	128	11	43	93	43	81	80	19	19	19	49	21	7	32	21	11	9	9	80	104	154	31	32	7	31	128	80	81	81	80	127	9	21	43	81	93	9	11	11	49	127	7	104	127	43	128	93	31	11	31	80	19	19	9	7	7	21	128	127	21	154	104	104	104	80	154	127	43	31	127	80	81	80	80	9	11	43	31	104	7	11	9	9	93	43	9	11	127	31	154	31	154	104	104	104	127	104	128	81	31	49	127	9	127	93	93	9	9	7	127	11	104	43	31	104	128	128	127	128	104	154	127	128	93	80	31	9	43	80	43	80	9	9	7	9	43	104	7	31	31	31	128	104	154	154	127	127	127	154	127	43	31	127	81	81	11	9	9	31	9	11	31	104	104	80	81	80	43	9	7	31	127	154	127	127	128	128	154	104	80	93	31	9	80	80	11	31	31	43	104	43	93	11	127	104	154	128	127	104	154	154	128	104	127	31	11	127	9	80	9	7	31	104	80	31	31	127	104	104	154	127	104	127	43	127	9	31	7	43	43	9	9	31	9	7	104	43	104	81	80	7	128	104	104	128	127	9	9	7	11	31	11	104	104	93	154	104	154	128	127	31	11	127	9	7	31	104	127	154	43	9	31	9	7	127	31	104	31	9	11	31	104	9	127	31	127	128	9
93	135	17	26	4	17	17	31	31	9	109	9	91	91	26	135	135	17	19	19	4	21	98	62	21	26	26	26	135	95	95	31	19	57	57	135	98	98	57	57	109	9	4	9	109	26	46	46	63	21	109	78	84	98	46	98	46	57	84	98	57	62	62	63	135	109	66	191	191	66	91	91	91	46	98	46	149	91	78	135	31	31	31	109	84	84	26	78	95	161	91	91	91	9	95	95	95	98	98	84	135	26	26	26	9	98	178	149	161	109	66	191	46	57	95	63	84	84	191	135	144	84	84	109	46	98	57	31	31	141	178	31	161	144	161	135	63	46	109	63	149	141	84	109	144	9	46	191	191	149	191	109	9	46	9	224	149	224	144	161	144	161	57	78	149	141	95	141	191	95	95	161	178	9	191	191	191	178	178	149	109	109	95	31	98	161	224	63	144	161	84	191	9	78	78	141	224	109	95	141	141	178	178	109	95	84	31	31	144	144	141	78	63	161	31	9	161	144	149	141	224	149	46	224	224	149	149	95	84	9	161	63	78	84	78	95	98	31	144	178	178	141	224	178	149	9	63	144	224	224	224	149	178	84	78	78	46	9	98	63	224	178	144	63	141	178	141	63	191	191	31	46	78	63	78	149	63	149	141	141	178	98	63	161	191	78	178	78	144	144	161	141	46	224	161	224	224	144
94	33	6	26	4	5	6	7	8	9	7	11	26	25	26	33	57	17	18	19	20	21	7	32	24	25	26	27	34	9	11	31	32	33	34	33	31	7	33	34	31	41	42	9	7	25	9	11	11	49	8	7	9	31	9	7	11	57	11	8	57	18	19	9	33	7	21	7	8	24	25	26	27	9	8	11	31	27	31	34	31	7	8	31	9	11	27	8	41	7	25	26	27	11	9	9	11	31	31	11	34	25	26	27	9	8	9	7	7	31	49	31	41	34	11	11	41	9	7	57	11	41	9	8	9	7	33	31	7	9	11	8	7	11	31	57	41	41	8	9	31	9	41	7	9	41	41	7	8	31	31	7	9	11	11	31	8	8	11	31	9	31	57	7	7	11	41	9	8	9	11	8	41	41	31	7	8	9	9	7	31	31	11	31	8	7	7	11	9	8	11	31	9	31	8	11	31	8	41	41	9	11	11	8	9	11	7	8	9	11	11	7	9	8	31	11	31	41	8	41	7	31	41	31	31	8	31	41	9	11	8	9	31	41	8	41	31	7	41	41	41	41	8	9	7	41	41	41	7	8	7	7	9	41	7	8	9	41	7	11	8	11	41	41	11	11	9	11	7	8	8	11	31	9	7	8	41	8	11	41	41	8	41	7	31	31	41	8	9	11	31	41	41	31	8	8	7	41
95	38	6	14	4	5	6	7	8	9	206	11	14	45	14	38	60	17	18	19	20	21	7	32	24	25	26	27	39	152	229	31	32	33	34	126	80	81	38	39	183	41	42	43	81	45	9	11	11	49	207	7	152	127	43	128	93	57	11	8	60	18	19	9	33	7	21	206	207	24	101	102	103	104	82	154	183	86	31	113	80	81	82	80	9	215	86	8	245	7	25	26	27	93	43	9	11	183	31	229	34	101	102	103	104	131	152	206	81	31	49	183	41	113	93	93	41	192	237	162	11	245	43	8	152	206	126	127	128	152	229	131	128	93	80	57	41	145	82	43	80	9	257	237	9	145	173	7	8	31	214	128	152	229	154	183	207	207	154	127	43	31	162	81	81	11	41	192	270	192	215	8	245	173	80	81	82	43	9	7	214	127	154	183	207	206	206	154	104	82	93	31	192	80	82	215	214	270	145	245	43	93	11	131	104	154	206	207	152	229	229	128	104	131	214	215	183	41	82	41	237	214	245	80	31	8	127	173	104	229	207	152	127	145	131	257	214	237	145	145	41	257	8	192	237	245	145	173	81	82	7	128	104	173	206	207	192	257	237	215	270	215	245	173	93	154	104	229	128	131	270	215	183	192	237	270	245	131	154	145	257	270	257	237	127	214	173	270	192	215	214	173	257	127	270	131	128	257
96	60	17	14	4	17	17	31	31	9	183	9	14	14	14	60	60	17	19	19	4	21	31	19	21	26	26	26	60	152	152	31	19	57	57	162	80	80	60	60	183	9	4	43	80	14	9	9	9	21	183	31	152	127	43	127	43	57	9	31	60	19	19	9	57	31	21	183	183	21	102	102	102	104	80	104	183	14	31	162	80	80	80	80	9	192	14	31	152	31	26	26	26	43	43	9	9	183	31	152	57	102	102	102	104	127	152	183	80	31	21	183	9	162	43	43	9	192	214	162	9	152	43	31	152	183	162	127	127	152	152	127	127	43	80	57	9	43	80	43	80	9	192	214	9	43	104	31	31	31	214	127	152	152	104	183	183	183	104	127	43	31	162	80	80	9	9	192	214	192	192	31	152	104	80	80	80	43	9	31	214	127	104	183	183	183	183	104	104	80	43	31	192	80	80	192	214	214	43	152	43	43	9	127	104	104	183	183	152	152	152	127	104	127	214	192	183	9	80	9	214	214	152	80	31	31	127	104	104	152	183	152	127	43	127	192	214	214	43	43	9	192	31	192	214	152	43	104	80	80	31	127	104	104	183	183	192	192	214	192	214	192	152	104	43	104	104	152	127	127	214	192	183	192	214	214	152	127	104	43	192	214	192	214	127	214	104	214	192	192	214	104	192	127	214	127	127	192
97	45	42	14	4	20	42	11	41	9	58	11	14	45	14	45	14	4	24	21	20	21	11	110	24	25	26	27	86	84	58	9	49	25	27	25	43	93	45	86	84	41	42	43	190	45	9	11	48	49	116	48	84	9	43	11	93	26	58	41	14	69	66	63	25	58	66	58	116	69	25	26	27	9	145	11	141	86	63	27	43	93	145	122	84	58	86	136	116	48	25	26	27	93	122	84	58	9	9	58	27	25	26	27	9	41	141	165	115	84	110	84	41	27	190	115	116	84	58	26	48	116	122	116	9	11	25	9	11	141	165	41	48	115	139	26	136	145	233	139	200	141	116	58	63	145	41	58	116	141	84	58	9	11	11	141	219	219	48	63	139	63	26	115	264	165	116	141	116	84	58	136	219	41	122	190	233	200	141	165	84	84	58	9	41	48	165	48	63	246	190	84	9	139	246	165	141	116	233	219	200	264	165	116	84	58	11	41	63	48	165	48	63	136	9	11	63	136	279	219	165	141	41	200	141	219	141	116	84	11	136	63	63	233	136	116	9	11	246	279	219	219	219	141	165	41	246	136	264	279	165	165	141	116	48	136	9	41	11	48	219	165	136	136	264	165	141	48	58	116	41	11	63	63	48	219	136	219	165	279	219	41	136	48	84	63	219	136	63	48	63	219	41	141	136	219	165	136
98	45	42	14	4	20	42	11	41	9	99	11	14	45	14	45	14	4	24	21	20	21	11	110	24	25	26	27	86	52	99	9	49	25	27	101	43	93	45	86	52	41	42	43	190	45	9	11	48	49	121	48	52	104	43	154	93	26	58	41	14	69	66	63	25	58	66	99	121	69	101	102	103	104	145	154	129	86	63	103	43	93	145	122	84	85	86	136	121	48	25	26	27	93	122	84	58	152	9	99	27	101	102	103	104	173	129	210	115	84	110	52	41	103	190	115	116	117	85	102	48	121	122	116	152	229	101	104	154	129	210	173	187	115	139	26	136	145	233	139	200	141	142	85	63	145	173	58	116	141	117	205	152	229	154	129	199	199	187	212	139	63	102	115	264	165	116	167	142	117	85	136	199	173	122	190	233	200	141	165	117	228	205	152	245	267	210	187	212	246	190	84	192	139	246	195	167	142	233	199	200	264	165	253	228	205	229	245	231	267	210	187	212	263	192	215	231	136	279	219	195	167	245	200	141	219	266	253	228	229	276	231	212	233	263	142	192	215	246	279	219	241	219	167	195	245	246	263	264	279	165	278	266	253	267	276	192	257	215	259	241	195	276	263	264	278	266	267	205	253	257	215	231	273	259	241	276	291	278	279	241	257	282	259	228	273	291	282	273	259	273	291	257	266	282	291	278	282
99	16	17	14	4	17	17	31	31	9	98	9	12	12	14	16	16	17	19	19	4	21	98	19	21	26	26	26	16	46	46	31	19	57	57	135	36	36	60	60	98	9	4	43	36	14	46	46	9	21	98	31	9	98	54	98	54	57	9	98	60	19	19	9	135	98	21	31	31	21	91	91	91	46	36	46	98	12	31	135	80	80	80	36	9	9	14	31	46	98	91	91	91	43	54	46	46	98	98	9	135	26	26	26	9	98	46	98	36	98	21	31	46	57	54	43	9	9	31	135	46	9	43	98	46	98	57	31	31	9	46	31	98	54	36	135	9	54	36	43	36	9	9	98	46	43	46	31	31	98	31	98	9	46	9	31	98	31	46	98	54	98	57	80	36	9	46	9	31	46	46	98	46	9	80	80	80	54	46	98	98	98	46	31	98	98	31	9	46	36	43	31	9	80	80	9	31	98	54	9	43	54	46	98	46	9	31	31	46	46	9	31	9	98	31	9	98	46	36	9	31	98	46	80	31	98	98	46	9	9	98	9	31	43	31	46	98	31	54	54	46	9	31	46	98	9	43	46	80	80	31	98	46	9	31	31	46	9	98	9	31	46	46	9	43	46	9	9	31	31	31	46	31	9	31	98	9	98	9	43	46	98	9	98	31	31	46	31	46	46	98	9	46	31	98	31	31	46
100	93	21	43	21	49	21	11	9	9	154	11	43	93	43	93	43	21	21	21	49	21	11	49	21	11	9	9	43	104	154	9	49	11	9	154	43	93	93	43	104	9	21	43	93	93	9	11	11	49	104	11	104	104	43	154	93	9	11	9	43	21	21	9	11	11	21	154	104	21	154	104	104	104	43	154	104	43	9	104	43	93	43	43	9	11	43	9	104	11	11	9	9	93	43	9	11	104	9	154	9	154	104	104	104	104	104	154	93	9	49	104	9	104	93	93	9	9	11	104	11	104	43	9	104	154	154	104	154	104	154	104	154	93	43	9	9	43	43	43	43	9	9	11	9	43	104	11	9	9	9	154	104	154	154	104	104	104	154	104	43	9	104	93	93	11	9	9	9	9	11	9	104	104	43	93	43	43	9	11	9	104	154	104	104	154	154	154	104	43	93	9	9	43	43	11	9	9	43	104	43	93	11	104	104	154	154	104	104	154	154	154	104	104	9	11	104	9	43	9	11	9	104	43	9	9	104	104	104	154	104	104	104	43	104	9	9	11	43	43	9	9	9	9	11	104	43	104	93	43	11	154	104	104	154	104	9	9	11	11	9	11	104	104	93	154	104	154	154	104	9	11	104	9	11	9	104	104	154	43	9	9	9	11	104	9	104	9	9	11	9	104	9	104	9	104	154	9
101	36	19	43	21	19	19	31	31	9	98	9	54	54	43	36	36	19	19	19	21	21	98	19	21	9	9	9	36	46	46	31	19	31	31	98	36	36	80	80	98	9	21	43	36	43	46	46	9	21	98	31	9	98	54	98	54	31	9	98	80	19	19	9	98	98	21	31	31	21	46	46	46	46	36	46	98	54	31	98	80	80	80	36	9	9	43	31	46	98	46	46	46	43	54	46	46	98	98	9	98	9	9	9	9	98	46	98	36	98	21	31	46	31	54	43	9	9	31	98	46	9	43	98	46	98	31	31	31	9	46	31	98	54	36	98	9	54	36	43	36	9	9	98	46	43	46	31	31	98	31	98	9	46	9	31	98	31	46	98	54	98	31	80	36	9	46	9	31	46	46	98	46	9	80	80	80	54	46	98	98	98	46	31	98	98	31	9	46	36	43	31	9	80	80	9	31	98	54	9	43	54	46	98	46	9	31	31	46	46	9	31	9	98	31	9	98	46	36	9	31	98	46	80	31	98	98	46	9	9	98	9	31	43	31	46	98	31	54	54	46	9	31	46	98	9	43	46	80	80	31	98	46	9	31	31	46	9	98	9	31	46	46	9	43	46	9	9	31	31	31	46	31	9	31	98	9	98	9	43	46	98	9	98	31	31	46	31	46	46	98	9	46	31	98	31	31	46
102	37	18	43	21	32	18	7	8	9	22	11	54	56	43	37	36	19	18	19	49	21	22	32	24	11	9	41	74	46	47	31	32	7	8	22	36	37	81	82	98	41	24	43	37	93	46	47	11	49	59	7	9	98	54	22	56	31	11	59	80	18	19	9	22	22	21	7	8	24	47	46	112	46	74	47	98	137	31	59	80	81	82	36	9	11	145	8	112	22	47	46	112	93	54	46	47	98	98	11	59	11	9	41	9	59	46	22	37	98	49	31	112	8	56	93	41	9	7	98	47	41	43	59	46	22	7	31	7	9	47	8	22	56	36	98	41	137	74	43	36	9	41	22	46	145	112	7	8	98	31	22	9	47	11	31	59	8	47	98	54	98	31	81	37	11	112	9	8	46	47	59	112	41	80	81	82	54	46	22	98	98	47	31	59	22	7	11	46	74	93	31	9	80	82	11	31	59	137	41	43	56	47	59	46	11	7	8	46	47	11	7	9	59	31	11	98	112	74	41	7	98	112	80	31	59	98	112	9	11	59	9	31	145	8	112	98	7	137	137	112	41	8	46	22	41	145	112	81	82	7	22	46	41	7	8	46	41	22	11	8	47	112	41	93	47	9	11	7	8	8	47	31	9	7	59	41	59	11	145	112	59	41	22	31	31	112	8	46	47	98	41	112	31	59	8	7	112
103	37	19	43	21	32	19	7	31	9	22	11	54	56	43	37	36	19	19	19	49	21	22	32	21	11	9	9	36	46	47	31	32	7	31	22	36	37	81	80	98	9	21	43	37	93	46	47	11	49	98	7	9	98	54	22	56	31	11	98	80	19	19	9	22	22	21	7	31	21	47	46	46	46	36	47	98	54	31	98	80	81	80	36	9	11	43	31	46	22	47	46	46	93	54	46	47	98	98	11	98	11	9	9	9	98	46	22	37	98	49	31	46	31	56	93	9	9	7	98	47	9	43	98	46	22	7	31	7	9	47	31	22	56	36	98	9	54	36	43	36	9	9	22	46	43	46	7	31	98	31	22	9	47	11	31	98	31	47	98	54	98	31	81	37	11	46	9	31	46	47	98	46	9	80	81	80	54	46	22	98	98	47	31	98	22	7	11	46	36	93	31	9	80	80	11	31	98	54	9	43	56	47	98	46	11	7	31	46	47	11	7	9	98	31	11	98	46	36	9	7	98	46	80	31	98	98	46	9	11	98	9	31	43	31	46	98	7	54	54	46	9	31	46	22	9	43	46	81	80	7	22	46	9	7	31	46	9	22	11	31	47	46	9	93	47	9	11	7	31	31	47	31	9	7	98	9	98	11	43	46	98	9	22	31	31	46	31	46	47	98	9	46	31	98	31	7	46
104	15	6	14	4	5	6	7	8	9	143	11	12	13	14	15	16	17	18	19	20	21	22	23	24	25	26	27	28	169	170	31	32	33	34	64	36	37	38	39	180	41	42	43	44	45	46	47	48	49	197	51	117	98	54	22	56	57	58	59	60	61	62	63	64	65	66	118	168	69	90	91	92	46	74	47	221	77	78	100	80	81	82	83	84	85	86	87	235	89	90	91	92	93	94	95	96	236	98	85	100	25	26	27	9	59	243	244	108	109	110	150	112	34	114	115	116	117	118	135	120	142	122	123	256	258	33	31	7	167	261	8	89	133	134	135	136	137	138	139	140	141	142	143	144	145	112	147	148	149	150	65	192	271	11	196	275	260	120	161	160	161	57	163	164	165	166	167	168	169	170	171	280	41	174	175	176	177	178	179	180	109	96	214	281	283	220	48	144	189	190	191	192	193	194	195	196	197	198	241	200	201	202	123	95	58	237	270	288	289	195	51	63	171	214	215	290	217	218	219	220	221	292	223	224	225	149	166	84	215	294	273	78	233	87	235	236	237	238	239	240	241	242	243	244	257	246	217	248	249	250	179	178	116	274	287	256	257	258	259	260	261	297	136	264	202	141	259	147	148	270	271	285	273	274	275	282	225	165	279	280	281	282	283	191	285	240	287	288	289	290	219	292	224	294	242	250	297
105	45	4	14	4	20	4	11	9	9	85	11	14	45	14	45	14	4	21	21	20	21	11	110	21	25	26	26	14	117	85	9	49	25	26	25	43	93	45	14	117	9	4	43	190	45	9	11	48	49	117	48	117	9	43	11	93	26	58	9	14	66	66	63	25	58	66	85	117	66	25	26	26	9	43	11	167	14	63	26	43	93	43	122	84	85	14	63	117	48	25	26	26	93	122	84	58	192	9	85	26	25	26	26	9	9	167	195	115	84	110	117	9	26	190	115	84	117	85	26	48	117	122	84	192	215	25	9	11	167	195	9	48	115	139	26	63	43	122	139	200	141	117	85	63	43	9	58	84	141	117	58	192	215	11	167	167	167	48	63	139	63	26	115	264	165	84	167	117	117	85	63	167	9	122	190	122	200	141	165	117	84	58	192	192	259	195	48	63	139	190	84	192	139	139	195	167	117	122	167	200	264	165	84	84	58	215	192	273	259	195	48	63	63	192	215	273	63	200	141	195	167	192	200	141	141	141	84	84	215	273	273	63	122	63	117	192	215	139	200	141	167	141	167	195	192	139	63	264	200	165	165	141	84	259	273	192	192	215	259	167	195	273	63	264	165	141	259	58	84	192	215	273	273	259	167	273	141	165	200	167	192	273	259	84	273	141	273	273	259	273	141	192	141	273	141	165	273
106	38	6	14	4	5	6	7	8	9	51	11	14	45	14	38	60	17	18	19	20	21	7	23	24	25	26	27	39	63	48	31	32	33	34	33	80	81	38	39	78	41	42	43	163	45	9	11	48	49	87	51	63	31	43	7	93	57	48	8	60	61	62	63	33	51	66	51	87	69	25	26	27	9	82	11	31	86	78	34	80	81	82	193	63	48	86	87	136	51	25	26	27	93	139	63	48	31	31	48	34	25	26	27	9	8	9	7	163	78	110	78	41	34	115	115	136	63	51	57	48	136	139	87	9	7	33	31	7	9	11	8	51	115	193	57	136	145	194	139	80	9	136	51	63	145	41	51	87	31	78	51	9	11	11	31	8	8	48	78	139	78	57	163	81	11	136	9	87	63	48	87	41	41	193	163	194	43	9	7	78	78	48	31	8	51	7	48	63	194	115	78	9	193	194	11	31	87	246	41	43	93	11	87	63	48	7	8	63	48	11	51	63	87	31	11	78	136	82	41	7	31	41	80	31	8	31	136	63	11	87	63	78	246	87	136	31	7	246	145	41	41	8	9	7	41	246	136	81	82	7	7	9	136	51	87	9	41	7	48	8	11	136	136	93	11	9	48	51	87	8	11	78	63	51	8	136	8	11	145	41	8	136	51	78	78	41	87	63	48	78	41	41	31	87	8	7	136
107	14	4	14	4	4	4	9	9	9	63	9	14	14	14	14	14	4	21	21	4	21	9	66	21	26	26	26	14	63	63	9	21	26	26	26	43	43	14	14	63	9	4	43	139	14	9	9	63	21	63	63	63	9	43	9	43	26	63	9	14	66	66	63	26	63	66	63	63	66	26	26	26	9	43	9	9	14	63	26	43	43	43	139	63	63	14	63	63	63	26	26	26	43	139	63	63	9	9	63	26	26	26	26	9	9	9	9	139	63	66	63	9	26	139	139	63	63	63	26	63	63	139	63	9	9	26	9	9	9	9	9	63	139	139	26	63	43	139	139	43	9	63	63	63	43	9	63	63	9	63	63	9	9	9	9	9	9	63	63	139	63	26	139	43	9	63	9	63	63	63	63	9	9	139	139	139	43	9	9	63	63	63	9	9	63	9	63	63	139	139	63	9	139	139	9	9	63	139	9	43	43	9	63	63	63	9	9	63	63	9	63	63	63	9	9	63	63	43	9	9	9	9	43	9	9	9	63	63	9	63	63	63	139	63	63	9	9	139	43	9	9	9	9	9	9	139	63	43	43	9	9	9	63	63	63	9	9	9	63	9	9	63	63	43	9	9	63	63	63	9	9	63	63	63	9	63	9	9	43	9	9	63	63	63	63	9	63	63	63	63	9	9	9	63	9	9	63
108	26	4	26	4	4	4	9	9	9	141	9	26	26	26	26	26	4	21	21	4	21	9	21	21	26	26	26	26	141	141	9	21	26	26	26	9	9	26	26	141	9	4	9	141	26	9	9	9	21	141	9	141	9	9	9	9	26	141	9	26	21	21	9	26	141	21	141	141	21	26	26	26	9	9	9	141	26	9	26	9	9	9	141	141	141	26	9	141	9	26	26	26	9	141	141	141	9	9	141	26	26	26	26	9	9	141	141	9	141	21	141	9	26	141	9	141	141	141	26	9	141	141	141	9	9	26	9	9	141	141	9	9	9	9	26	9	9	141	9	141	141	141	141	9	9	9	141	141	141	141	141	9	9	9	141	141	141	9	9	9	9	26	9	141	141	141	141	141	141	141	9	141	9	141	141	141	141	141	141	141	141	141	9	9	9	141	9	9	9	141	141	9	9	9	141	141	141	141	141	141	141	141	141	141	141	9	9	9	9	141	9	9	9	9	9	9	9	141	141	141	141	9	141	141	141	141	141	141	9	9	9	9	141	9	141	9	9	9	141	141	141	141	141	141	9	9	9	141	141	141	141	141	141	9	9	9	9	9	9	141	141	9	9	141	141	141	9	141	141	9	9	9	9	9	141	9	141	141	141	141	9	9	9	141	9	141	9	9	9	9	141	9	141	9	141	141	9
109	45	42	14	4	20	42	11	41	9	229	11	14	45	14	45	14	4	24	21	20	21	11	49	24	25	26	27	86	152	229	9	49	25	27	101	43	93	45	86	152	41	42	43	93	45	9	11	11	49	245	11	152	104	43	154	93	26	11	41	14	24	21	9	25	11	21	229	245	24	101	102	103	104	145	154	152	86	9	103	43	93	145	43	9	215	86	41	245	11	25	26	27	93	43	9	11	152	9	229	27	101	102	103	104	173	152	229	93	9	49	152	41	103	93	93	41	192	215	102	11	245	43	41	152	229	101	104	154	152	229	173	154	93	43	26	41	145	145	43	43	9	257	215	9	145	173	11	41	9	192	154	152	229	154	152	245	245	154	104	43	9	102	93	93	11	41	192	257	192	215	41	245	173	43	93	145	43	9	11	192	104	154	152	245	229	229	154	104	145	93	9	192	43	145	215	192	257	145	245	43	93	11	173	104	154	229	245	152	229	229	154	104	173	192	215	152	41	145	41	215	192	245	43	9	41	104	173	104	229	245	152	104	145	173	257	192	215	145	145	41	257	41	192	215	245	145	173	93	145	11	154	104	173	229	245	192	257	215	215	257	215	245	173	93	154	104	229	154	173	257	215	152	192	215	257	245	173	154	145	257	257	257	215	104	192	173	257	192	215	192	173	257	104	257	173	154	257
110	57	57	26	26	57	57	31	31	9	31	9	26	26	26	57	57	57	31	31	26	9	31	31	9	26	26	26	57	9	9	31	31	57	57	57	31	31	57	57	31	9	26	9	31	26	9	9	9	9	31	31	9	31	9	31	9	57	9	31	57	31	31	9	57	31	9	31	31	9	26	26	26	9	31	9	31	26	31	57	31	31	31	31	9	9	26	31	9	31	26	26	26	9	9	9	9	31	31	9	57	26	26	26	9	31	9	31	31	31	9	31	9	57	9	9	9	9	31	57	9	9	9	31	9	31	57	31	31	9	9	31	31	9	31	57	9	9	31	9	31	9	9	31	9	9	9	31	31	31	31	31	9	9	9	31	31	31	9	31	9	31	57	31	31	9	9	9	31	9	9	31	9	9	31	31	31	9	9	31	31	31	9	31	31	31	31	9	9	31	9	31	9	31	31	9	31	31	9	9	9	9	9	31	9	9	31	31	9	9	9	31	9	31	31	9	31	9	31	9	31	31	9	31	31	31	31	9	9	9	31	9	31	9	31	9	31	31	9	9	9	9	31	9	31	9	9	9	31	31	31	31	9	9	31	31	9	9	31	9	31	9	9	9	9	9	9	9	31	31	31	9	31	9	31	31	9	31	9	9	9	31	9	31	31	31	9	31	9	9	31	9	9	31	31	31	31	9
111	13	42	14	4	20	42	11	41	9	47	11	12	13	14	13	12	4	24	21	20	21	47	49	24	25	26	27	77	46	47	9	49	25	27	90	54	56	45	86	46	41	42	43	56	45	46	47	11	49	112	11	9	46	54	47	56	26	11	112	14	24	21	9	90	47	21	11	41	24	90	91	92	46	137	47	46	77	9	92	43	93	145	54	9	11	86	41	112	47	90	91	92	93	54	46	47	46	46	11	92	25	26	27	9	112	46	47	56	46	49	9	112	27	56	93	41	9	11	91	47	41	43	112	46	47	25	9	11	9	47	41	47	56	54	91	41	137	137	43	54	9	41	47	46	145	112	11	41	46	9	47	9	47	11	9	112	41	47	46	54	46	26	93	56	11	112	9	41	46	47	112	112	41	43	93	145	54	46	47	46	46	47	9	112	47	11	11	46	137	93	9	9	43	145	11	9	112	137	41	43	56	47	112	46	11	11	41	46	47	11	11	9	112	9	11	46	112	137	41	11	46	112	43	9	112	46	112	9	11	112	9	9	145	41	112	46	11	137	137	112	41	41	46	47	41	145	112	93	145	11	47	46	41	11	41	46	41	47	11	41	47	112	41	93	47	9	11	11	41	41	47	9	9	11	112	41	112	11	145	112	112	41	47	9	9	112	41	46	47	46	41	112	9	112	41	11	112
112	38	17	14	4	5	17	7	31	9	67	11	14	45	14	38	60	17	19	19	20	21	7	23	21	25	26	26	60	52	99	31	32	33	57	126	80	81	38	60	111	9	4	43	175	45	9	11	48	49	111	51	52	127	43	128	93	57	58	31	60	62	62	63	33	147	66	67	111	66	101	102	102	104	80	154	155	14	78	162	80	81	80	174	84	85	14	78	52	51	25	26	26	93	122	84	58	183	31	99	57	101	102	102	104	127	129	186	163	191	110	111	9	162	190	115	84	117	118	162	48	52	122	191	152	206	126	127	128	129	210	127	211	115	193	57	63	43	174	139	223	141	117	118	63	43	104	147	191	224	150	268	152	229	154	155	155	155	187	232	139	78	162	163	248	165	84	167	150	117	85	78	129	104	174	175	174	200	141	250	150	284	205	183	183	254	186	187	212	193	190	191	192	193	193	195	196	150	122	129	200	264	165	284	228	205	206	183	231	267	210	211	212	232	214	215	272	63	223	141	220	196	152	223	224	224	293	228	228	229	272	231	232	122	232	117	214	237	139	200	141	167	224	167	220	152	139	212	248	223	250	296	266	228	254	272	192	192	237	259	196	195	231	212	264	278	266	267	268	284	214	215	272	273	274	196	231	293	278	200	167	214	273	274	284	285	266	285	273	259	285	266	192	293	285	293	296	273
113	56	21	43	21	49	21	11	9	9	47	11	54	56	43	56	54	21	21	21	49	21	47	49	21	11	9	9	54	46	47	9	49	11	9	47	54	56	93	43	46	9	21	43	56	93	46	47	11	49	46	11	9	46	54	47	56	9	11	46	43	21	21	9	47	47	21	11	9	21	47	46	46	46	54	47	46	54	9	46	43	93	43	54	9	11	43	9	46	47	47	46	46	93	54	46	47	46	46	11	46	11	9	9	9	46	46	47	56	46	49	9	46	9	56	93	9	9	11	46	47	9	43	46	46	47	11	9	11	9	47	9	47	56	54	46	9	54	54	43	54	9	9	47	46	43	46	11	9	46	9	47	9	47	11	9	46	9	47	46	54	46	9	93	56	11	46	9	9	46	47	46	46	9	43	93	43	54	46	47	46	46	47	9	46	47	11	11	46	54	93	9	9	43	43	11	9	46	54	9	43	56	47	46	46	11	11	9	46	47	11	11	9	46	9	11	46	46	54	9	11	46	46	43	9	46	46	46	9	11	46	9	9	43	9	46	46	11	54	54	46	9	9	46	47	9	43	46	93	43	11	47	46	9	11	9	46	9	47	11	9	47	46	9	93	47	9	11	11	9	9	47	9	9	11	46	9	46	11	43	46	46	9	47	9	9	46	9	46	47	46	9	46	9	46	9	11	46
114	57	17	26	4	17	17	31	31	9	31	9	26	26	26	57	57	17	19	19	4	21	31	19	21	26	26	26	57	9	9	31	19	57	57	57	31	31	57	57	31	9	4	9	31	26	9	9	9	21	31	31	9	31	9	31	9	57	9	31	57	19	19	9	57	31	21	31	31	21	26	26	26	9	31	9	31	26	31	57	31	31	31	31	9	9	26	31	9	31	26	26	26	9	9	9	9	31	31	9	57	26	26	26	9	31	9	31	31	31	21	31	9	57	9	9	9	9	31	57	9	9	9	31	9	31	57	31	31	9	9	31	31	9	31	57	9	9	31	9	31	9	9	31	9	9	9	31	31	31	31	31	9	9	9	31	31	31	9	31	9	31	57	31	31	9	9	9	31	9	9	31	9	9	31	31	31	9	9	31	31	31	9	31	31	31	31	9	9	31	9	31	9	31	31	9	31	31	9	9	9	9	9	31	9	9	31	31	9	9	9	31	9	31	31	9	31	9	31	9	31	31	9	31	31	31	31	9	9	9	31	9	31	9	31	9	31	31	9	9	9	9	31	9	31	9	9	9	31	31	31	31	9	9	31	31	9	9	31	9	31	9	9	9	9	9	9	9	31	31	31	9	31	9	31	31	9	31	9	9	9	31	9	31	31	31	9	31	9	9	31	9	9	31	31	31	31	9
115	135	17	26	4	17	17	31	31	9	149	9	91	91	26	135	135	17	19	19	4	21	98	19	21	26	26	26	135	178	178	31	19	57	57	135	98	98	57	57	149	9	4	9	149	26	46	46	9	21	149	31	141	98	46	98	46	57	141	98	57	19	19	9	135	149	21	224	224	21	91	91	91	46	98	46	149	91	31	135	31	31	31	149	141	141	26	31	178	98	91	91	91	9	178	178	178	98	98	141	135	26	26	26	9	98	178	149	98	149	21	224	46	57	178	9	141	141	224	135	46	141	141	149	46	98	57	31	31	141	178	31	98	46	98	135	9	46	149	9	149	141	141	149	46	9	46	224	224	149	224	149	9	46	9	224	149	224	46	98	46	98	57	31	149	141	178	141	224	178	178	98	178	9	224	224	224	178	178	149	149	149	178	31	98	98	224	9	46	98	141	224	9	31	31	141	224	149	178	141	141	178	178	149	178	141	31	31	46	46	141	31	9	98	31	9	98	46	149	141	224	149	46	224	224	149	149	178	141	9	98	9	31	141	31	178	98	31	46	178	178	141	224	178	149	9	9	46	224	224	224	149	178	141	31	31	46	9	98	9	224	178	46	9	141	178	141	9	224	224	31	46	31	9	31	149	9	149	141	141	178	98	9	98	224	31	178	31	46	46	98	141	46	224	98	224	224	46
116	15	17	14	4	5	17	7	31	9	125	11	12	13	14	15	16	17	19	19	20	21	22	32	21	25	26	26	16	124	153	31	32	33	57	35	36	37	38	60	97	9	4	43	37	45	46	47	11	49	97	7	152	53	54	55	56	57	11	98	60	19	19	9	64	22	21	206	183	21	70	71	71	73	36	75	97	12	31	119	80	81	80	36	9	215	14	31	124	22	90	91	91	93	54	46	47	97	98	229	135	101	102	102	104	53	124	125	37	98	49	183	46	162	56	93	9	192	237	119	47	152	43	98	124	125	126	127	128	152	153	127	55	56	36	135	9	54	36	43	36	9	192	258	46	43	73	7	31	98	214	55	152	153	154	183	97	183	75	53	54	98	162	81	37	11	46	192	214	256	271	98	124	104	80	81	80	54	46	22	236	53	75	183	97	125	206	154	73	36	93	31	192	80	80	215	214	236	54	152	43	56	47	53	73	154	206	183	124	153	229	128	104	53	214	215	97	46	36	9	237	236	124	80	31	98	53	73	104	229	97	152	127	43	127	256	236	237	54	54	46	192	31	256	258	152	43	73	81	80	7	55	73	104	206	183	256	192	258	215	214	271	124	104	93	75	104	229	128	127	214	271	183	192	237	236	152	53	154	43	256	236	192	258	127	214	73	214	256	271	236	104	256	127	236	127	128	256
117	15	6	14	4	5	6	7	8	9	55	11	12	13	14	15	16	17	18	19	20	21	22	32	24	25	26	27	28	73	75	31	32	33	34	35	36	37	38	39	53	41	42	43	37	45	46	47	11	49	105	7	104	53	54	55	56	57	11	59	60	18	19	9	64	22	21	128	131	24	70	71	72	73	74	75	53	77	31	79	80	81	82	36	9	11	86	8	146	22	90	91	92	93	54	46	47	53	98	154	100	101	102	103	104	105	73	55	37	98	49	127	112	113	56	93	41	9	7	119	47	173	43	59	73	55	126	127	128	104	75	131	55	56	36	135	41	137	74	43	36	9	41	22	46	145	146	7	8	98	31	55	104	75	154	127	105	131	75	53	54	98	162	81	37	11	112	9	8	46	47	59	146	173	80	81	82	54	46	22	98	53	75	127	105	55	128	154	73	74	93	31	9	80	82	11	31	59	137	173	43	56	47	105	73	154	128	131	73	75	154	128	104	105	31	11	53	112	74	41	7	98	146	80	31	59	53	146	104	154	105	104	127	145	131	112	98	7	137	137	112	41	8	46	22	173	145	146	81	82	7	55	73	173	128	131	46	41	22	11	8	47	146	173	93	75	104	154	128	131	8	47	127	9	7	59	173	105	154	145	112	59	41	22	127	31	146	8	46	47	98	173	112	127	59	131	128	112
118	12	4	14	4	4	4	9	9	9	73	9	12	12	14	12	12	4	21	21	4	21	46	21	21	26	26	26	12	73	73	9	21	26	26	71	54	54	14	14	73	9	4	43	54	14	46	46	9	21	73	9	104	73	54	73	54	26	9	46	14	21	21	9	91	46	21	104	104	21	71	71	71	73	54	73	73	12	9	71	43	43	43	54	9	9	14	9	73	46	91	91	91	43	54	46	46	73	46	104	91	102	102	102	104	73	73	73	54	46	21	104	46	102	54	43	9	9	9	71	46	104	43	46	73	73	102	104	104	104	73	104	73	54	54	91	9	54	54	43	54	9	9	46	46	43	73	9	9	46	9	73	104	73	104	104	73	104	73	73	54	46	102	43	54	9	46	9	9	46	46	46	73	104	43	43	43	54	46	46	46	73	73	104	73	73	104	104	73	54	43	9	9	43	43	9	9	46	54	104	43	54	46	73	73	104	104	104	73	73	104	104	104	73	9	9	73	46	54	9	9	46	73	43	9	46	73	73	104	104	73	104	104	43	104	46	46	9	54	54	46	9	9	46	46	104	43	73	43	43	9	73	73	104	104	104	46	9	46	9	9	46	73	104	43	73	104	104	104	104	9	46	104	9	9	46	104	73	104	43	46	46	9	46	104	9	73	9	46	46	46	104	46	104	46	104	104	46
119	93	24	43	21	49	24	11	41	9	11	11	43	93	43	93	43	21	24	21	49	21	11	49	24	11	9	41	145	9	11	9	49	11	41	11	43	93	93	145	9	41	24	43	93	93	9	11	11	49	41	11	9	9	43	11	93	9	11	41	43	24	21	9	11	11	21	11	41	24	11	9	41	9	145	11	9	145	9	41	43	93	145	43	9	11	145	41	41	11	11	9	41	93	43	9	11	9	9	11	41	11	9	41	9	41	9	11	93	9	49	9	41	41	93	93	41	9	11	9	11	41	43	41	9	11	11	9	11	9	11	41	11	93	43	9	41	145	145	43	43	9	41	11	9	145	41	11	41	9	9	11	9	11	11	9	41	41	11	9	43	9	9	93	93	11	41	9	41	9	11	41	41	41	43	93	145	43	9	11	9	9	11	9	41	11	11	11	9	145	93	9	9	43	145	11	9	41	145	41	43	93	11	41	9	11	11	41	9	11	11	11	9	41	9	11	9	41	145	41	11	9	41	43	9	41	9	41	9	11	41	9	9	145	41	41	9	11	145	145	41	41	41	9	11	41	145	41	93	145	11	11	9	41	11	41	9	41	11	11	41	11	41	41	93	11	9	11	11	41	41	11	9	9	11	41	41	41	11	145	41	41	41	11	9	9	41	41	9	11	9	41	41	9	41	41	11	41
120	60	17	14	4	17	17	31	31	9	155	9	14	14	14	60	60	17	19	19	4	21	31	19	21	26	26	26	60	129	129	31	19	57	57	162	80	80	60	60	155	9	4	43	223	14	9	9	9	21	155	31	129	127	43	127	43	57	141	31	60	19	19	9	57	224	21	155	155	21	102	102	102	104	80	104	155	14	31	162	80	80	80	223	141	167	14	31	129	31	26	26	26	43	200	141	141	183	31	129	57	102	102	102	104	127	129	155	80	224	21	155	9	162	200	43	141	167	196	162	9	129	200	224	152	183	162	127	127	129	129	127	127	43	80	57	9	43	223	43	223	141	167	196	9	43	104	224	224	224	196	293	152	152	104	155	155	155	104	127	43	31	162	80	223	141	141	167	196	167	167	31	129	104	223	223	223	200	141	224	196	293	266	183	183	183	155	104	104	80	200	224	192	80	80	167	196	196	200	129	200	200	141	293	266	266	183	183	152	152	129	127	104	127	214	192	183	9	223	141	196	196	152	223	224	224	293	266	266	152	183	152	127	200	127	167	214	214	43	200	141	167	224	167	196	152	43	104	223	223	224	293	266	266	183	183	192	192	214	192	196	167	152	104	200	266	266	152	293	293	214	192	183	192	214	196	152	293	266	200	167	214	192	214	293	214	266	214	192	192	214	266	192	293	214	293	293	192
121	15	17	14	4	5	17	7	31	9	22	11	12	13	14	15	16	17	19	19	20	21	22	32	21	25	26	26	16	46	47	31	32	33	57	64	36	37	38	60	98	9	4	43	37	45	46	47	11	49	98	7	9	98	54	22	56	57	11	98	60	19	19	9	64	22	21	7	31	21	90	91	91	46	36	47	98	12	31	135	80	81	80	36	9	11	14	31	46	22	90	91	91	93	54	46	47	98	98	11	135	25	26	26	9	98	46	22	37	98	49	31	46	57	56	93	9	9	7	135	47	9	43	98	46	22	33	31	7	9	47	31	22	56	36	135	9	54	36	43	36	9	9	22	46	43	46	7	31	98	31	22	9	47	11	31	98	31	47	98	54	98	57	81	37	11	46	9	31	46	47	98	46	9	80	81	80	54	46	22	98	98	47	31	98	22	7	11	46	36	93	31	9	80	80	11	31	98	54	9	43	56	47	98	46	11	7	31	46	47	11	7	9	98	31	11	98	46	36	9	7	98	46	80	31	98	98	46	9	11	98	9	31	43	31	46	98	7	54	54	46	9	31	46	22	9	43	46	81	80	7	22	46	9	7	31	46	9	22	11	31	47	46	9	93	47	9	11	7	31	31	47	31	9	7	98	9	98	11	43	46	98	9	22	31	31	46	31	46	47	98	9	46	31	98	31	7	46
122	64	6	26	4	5	6	7	8	9	22	11	91	90	26	64	135	17	18	19	20	21	22	32	24	25	26	27	100	46	47	31	32	33	34	64	98	22	33	34	98	41	42	9	22	25	46	47	11	49	59	7	9	98	46	22	47	57	11	59	57	18	19	9	64	22	21	7	8	24	90	91	92	46	59	47	98	92	31	100	31	7	8	98	9	11	27	8	112	22	90	91	92	11	46	46	47	98	98	11	100	25	26	27	9	59	46	22	22	98	49	31	112	34	47	11	41	9	7	135	47	41	9	59	46	22	33	31	7	9	47	8	22	47	98	135	41	112	59	9	98	9	41	22	46	41	112	7	8	98	31	22	9	47	11	31	59	8	47	98	46	98	57	7	22	11	112	9	8	46	47	59	112	41	31	7	8	46	46	22	98	98	47	31	59	22	7	11	46	59	11	31	9	31	8	11	31	59	112	41	9	47	47	59	46	11	7	8	46	47	11	7	9	59	31	11	98	112	59	41	7	98	112	31	31	59	98	112	9	11	59	9	31	41	8	112	98	7	112	112	112	41	8	46	22	41	41	112	7	8	7	22	46	41	7	8	46	41	22	11	8	47	112	41	11	47	9	11	7	8	8	47	31	9	7	59	41	59	11	41	112	59	41	22	31	31	112	8	46	47	98	41	112	31	59	8	7	112
123	45	4	14	4	20	4	11	9	9	229	11	14	45	14	45	14	4	21	21	20	21	11	49	21	25	26	26	14	152	229	9	49	25	26	101	43	93	45	14	152	9	4	43	93	45	9	11	11	49	152	11	152	104	43	154	93	26	11	9	14	21	21	9	25	11	21	229	152	21	101	102	102	104	43	154	152	14	9	102	43	93	43	43	9	215	14	9	152	11	25	26	26	93	43	9	11	152	9	229	26	101	102	102	104	104	152	229	93	9	49	152	9	102	93	93	9	192	215	102	11	152	43	9	152	229	101	104	154	152	229	104	154	93	43	26	9	43	43	43	43	9	192	215	9	43	104	11	9	9	192	154	152	229	154	152	152	152	154	104	43	9	102	93	93	11	9	192	192	192	215	9	152	104	43	93	43	43	9	11	192	104	154	152	152	229	229	154	104	43	93	9	192	43	43	215	192	192	43	152	43	93	11	104	104	154	229	152	152	229	229	154	104	104	192	215	152	9	43	9	215	192	152	43	9	9	104	104	104	229	152	152	104	43	104	192	192	215	43	43	9	192	9	192	215	152	43	104	93	43	11	154	104	104	229	152	192	192	215	215	192	215	152	104	93	154	104	229	154	104	192	215	152	192	215	192	152	104	154	43	192	192	192	215	104	192	104	192	192	215	192	104	192	104	192	104	154	192
124	38	6	14	4	5	6	7	8	9	147	11	14	45	14	38	60	17	18	19	20	21	7	23	24	25	26	27	39	84	58	31	32	33	34	33	80	81	38	39	191	41	42	43	175	45	9	11	48	49	148	51	84	31	43	7	93	57	58	8	60	61	62	63	33	147	66	147	148	69	25	26	27	9	82	11	224	86	78	34	80	81	82	174	84	58	86	87	116	51	25	26	27	93	122	84	58	31	31	58	34	25	26	27	9	8	141	250	163	191	110	191	41	34	190	115	116	84	147	57	48	116	122	148	9	7	33	31	7	141	165	8	51	115	193	57	136	145	176	139	223	141	116	147	63	145	41	147	148	224	191	147	9	11	11	224	242	242	48	78	139	78	57	163	248	165	116	141	148	84	58	87	219	41	174	175	176	200	141	250	191	191	58	31	8	51	250	48	63	194	190	191	9	193	194	165	224	148	233	219	200	264	165	148	84	58	7	8	63	48	165	51	63	87	31	11	78	136	249	219	250	224	41	223	224	242	224	116	84	11	87	63	78	233	87	116	31	7	246	279	219	219	242	141	250	41	246	136	248	249	250	250	141	116	51	87	9	41	7	48	242	165	136	136	264	165	141	48	147	148	8	11	78	63	51	242	136	242	165	279	219	8	136	51	191	78	219	87	63	48	78	219	41	224	87	242	250	136
125	14	4	14	4	4	4	9	9	9	84	9	14	14	14	14	14	4	21	21	4	21	9	66	21	26	26	26	14	84	84	9	21	26	26	26	43	43	14	14	84	9	4	43	122	14	9	9	63	21	84	63	84	9	43	9	43	26	84	9	14	66	66	63	26	84	66	84	84	66	26	26	26	9	43	9	141	14	63	26	43	43	43	122	84	84	14	63	84	63	26	26	26	43	122	84	84	9	9	84	26	26	26	26	9	9	141	141	139	84	66	84	9	26	122	139	84	84	84	26	63	84	122	84	9	9	26	9	9	141	141	9	63	139	139	26	63	43	122	139	200	141	84	84	63	43	9	84	84	141	84	84	9	9	9	141	141	141	63	63	139	63	26	139	200	141	84	141	84	84	84	63	141	9	122	122	122	200	141	141	84	84	84	9	9	63	141	63	63	139	122	84	9	139	139	141	141	84	122	141	200	200	141	84	84	84	9	9	63	63	141	63	63	63	9	9	63	63	200	141	141	141	9	200	141	141	141	84	84	9	63	63	63	122	63	84	9	9	139	200	141	141	141	141	141	9	139	63	200	200	141	141	141	84	63	63	9	9	9	63	141	141	63	63	200	141	141	63	84	84	9	9	63	63	63	141	63	141	141	200	141	9	63	63	84	63	141	63	63	63	63	141	9	141	63	141	141	63
126	54	21	43	21	21	21	9	9	9	46	9	54	54	43	54	54	21	21	21	21	21	46	21	21	9	9	9	54	46	46	9	21	9	9	46	54	54	43	43	46	9	21	43	54	43	46	46	9	21	46	9	9	46	54	46	54	9	9	46	43	21	21	9	46	46	21	9	9	21	46	46	46	46	54	46	46	54	9	46	43	43	43	54	9	9	43	9	46	46	46	46	46	43	54	46	46	46	46	9	46	9	9	9	9	46	46	46	54	46	21	9	46	9	54	43	9	9	9	46	46	9	43	46	46	46	9	9	9	9	46	9	46	54	54	46	9	54	54	43	54	9	9	46	46	43	46	9	9	46	9	46	9	46	9	9	46	9	46	46	54	46	9	43	54	9	46	9	9	46	46	46	46	9	43	43	43	54	46	46	46	46	46	9	46	46	9	9	46	54	43	9	9	43	43	9	9	46	54	9	43	54	46	46	46	9	9	9	46	46	9	9	9	46	9	9	46	46	54	9	9	46	46	43	9	46	46	46	9	9	46	9	9	43	9	46	46	9	54	54	46	9	9	46	46	9	43	46	43	43	9	46	46	9	9	9	46	9	46	9	9	46	46	9	43	46	9	9	9	9	9	46	9	9	9	46	9	46	9	43	46	46	9	46	9	9	46	9	46	46	46	9	46	9	46	9	9	46
127	13	42	14	4	20	42	11	41	9	170	11	12	13	14	13	12	4	24	21	20	21	47	110	24	25	26	27	77	169	170	9	49	25	27	90	54	56	45	86	169	41	42	43	114	45	46	47	48	49	235	48	117	46	54	47	56	26	58	112	14	69	66	63	90	96	66	85	142	69	90	91	92	46	137	47	243	77	63	92	43	93	145	94	84	85	86	136	235	120	90	91	92	93	94	95	96	256	46	85	92	25	26	27	9	112	243	261	133	95	110	117	112	27	114	115	116	117	85	91	120	142	122	166	256	271	25	9	11	167	261	41	120	133	160	91	136	137	198	139	177	141	142	170	144	145	112	58	116	178	117	96	192	271	11	167	280	241	120	144	160	144	26	115	201	165	166	167	142	169	170	217	280	41	122	190	233	177	178	202	169	95	96	192	292	289	195	48	144	238	190	84	192	139	246	195	167	235	198	241	200	201	202	166	95	58	215	257	288	289	195	48	63	217	192	215	288	217	239	219	195	243	292	200	141	240	178	166	84	215	297	273	63	233	136	235	256	215	238	239	240	241	219	243	261	257	246	217	264	279	165	202	178	116	259	282	256	257	271	259	241	261	297	136	264	202	141	259	58	116	257	271	273	273	259	280	282	240	165	279	280	292	282	289	84	273	240	282	288	289	288	219	292	141	297	219	165	297
128	12	4	14	4	4	4	9	9	9	169	9	12	12	14	12	12	4	21	21	4	21	46	66	21	26	26	26	12	169	169	9	21	26	26	91	54	54	14	14	169	9	4	43	94	14	46	46	63	21	169	63	117	46	54	46	54	26	84	46	14	66	66	63	91	95	66	117	117	66	91	91	91	46	54	46	243	12	63	91	43	43	43	94	84	117	14	63	169	144	91	91	91	43	94	95	95	256	46	117	91	26	26	26	9	46	243	243	160	95	66	117	46	26	94	139	84	117	117	91	144	117	122	95	256	256	26	9	9	167	243	9	144	160	160	91	63	54	94	139	177	141	117	169	144	43	46	84	84	178	117	95	192	256	9	167	243	167	144	144	160	144	26	139	177	141	95	167	117	169	169	144	243	9	122	122	122	177	178	178	169	95	95	192	256	288	167	63	144	160	122	84	192	139	139	167	167	169	94	167	200	177	178	95	95	84	192	192	288	288	167	63	63	144	192	192	288	144	177	141	167	243	256	200	141	178	178	95	84	192	288	273	63	122	63	169	256	192	160	177	178	167	141	243	243	192	139	144	200	200	141	178	178	84	273	273	256	192	256	273	167	243	288	63	200	178	141	273	84	84	192	256	273	273	273	243	273	178	141	200	243	256	273	288	84	273	178	273	288	288	288	141	256	141	288	141	141	288
129	15	6	14	4	5	6	7	8	9	89	11	12	13	14	15	16	17	18	19	20	21	22	23	24	25	26	27	28	144	120	31	32	33	34	64	36	37	38	39	161	41	42	43	108	45	46	47	48	49	171	51	63	98	54	22	56	57	48	59	60	61	62	63	64	89	66	51	87	69	90	91	92	46	74	47	98	77	78	100	80	81	82	134	63	48	86	87	217	89	90	91	92	93	160	144	120	98	98	48	100	25	26	27	9	59	46	22	108	161	110	78	112	34	133	115	136	63	51	135	120	136	139	171	46	22	33	31	7	9	47	8	89	133	134	135	136	137	189	139	36	9	136	89	144	145	112	51	87	98	78	89	9	47	11	31	59	8	120	161	160	161	57	163	37	11	217	9	87	144	120	171	112	41	193	163	194	54	46	22	161	161	120	31	59	89	7	48	144	189	115	78	9	193	194	11	31	171	238	41	43	56	47	171	144	48	7	8	144	120	11	51	63	171	31	11	161	217	74	41	7	98	112	80	31	59	98	217	63	11	171	63	78	246	87	217	98	7	238	137	112	41	8	46	22	41	246	217	81	82	7	22	46	136	51	87	46	41	22	48	8	47	217	136	93	47	9	48	51	87	8	47	78	63	51	59	136	59	11	145	112	59	136	89	78	78	112	87	144	120	161	41	112	31	171	8	7	217
130	60	17	14	4	17	17	31	31	9	78	9	14	14	14	60	60	17	19	19	4	21	31	62	21	26	26	26	60	63	63	31	19	57	57	57	80	80	60	60	78	9	4	43	193	14	9	9	63	21	78	78	63	31	43	31	43	57	63	31	60	62	62	63	57	78	66	78	78	66	26	26	26	9	80	9	31	14	78	57	80	80	80	193	63	63	14	78	63	78	26	26	26	43	139	63	63	31	31	63	57	26	26	26	9	31	9	31	193	78	66	78	9	57	139	139	63	63	78	57	63	63	139	78	9	31	57	31	31	9	9	31	78	139	193	57	63	43	193	139	80	9	63	78	63	43	9	78	78	31	78	78	9	9	9	31	31	31	63	78	139	78	57	193	80	9	63	9	78	63	63	78	9	9	193	193	193	43	9	31	78	78	63	31	31	78	31	63	63	193	139	78	9	193	193	9	31	78	139	9	43	43	9	78	63	63	31	31	63	63	9	78	63	78	31	9	78	63	80	9	31	31	9	80	31	31	31	63	63	9	78	63	78	139	78	63	31	31	139	43	9	9	31	9	31	9	139	63	80	80	31	31	9	63	78	78	9	9	31	63	31	9	63	63	43	9	9	63	78	78	31	9	78	63	78	31	63	31	9	43	9	31	63	78	78	78	9	78	63	63	78	9	9	31	78	31	31	63
131	13	4	14	4	20	4	11	9	9	170	11	12	13	14	13	12	4	21	21	20	21	47	110	21	25	26	26	12	169	170	9	49	25	26	90	54	56	45	14	169	9	4	43	114	45	46	47	48	49	169	48	117	46	54	47	56	26	58	46	14	66	66	63	90	96	66	85	117	66	90	91	91	46	54	47	243	12	63	91	43	93	43	94	84	85	14	63	169	120	90	91	91	93	94	95	96	256	46	85	91	25	26	26	9	46	243	261	133	95	110	117	46	26	114	115	84	117	85	91	120	117	122	95	256	271	25	9	11	167	261	9	120	133	160	91	63	54	94	139	177	141	117	170	144	43	46	58	84	178	117	96	192	271	11	167	243	167	120	144	160	144	26	115	201	165	95	167	117	169	170	144	243	9	122	190	122	177	178	202	169	95	96	192	256	289	195	48	144	160	190	84	192	139	139	195	167	169	94	167	200	201	202	95	95	58	215	192	288	289	195	48	63	144	192	215	288	144	177	141	195	243	256	200	141	178	178	95	84	215	288	273	63	122	63	169	256	215	160	177	178	167	141	243	261	192	139	144	264	200	165	202	178	84	259	273	256	192	271	259	167	261	288	63	264	202	141	259	58	84	192	271	273	273	259	243	273	178	165	200	243	256	273	289	84	273	178	273	288	289	288	141	256	141	288	141	165	288
132	14	4	14	4	4	4	9	9	9	167	9	14	14	14	14	14	4	21	21	4	21	9	21	21	26	26	26	14	167	167	9	21	26	26	26	43	43	14	14	167	9	4	43	200	14	9	9	9	21	167	9	167	9	43	9	43	26	141	9	14	21	21	9	26	141	21	167	167	21	26	26	26	9	43	9	167	14	9	26	43	43	43	200	141	167	14	9	167	9	26	26	26	43	200	141	141	192	9	167	26	26	26	26	9	9	167	167	43	141	21	167	9	26	200	43	141	167	167	26	9	167	200	141	192	192	26	9	9	167	167	9	9	43	43	26	9	43	200	43	200	141	167	167	9	43	9	141	141	141	167	141	192	192	9	167	167	167	9	9	43	9	26	43	200	141	141	167	167	167	167	9	167	9	200	200	200	200	141	141	167	141	141	192	192	192	167	9	9	43	200	141	192	43	43	167	167	167	200	167	200	200	141	141	141	141	192	192	192	192	167	9	9	9	192	192	192	9	200	141	167	167	192	200	141	141	141	141	141	192	192	192	9	200	9	167	192	192	43	200	141	167	141	167	167	192	43	9	200	200	141	141	141	141	192	192	192	192	192	192	167	167	192	9	200	141	141	192	141	141	192	192	192	192	192	167	192	141	141	200	167	192	192	192	141	192	141	192	192	192	192	141	192	141	192	141	141	192
133	57	17	26	4	17	17	31	31	9	224	9	26	26	26	57	57	17	19	19	4	21	31	19	21	26	26	26	57	141	141	31	19	57	57	57	31	31	57	57	224	9	4	9	224	26	9	9	9	21	224	31	141	31	9	31	9	57	141	31	57	19	19	9	57	224	21	224	224	21	26	26	26	9	31	9	224	26	31	57	31	31	31	224	141	141	26	31	141	31	26	26	26	9	141	141	141	31	31	141	57	26	26	26	9	31	141	224	31	224	21	224	9	57	141	9	141	141	224	57	9	141	141	224	9	31	57	31	31	141	141	31	31	9	31	57	9	9	224	9	224	141	141	224	9	9	9	224	224	224	224	224	9	9	9	224	224	224	9	31	9	31	57	31	224	141	141	141	224	141	141	31	141	9	224	224	224	141	141	224	224	224	141	31	31	31	224	9	9	31	141	224	9	31	31	141	224	224	141	141	141	141	141	224	141	141	31	31	9	9	141	31	9	31	31	9	31	9	224	141	224	224	9	224	224	224	224	141	141	9	31	9	31	141	31	141	31	31	9	141	141	141	224	141	224	9	9	9	224	224	224	224	141	141	31	31	9	9	31	9	224	141	9	9	141	141	141	9	224	224	31	9	31	9	31	224	9	224	141	141	141	31	9	31	224	31	141	31	9	9	31	141	9	224	31	224	224	9
134	25	42	26	4	20	42	11	41	9	165	11	26	25	26	25	26	4	24	21	20	21	11	49	24	25	26	27	27	141	165	9	49	25	27	25	9	11	25	27	141	41	42	9	165	25	9	11	11	49	219	11	141	9	9	11	11	26	165	41	26	24	21	9	25	165	21	165	219	24	25	26	27	9	41	11	141	27	9	27	9	11	41	141	141	165	27	41	219	11	25	26	27	11	141	141	165	9	9	165	27	25	26	27	9	41	141	165	11	141	49	141	41	27	165	11	219	141	165	26	11	219	141	219	9	11	25	9	11	141	165	41	11	11	9	26	41	41	219	9	141	141	219	165	9	41	41	165	219	141	141	165	9	11	11	141	219	219	11	9	9	9	26	11	165	165	219	141	219	141	165	41	219	41	141	165	219	141	141	165	141	141	165	9	41	11	165	11	9	41	165	141	9	9	41	165	141	219	219	219	141	165	165	219	141	165	11	41	9	11	165	11	9	41	9	11	9	41	219	219	165	141	41	141	141	219	141	219	141	11	41	9	9	219	41	219	9	11	41	219	219	219	219	141	165	41	41	41	165	219	165	165	141	219	11	41	9	41	11	11	219	165	41	41	165	165	141	11	165	219	41	11	9	9	11	219	41	219	165	219	219	41	41	11	141	9	219	41	9	11	9	219	41	141	41	219	165	41
135	93	24	43	21	49	24	11	41	9	154	11	43	93	43	93	43	21	24	21	49	21	11	49	24	11	9	41	145	104	154	9	49	11	41	154	43	93	93	145	104	41	24	43	93	93	9	11	11	49	173	11	104	104	43	154	93	9	11	41	43	24	21	9	11	11	21	154	173	24	154	104	173	104	145	154	104	145	9	173	43	93	145	43	9	11	145	41	173	11	11	9	41	93	43	9	11	104	9	154	41	154	104	173	104	173	104	154	93	9	49	104	41	173	93	93	41	9	11	104	11	173	43	41	104	154	154	104	154	104	154	173	154	93	43	9	41	145	145	43	43	9	41	11	9	145	173	11	41	9	9	154	104	154	154	104	173	173	154	104	43	9	104	93	93	11	41	9	41	9	11	41	173	173	43	93	145	43	9	11	9	104	154	104	173	154	154	154	104	145	93	9	9	43	145	11	9	41	145	173	43	93	11	173	104	154	154	173	104	154	154	154	104	173	9	11	104	41	145	41	11	9	173	43	9	41	104	173	104	154	173	104	104	145	173	41	9	11	145	145	41	41	41	9	11	173	145	173	93	145	11	154	104	173	154	173	9	41	11	11	41	11	173	173	93	154	104	154	154	173	41	11	104	9	11	41	173	173	154	145	41	41	41	11	104	9	173	41	9	11	9	173	41	104	41	173	154	41
136	15	17	14	4	5	17	7	31	9	107	11	12	13	14	15	16	17	19	19	20	21	22	32	21	25	26	26	16	106	130	31	32	33	57	35	36	37	38	60	76	9	4	43	164	45	46	47	11	49	76	7	129	53	54	55	56	57	165	98	60	19	19	9	64	179	21	186	155	21	70	71	71	73	36	75	76	12	31	119	80	81	80	140	141	195	14	31	106	22	90	91	91	93	177	178	202	97	98	210	135	101	102	102	104	53	106	107	37	149	49	155	46	162	201	93	141	167	220	119	47	129	200	149	124	125	126	127	128	129	130	127	55	56	36	135	9	54	140	43	140	141	167	244	46	43	73	250	224	149	196	251	152	153	154	155	76	155	75	53	54	98	162	81	164	165	178	167	196	243	261	98	106	104	223	248	223	177	178	179	221	226	265	183	97	125	186	154	73	36	264	224	192	80	80	195	196	221	177	129	200	201	202	226	252	278	206	183	124	153	210	128	104	53	214	215	97	46	140	141	220	221	124	223	224	149	226	252	266	229	97	152	127	200	127	243	236	237	54	177	178	167	224	243	244	152	43	73	248	223	250	251	252	266	206	183	256	192	258	215	196	261	124	104	264	265	266	229	296	293	214	271	183	192	237	221	152	226	278	200	243	236	192	258	293	214	252	214	256	271	236	266	256	293	236	293	296	256
137	33	17	26	4	5	17	7	31	9	147	11	26	25	26	33	57	17	19	19	20	21	7	23	21	25	26	26	57	84	58	31	32	33	57	33	31	7	33	57	191	9	4	9	147	25	9	11	48	49	191	51	84	31	9	7	11	57	58	31	57	62	62	63	33	147	66	147	191	66	25	26	26	9	31	11	224	26	78	57	31	7	31	191	84	58	26	78	84	51	25	26	26	11	84	84	58	31	31	58	57	25	26	26	9	31	141	250	51	191	110	191	9	57	58	48	84	84	147	57	48	84	84	191	9	7	33	31	7	141	165	31	51	48	78	57	63	9	191	63	224	141	84	147	63	9	9	147	191	224	191	147	9	11	11	224	224	224	48	78	63	78	57	51	250	165	84	141	191	84	58	78	141	9	191	147	191	141	141	250	191	191	58	31	31	51	250	48	63	78	58	191	9	78	78	165	224	191	84	141	141	165	165	191	84	58	7	31	63	48	165	51	63	78	31	11	78	63	224	141	250	224	9	224	224	224	224	84	84	11	78	63	78	84	78	84	31	7	63	141	141	141	224	141	250	9	63	63	250	224	250	250	141	84	51	78	9	9	7	48	224	165	63	63	165	165	141	48	147	191	31	11	78	63	51	224	63	224	165	141	141	31	63	51	191	78	141	78	63	48	78	141	9	224	78	224	250	63
138	25	4	26	4	20	4	11	9	9	11	11	26	25	26	25	26	4	21	21	20	21	11	49	21	25	26	26	26	9	11	9	49	25	26	25	9	11	25	26	9	9	4	9	11	25	9	11	11	49	9	11	9	9	9	11	11	26	11	9	26	21	21	9	25	11	21	11	9	21	25	26	26	9	9	11	9	26	9	26	9	11	9	9	9	11	26	9	9	11	25	26	26	11	9	9	11	9	9	11	26	25	26	26	9	9	9	11	11	9	49	9	9	26	11	11	9	9	11	26	11	9	9	9	9	11	25	9	11	9	11	9	11	11	9	26	9	9	9	9	9	9	9	11	9	9	9	11	9	9	9	11	9	11	11	9	9	9	11	9	9	9	26	11	11	11	9	9	9	9	11	9	9	9	9	11	9	9	9	11	9	9	11	9	9	11	11	11	9	9	11	9	9	9	9	11	9	9	9	9	9	11	11	9	9	11	11	9	9	11	11	11	9	9	9	11	9	9	9	9	11	9	9	9	9	9	9	9	9	11	9	9	9	9	9	9	9	11	9	9	9	9	9	9	11	9	9	9	11	9	11	11	9	9	11	9	9	9	11	11	9	11	9	9	11	11	9	11	11	9	9	11	9	9	11	9	9	9	11	9	9	9	9	11	9	9	9	9	9	11	9	9	9	9	9	9	11	9
139	64	6	26	4	5	6	7	8	9	179	11	91	90	26	64	135	17	18	19	20	21	22	32	24	25	26	27	100	178	202	31	32	33	34	64	98	22	33	34	149	41	42	9	179	25	46	47	11	49	225	7	141	98	46	22	47	57	165	59	57	18	19	9	64	179	21	250	242	24	90	91	92	46	59	47	149	92	31	100	31	7	8	149	141	165	27	8	240	22	90	91	92	11	178	178	202	98	98	165	100	25	26	27	9	59	178	179	22	149	49	224	112	34	202	11	219	141	250	135	47	219	141	225	46	22	33	31	7	141	202	8	22	47	98	135	41	112	225	9	149	141	219	179	46	41	112	250	242	149	224	179	9	47	11	224	225	242	47	98	46	98	57	7	179	165	240	141	242	178	202	59	240	41	224	250	242	178	178	179	149	149	202	31	59	22	250	11	46	59	165	224	9	31	8	165	224	225	240	219	141	202	202	225	178	165	7	8	46	47	165	7	9	59	31	11	98	112	225	219	250	149	112	224	224	225	149	240	141	11	59	9	31	219	8	240	98	7	112	240	240	219	242	178	179	41	41	112	250	242	250	179	178	219	7	8	46	41	22	11	242	202	112	41	165	202	141	11	250	242	8	47	31	9	7	225	41	225	165	219	240	59	41	22	224	31	240	8	46	47	98	219	112	224	59	242	250	112
140	25	42	26	4	20	42	11	41	9	48	11	26	25	26	25	26	4	24	21	20	21	11	110	24	25	26	27	27	63	48	9	49	25	27	25	9	11	25	27	63	41	42	9	48	25	9	11	48	49	136	48	63	9	9	11	11	26	48	41	26	69	66	63	25	48	66	48	136	69	25	26	27	9	41	11	9	27	63	27	9	11	41	63	63	48	27	136	136	48	25	26	27	11	63	63	48	9	9	48	27	25	26	27	9	41	9	11	48	63	110	63	41	27	48	48	136	63	48	26	48	136	63	136	9	11	25	9	11	9	11	41	48	48	63	26	136	41	136	63	9	9	136	48	63	41	41	48	136	9	63	48	9	11	11	9	41	41	48	63	63	63	26	48	11	11	136	9	136	63	48	136	41	41	63	48	136	9	9	11	63	63	48	9	41	48	11	48	63	136	48	63	9	63	136	11	9	136	136	41	9	11	11	136	63	48	11	41	63	48	11	48	63	136	9	11	63	136	41	41	11	9	41	9	9	41	9	136	63	11	136	63	63	136	136	136	9	11	136	41	41	41	41	9	11	41	136	136	11	41	11	11	9	136	48	136	9	41	11	48	41	11	136	136	11	11	9	48	48	136	41	11	63	63	48	41	136	41	11	41	41	41	136	48	63	63	41	136	63	48	63	41	41	9	136	41	11	136
141	15	6	14	4	5	6	7	8	9	185	11	12	13	14	15	16	17	18	19	20	21	22	23	24	25	26	27	28	208	209	31	32	33	34	35	36	37	38	39	216	41	42	43	108	45	46	47	48	49	230	51	231	53	54	55	56	57	48	59	60	61	62	63	64	89	66	254	255	69	70	71	72	73	74	75	97	77	78	79	80	81	82	134	63	259	86	87	262	89	90	91	92	93	160	144	120	97	98	267	100	101	102	103	104	105	124	125	108	161	110	272	112	113	133	115	136	273	274	119	120	276	139	171	124	125	126	127	128	152	153	131	132	133	134	135	136	137	189	139	36	9	282	283	144	145	146	51	87	98	285	132	152	153	154	183	184	207	158	159	160	161	162	163	37	11	217	192	287	288	289	171	222	173	193	163	194	54	46	22	290	159	158	183	184	185	206	187	188	189	115	78	192	193	194	215	214	294	238	245	43	56	47	213	188	187	206	207	208	209	229	211	212	213	214	215	216	217	74	41	237	236	222	80	31	59	53	247	212	229	230	231	232	246	234	297	236	237	238	137	112	257	8	256	258	245	246	247	81	82	7	55	73	263	254	255	256	257	258	259	270	271	262	263	93	75	104	267	211	234	270	271	272	273	274	281	276	105	154	145	292	281	282	283	232	285	146	287	288	289	290	173	292	127	294	131	128	297
142	15	17	14	4	5	17	7	31	9	55	11	12	13	14	15	16	17	19	19	20	21	22	32	21	25	26	26	16	73	75	31	32	33	57	35	36	37	38	60	53	9	4	43	37	45	46	47	11	49	53	7	104	53	54	55	56	57	11	98	60	19	19	9	64	22	21	128	127	21	70	71	71	73	36	75	53	12	31	119	80	81	80	36	9	11	14	31	73	22	90	91	91	93	54	46	47	53	98	154	135	101	102	102	104	53	73	55	37	98	49	127	46	162	56	93	9	9	7	119	47	104	43	98	73	55	126	127	128	104	75	127	55	56	36	135	9	54	36	43	36	9	9	22	46	43	73	7	31	98	31	55	104	75	154	127	53	127	75	53	54	98	162	81	37	11	46	9	31	46	47	98	73	104	80	81	80	54	46	22	98	53	75	127	53	55	128	154	73	36	93	31	9	80	80	11	31	98	54	104	43	56	47	53	73	154	128	127	73	75	154	128	104	53	31	11	53	46	36	9	7	98	73	80	31	98	53	73	104	154	53	104	127	43	127	46	98	7	54	54	46	9	31	46	22	104	43	73	81	80	7	55	73	104	128	127	46	9	22	11	31	47	73	104	93	75	104	154	128	127	31	47	127	9	7	98	104	53	154	43	46	98	9	22	127	31	73	31	46	47	98	104	46	127	98	127	128	46
143	14	4	14	4	4	4	9	9	9	104	9	14	14	14	14	14	4	21	21	4	21	9	21	21	26	26	26	14	104	104	9	21	26	26	102	43	43	14	14	104	9	4	43	43	14	9	9	9	21	104	9	104	104	43	104	43	26	9	9	14	21	21	9	26	9	21	104	104	21	102	102	102	104	43	104	104	14	9	102	43	43	43	43	9	9	14	9	104	9	26	26	26	43	43	9	9	104	9	104	26	102	102	102	104	104	104	104	43	9	21	104	9	102	43	43	9	9	9	102	9	104	43	9	104	104	102	104	104	104	104	104	104	43	43	26	9	43	43	43	43	9	9	9	9	43	104	9	9	9	9	104	104	104	104	104	104	104	104	104	43	9	102	43	43	9	9	9	9	9	9	9	104	104	43	43	43	43	9	9	9	104	104	104	104	104	104	104	104	43	43	9	9	43	43	9	9	9	43	104	43	43	9	104	104	104	104	104	104	104	104	104	104	104	9	9	104	9	43	9	9	9	104	43	9	9	104	104	104	104	104	104	104	43	104	9	9	9	43	43	9	9	9	9	9	104	43	104	43	43	9	104	104	104	104	104	9	9	9	9	9	9	104	104	43	104	104	104	104	104	9	9	104	9	9	9	104	104	104	43	9	9	9	9	104	9	104	9	9	9	9	104	9	104	9	104	104	9
144	38	6	14	4	5	6	7	8	9	186	11	14	45	14	38	60	17	18	19	20	21	7	32	24	25	26	27	39	129	210	31	32	33	34	126	80	81	38	39	155	41	42	43	248	45	9	11	11	49	157	7	129	127	43	128	93	57	165	8	60	18	19	9	33	250	21	186	157	24	101	102	103	104	82	154	155	86	31	113	80	81	82	223	141	195	86	8	199	7	25	26	27	93	200	141	165	183	31	210	34	101	102	103	104	131	129	186	81	224	49	155	41	113	264	93	219	167	220	162	11	199	200	242	152	206	126	127	128	129	210	131	128	93	80	57	41	145	249	43	223	141	241	220	9	145	173	250	242	224	196	296	152	229	154	155	157	157	154	127	43	31	162	81	248	165	219	167	260	167	195	8	199	173	223	248	249	200	141	250	196	293	278	183	207	206	186	154	104	82	264	224	192	80	82	195	196	260	279	199	200	264	165	295	266	278	206	207	152	229	210	128	104	131	214	215	183	41	249	219	220	196	245	223	224	242	293	291	266	229	207	152	127	279	131	241	214	237	145	279	219	241	242	167	220	245	145	173	248	249	250	296	266	291	206	207	192	257	237	215	260	195	245	173	264	278	266	229	296	295	270	215	183	192	237	260	245	295	278	279	241	270	257	237	293	214	291	270	192	215	214	291	257	293	270	295	296	257
145	64	17	26	4	5	17	7	31	9	65	11	91	90	26	64	135	17	19	19	20	21	22	23	21	25	26	26	135	95	96	31	32	33	57	64	98	22	33	57	109	9	4	9	65	25	46	47	48	49	109	51	84	98	46	22	47	57	58	98	57	62	62	63	64	65	66	147	191	66	90	91	91	46	98	47	149	91	78	135	31	7	31	109	84	58	26	78	95	89	90	91	91	11	95	95	96	98	98	58	135	25	26	26	9	98	178	179	89	109	110	191	46	57	96	48	84	84	147	135	120	84	84	109	46	22	33	31	7	141	202	31	89	120	161	135	63	46	109	63	149	141	84	65	144	9	46	147	191	149	191	65	9	47	11	224	149	224	120	161	144	161	57	51	179	165	95	141	191	95	96	161	178	9	191	147	191	178	178	179	109	109	96	31	98	89	250	48	144	161	58	191	9	78	78	165	224	109	95	141	141	202	202	109	95	58	7	31	144	120	165	51	63	161	31	11	161	144	149	141	250	149	46	224	224	149	149	95	84	11	161	63	78	84	78	95	98	7	144	178	178	141	224	178	179	9	63	144	250	224	250	179	178	84	51	78	46	9	22	48	224	202	144	63	165	202	141	48	147	191	31	47	78	63	51	149	63	149	165	141	178	98	63	89	191	78	178	78	144	120	161	141	46	224	161	224	250	144
146	38	17	14	4	5	17	7	31	9	118	11	14	45	14	38	60	17	19	19	20	21	7	23	21	25	26	26	60	117	85	31	32	33	57	33	80	81	38	60	150	9	4	43	175	45	9	11	48	49	150	51	117	31	43	7	93	57	58	31	60	62	62	63	33	147	66	118	150	66	25	26	26	9	80	11	196	14	78	57	80	81	80	174	84	85	14	78	117	51	25	26	26	93	122	84	58	214	31	85	57	25	26	26	9	31	167	220	163	191	110	150	9	57	190	115	84	117	118	57	48	117	122	191	192	237	33	31	7	167	195	31	51	115	193	57	63	43	174	139	223	141	117	118	63	43	9	147	191	224	150	147	192	215	11	196	196	196	48	78	139	78	57	163	248	165	84	167	150	117	85	78	167	9	174	175	174	200	141	250	150	191	58	214	214	274	220	48	63	193	190	191	192	193	193	195	196	150	122	167	200	264	165	191	84	58	237	214	273	259	195	51	63	78	214	215	285	63	223	141	220	196	192	223	224	224	224	84	84	215	285	273	78	122	78	117	214	237	139	200	141	167	224	167	220	192	139	63	248	223	250	250	141	84	274	285	192	192	237	259	196	195	273	63	264	165	141	259	147	191	214	215	285	273	274	196	273	224	165	200	167	214	273	274	191	285	141	285	273	259	285	141	192	224	285	224	250	273
147	12	4	14	4	4	4	9	9	9	124	9	12	12	14	12	12	4	21	21	4	21	46	21	21	26	26	26	12	124	124	9	21	26	26	71	54	54	14	14	124	9	4	43	54	14	46	46	9	21	124	9	152	73	54	73	54	26	9	46	14	21	21	9	91	46	21	152	152	21	71	71	71	73	54	73	124	12	9	71	43	43	43	54	9	192	14	9	124	46	91	91	91	43	54	46	46	124	46	152	91	102	102	102	104	73	124	124	54	46	21	152	46	102	54	43	9	192	192	71	46	152	43	46	124	124	102	104	104	152	124	104	73	54	54	91	9	54	54	43	54	9	192	256	46	43	73	9	9	46	192	73	152	124	104	152	124	152	73	73	54	46	102	43	54	9	46	192	192	256	256	46	124	104	43	43	43	54	46	46	256	73	73	152	124	124	152	104	73	54	43	9	192	43	43	192	192	256	54	152	43	54	46	73	73	104	152	152	124	124	152	104	104	73	192	192	124	46	54	9	192	256	124	43	9	46	73	73	104	152	124	152	104	43	104	256	256	192	54	54	46	192	9	256	256	152	43	73	43	43	9	73	73	104	152	152	256	192	256	192	192	256	124	104	43	73	104	152	104	104	192	256	152	192	192	256	152	73	104	43	256	256	192	256	104	192	73	192	256	256	256	104	256	104	256	104	104	256
148	13	4	14	4	20	4	11	9	9	153	11	12	13	14	13	12	4	21	21	20	21	47	49	21	25	26	26	12	124	153	9	49	25	26	70	54	56	45	14	124	9	4	43	56	45	46	47	11	49	124	11	152	73	54	75	56	26	11	46	14	21	21	9	90	47	21	229	152	21	70	71	71	73	54	75	124	12	9	71	43	93	43	54	9	215	14	9	124	47	90	91	91	93	54	46	47	124	46	229	91	101	102	102	104	73	124	153	56	46	49	152	46	102	56	93	9	192	215	71	47	152	43	46	124	153	101	104	154	152	153	104	75	56	54	91	9	54	54	43	54	9	192	271	46	43	73	11	9	46	192	75	152	153	154	152	124	152	75	73	54	46	102	93	56	11	46	192	192	256	271	46	124	104	43	93	43	54	46	47	256	73	75	152	124	153	229	154	73	54	93	9	192	43	43	215	192	256	54	152	43	56	47	73	73	154	229	152	124	153	229	154	104	73	192	215	124	46	54	9	215	256	124	43	9	46	73	73	104	229	124	152	104	43	104	256	256	215	54	54	46	192	9	256	271	152	43	73	93	43	11	75	73	104	229	152	256	192	271	215	192	271	124	104	93	75	104	229	154	104	192	271	152	192	215	256	152	73	154	43	256	256	192	271	104	192	73	192	256	271	256	104	256	104	256	104	154	256
149	45	42	14	4	20	42	11	41	9	267	11	14	45	14	45	14	4	24	21	20	21	11	110	24	25	26	27	86	231	267	9	49	25	27	101	43	93	45	86	231	41	42	43	115	45	9	11	48	49	276	48	231	104	43	154	93	26	48	41	14	69	66	63	25	48	66	267	276	69	101	102	103	104	145	154	152	86	63	103	43	93	145	139	63	259	86	136	276	48	25	26	27	93	139	63	48	152	9	267	27	101	102	103	104	173	152	229	115	63	110	231	41	103	115	115	136	273	259	102	48	276	139	136	152	229	101	104	154	152	229	173	187	115	139	26	136	145	246	139	43	9	282	259	63	145	173	48	136	9	273	187	152	229	154	152	245	245	187	212	139	63	102	115	93	11	136	192	282	273	259	136	245	173	139	115	246	43	9	11	273	212	187	152	245	267	229	187	212	246	115	63	192	139	246	215	192	282	246	245	43	93	11	263	212	187	229	245	231	267	229	187	212	263	192	215	231	136	145	41	215	192	245	43	9	41	104	263	212	229	276	231	212	246	263	282	192	215	246	145	41	257	41	192	215	245	246	263	93	145	11	154	104	263	267	276	192	257	215	259	257	215	276	263	93	154	104	267	187	263	257	215	231	273	259	257	276	173	154	145	257	257	282	259	212	273	173	282	273	259	273	173	257	104	282	173	154	282
150	13	42	14	4	20	42	11	41	9	75	11	12	13	14	13	12	4	24	21	20	21	47	49	24	25	26	27	77	73	75	9	49	25	27	70	54	56	45	86	73	41	42	43	56	45	46	47	11	49	146	11	104	73	54	75	56	26	11	112	14	24	21	9	90	47	21	154	173	24	70	71	72	73	137	75	73	77	9	72	43	93	145	54	9	11	86	41	146	47	90	91	92	93	54	46	47	73	46	154	92	101	102	103	104	146	73	75	56	46	49	104	112	103	56	93	41	9	11	71	47	173	43	112	73	75	101	104	154	104	75	173	75	56	54	91	41	137	137	43	54	9	41	47	46	145	146	11	41	46	9	75	104	75	154	104	146	173	75	73	54	46	102	93	56	11	112	9	41	46	47	112	146	173	43	93	145	54	46	47	46	73	75	104	146	75	154	154	73	137	93	9	9	43	145	11	9	112	137	173	43	56	47	146	73	154	154	173	73	75	154	154	104	146	9	11	73	112	137	41	11	46	146	43	9	112	73	146	104	154	146	104	104	145	173	112	46	11	137	137	112	41	41	46	47	173	145	146	93	145	11	75	73	173	154	173	46	41	47	11	41	47	146	173	93	75	104	154	154	173	41	47	104	9	11	112	173	146	154	145	112	112	41	47	104	9	146	41	46	47	46	173	112	104	112	173	154	112
151	14	4	14	4	4	4	9	9	9	192	9	14	14	14	14	14	4	21	21	4	21	9	21	21	26	26	26	14	192	192	9	21	26	26	26	43	43	14	14	192	9	4	43	43	14	9	9	9	21	192	9	192	9	43	9	43	26	9	9	14	21	21	9	26	9	21	192	192	21	26	26	26	9	43	9	192	14	9	26	43	43	43	43	9	192	14	9	192	9	26	26	26	43	43	9	9	192	9	192	26	26	26	26	9	9	192	192	43	9	21	192	9	26	43	43	9	192	192	26	9	192	43	9	192	192	26	9	9	192	192	9	9	43	43	26	9	43	43	43	43	9	192	192	9	43	9	9	9	9	192	9	192	192	9	192	192	192	9	9	43	9	26	43	43	9	9	192	192	192	192	9	192	9	43	43	43	43	9	9	192	9	9	192	192	192	192	9	9	43	43	9	192	43	43	192	192	192	43	192	43	43	9	9	9	9	192	192	192	192	192	9	9	9	192	192	192	9	43	9	192	192	192	43	9	9	9	9	9	192	192	192	9	43	9	192	192	192	43	43	9	192	9	192	192	192	43	9	43	43	9	9	9	9	192	192	192	192	192	192	192	192	192	9	43	9	9	192	9	9	192	192	192	192	192	192	192	9	9	43	192	192	192	192	9	192	9	192	192	192	192	9	192	9	192	9	9	192
152	15	6	14	4	5	6	7	8	9	65	11	12	13	14	15	16	17	18	19	20	21	22	23	24	25	26	27	28	95	96	31	32	33	34	64	36	37	38	39	109	41	42	43	44	45	46	47	48	49	123	51	84	98	54	22	56	57	58	59	60	61	62	63	64	65	66	147	148	69	90	91	92	46	74	47	149	77	78	100	80	81	82	83	84	58	86	87	166	89	90	91	92	93	94	95	96	98	98	58	100	25	26	27	9	59	178	179	108	109	110	191	112	34	114	115	116	84	147	135	120	116	122	123	46	22	33	31	7	141	202	8	89	133	134	135	136	137	138	139	140	141	116	65	144	145	112	147	148	149	191	65	9	47	11	224	225	242	120	161	160	161	57	163	164	165	166	141	148	95	96	171	240	41	174	175	176	177	178	179	109	109	96	31	59	89	250	48	144	189	190	191	9	193	194	165	224	123	198	219	200	201	202	123	95	58	7	8	144	120	165	51	63	171	31	11	161	217	218	219	250	149	112	223	224	225	149	166	84	11	171	63	78	233	87	166	98	7	238	239	240	219	242	178	179	41	246	217	248	249	250	179	178	116	51	87	46	41	22	48	242	202	217	136	264	202	141	48	147	148	8	47	78	63	51	225	136	225	165	279	240	59	136	89	191	78	240	87	144	120	161	219	112	224	171	242	250	217
153	60	17	14	4	17	17	31	31	9	191	9	14	14	14	60	60	17	19	19	4	21	31	62	21	26	26	26	60	84	84	31	19	57	57	57	80	80	60	60	191	9	4	43	174	14	9	9	63	21	191	78	84	31	43	31	43	57	84	31	60	62	62	63	57	191	66	191	191	66	26	26	26	9	80	9	224	14	78	57	80	80	80	174	84	84	14	78	84	78	26	26	26	43	122	84	84	31	31	84	57	26	26	26	9	31	141	224	193	191	66	191	9	57	122	139	84	84	191	57	63	84	122	191	9	31	57	31	31	141	141	31	78	139	193	57	63	43	174	139	223	141	84	191	63	43	9	191	191	224	191	191	9	9	9	224	224	224	63	78	139	78	57	193	223	141	84	141	191	84	84	78	141	9	174	174	174	200	141	224	191	191	84	31	31	78	224	63	63	193	122	191	9	193	193	141	224	191	122	141	200	200	141	191	84	84	31	31	63	63	141	78	63	78	31	9	78	63	223	141	224	224	9	223	224	224	224	84	84	9	78	63	78	122	78	84	31	31	139	200	141	141	224	141	224	9	139	63	223	223	224	224	141	84	78	78	9	9	31	63	224	141	63	63	200	141	141	63	191	191	31	9	78	63	78	224	63	224	141	200	141	31	63	78	191	78	141	78	63	63	78	141	9	224	78	224	224	63
154	16	17	14	4	17	17	31	31	9	180	9	12	12	14	16	16	17	19	19	4	21	98	62	21	26	26	26	16	169	169	31	19	57	57	135	36	36	60	60	180	9	4	43	83	14	46	46	63	21	180	78	117	98	54	98	54	57	84	98	60	62	62	63	135	109	66	150	150	66	91	91	91	46	36	46	221	12	78	135	80	80	80	83	84	117	14	78	169	161	91	91	91	43	94	95	95	236	98	117	135	26	26	26	9	98	243	221	134	109	66	150	46	57	94	139	84	117	150	135	144	117	122	109	256	236	57	31	31	167	243	31	161	160	134	135	63	54	83	139	140	141	117	180	144	43	46	191	191	149	150	109	192	256	9	196	221	196	144	161	160	161	57	193	140	141	95	167	150	169	169	161	243	9	174	174	174	177	178	149	180	109	95	214	236	290	196	63	144	134	122	191	192	193	193	167	196	180	94	167	200	177	178	109	95	84	214	214	288	288	167	78	63	161	214	192	290	144	140	141	196	221	256	223	224	149	149	95	84	192	290	273	78	122	78	169	236	214	160	177	178	167	224	243	221	192	139	144	223	223	224	149	178	84	285	285	256	192	236	273	196	243	288	63	200	178	141	273	191	191	214	256	285	273	285	221	273	149	141	200	243	236	273	290	191	285	178	285	288	288	290	141	256	224	290	224	224	288
155	13	42	14	4	20	42	11	41	9	120	11	12	13	14	13	12	4	24	21	20	21	47	110	24	25	26	27	77	144	120	9	49	25	27	90	54	56	45	86	144	41	42	43	133	45	46	47	48	49	217	48	63	46	54	47	56	26	48	112	14	69	66	63	90	120	66	48	136	69	90	91	92	46	137	47	46	77	63	92	43	93	145	160	63	48	86	136	217	120	90	91	92	93	160	144	120	46	46	48	92	25	26	27	9	112	46	47	133	144	110	63	112	27	133	115	136	63	48	91	120	136	139	217	46	47	25	9	11	9	47	41	120	133	160	91	136	137	238	139	54	9	136	120	144	145	112	48	136	46	63	120	9	47	11	9	112	41	120	144	160	144	26	115	56	11	217	9	136	144	120	217	112	41	139	115	246	54	46	47	144	144	120	9	112	120	11	48	144	238	115	63	9	139	246	11	9	217	238	41	43	56	47	217	144	48	11	41	144	120	11	48	63	217	9	11	144	217	137	41	11	46	112	43	9	112	46	217	63	11	217	63	63	246	136	217	46	11	238	137	112	41	41	46	47	41	246	217	93	145	11	47	46	136	48	136	46	41	47	48	41	47	217	136	93	47	9	48	48	136	41	47	63	63	48	112	136	112	11	145	112	112	136	120	63	63	112	136	144	120	144	41	112	9	217	41	11	217
156	45	4	14	4	20	4	11	9	9	48	11	14	45	14	45	14	4	21	21	20	21	11	110	21	25	26	26	14	63	48	9	49	25	26	25	43	93	45	14	63	9	4	43	115	45	9	11	48	49	63	48	63	9	43	11	93	26	48	9	14	66	66	63	25	48	66	48	63	66	25	26	26	9	43	11	9	14	63	26	43	93	43	139	63	48	14	63	63	48	25	26	26	93	139	63	48	9	9	48	26	25	26	26	9	9	9	11	115	63	110	63	9	26	115	115	63	63	48	26	48	63	139	63	9	11	25	9	11	9	11	9	48	115	139	26	63	43	139	139	43	9	63	48	63	43	9	48	63	9	63	48	9	11	11	9	9	9	48	63	139	63	26	115	93	11	63	9	63	63	48	63	9	9	139	115	139	43	9	11	63	63	48	9	9	48	11	48	63	139	115	63	9	139	139	11	9	63	139	9	43	93	11	63	63	48	11	9	63	48	11	48	63	63	9	11	63	63	43	9	11	9	9	43	9	9	9	63	63	11	63	63	63	139	63	63	9	11	139	43	9	9	9	9	11	9	139	63	93	43	11	11	9	63	48	63	9	9	11	48	9	11	63	63	93	11	9	48	48	63	9	11	63	63	48	9	63	9	11	43	9	9	63	48	63	63	9	63	63	48	63	9	9	9	63	9	11	63
157	13	4	14	4	20	4	11	9	9	120	11	12	13	14	13	12	4	21	21	20	21	47	110	21	25	26	26	12	144	120	9	49	25	26	90	54	56	45	14	144	9	4	43	133	45	46	47	48	49	144	48	63	46	54	47	56	26	48	46	14	66	66	63	90	120	66	48	63	66	90	91	91	46	54	47	46	12	63	91	43	93	43	160	63	48	14	63	144	120	90	91	91	93	160	144	120	46	46	48	91	25	26	26	9	46	46	47	133	144	110	63	46	26	133	115	63	63	48	91	120	63	139	144	46	47	25	9	11	9	47	9	120	133	160	91	63	54	160	139	54	9	63	120	144	43	46	48	63	46	63	120	9	47	11	9	46	9	120	144	160	144	26	115	56	11	144	9	63	144	120	144	46	9	139	115	139	54	46	47	144	144	120	9	46	120	11	48	144	160	115	63	9	139	139	11	9	144	160	9	43	56	47	144	144	48	11	9	144	120	11	48	63	144	9	11	144	144	54	9	11	46	46	43	9	46	46	144	63	11	144	63	63	139	63	144	46	11	160	54	46	9	9	46	47	9	139	144	93	43	11	47	46	63	48	63	46	9	47	48	9	47	144	63	93	47	9	48	48	63	9	47	63	63	48	46	63	46	11	43	46	46	63	120	63	63	46	63	144	120	144	9	46	9	144	9	11	144
158	60	17	14	4	17	17	31	31	9	196	9	14	14	14	60	60	17	19	19	4	21	31	19	21	26	26	26	60	167	167	31	19	57	57	57	80	80	60	60	196	9	4	43	223	14	9	9	9	21	196	31	167	31	43	31	43	57	141	31	60	19	19	9	57	224	21	196	196	21	26	26	26	9	80	9	196	14	31	57	80	80	80	223	141	167	14	31	167	31	26	26	26	43	200	141	141	214	31	167	57	26	26	26	9	31	167	196	80	224	21	196	9	57	200	43	141	167	196	57	9	167	200	224	192	214	57	31	31	167	167	31	31	43	80	57	9	43	223	43	223	141	167	196	9	43	9	224	224	224	196	224	192	192	9	196	196	196	9	31	43	31	57	80	223	141	141	167	196	167	167	31	167	9	223	223	223	200	141	224	196	224	141	214	214	214	196	9	9	80	200	224	192	80	80	167	196	196	200	167	200	200	141	224	141	141	214	214	192	192	167	31	9	31	214	192	214	9	223	141	196	196	192	223	224	224	224	141	141	192	214	192	31	200	31	167	214	214	43	200	141	167	224	167	196	192	43	9	223	223	224	224	141	141	214	214	192	192	214	192	196	167	192	9	200	141	141	192	224	224	214	192	214	192	214	196	192	224	141	200	167	214	192	214	224	214	141	214	192	192	214	141	192	224	214	224	224	192
159	45	42	14	4	20	42	11	41	9	195	11	14	45	14	45	14	4	24	21	20	21	11	49	24	25	26	27	86	167	195	9	49	25	27	25	43	93	45	86	167	41	42	43	264	45	9	11	11	49	241	11	167	9	43	11	93	26	165	41	14	24	21	9	25	165	21	195	241	24	25	26	27	9	145	11	167	86	9	27	43	93	145	200	141	195	86	41	241	11	25	26	27	93	200	141	165	192	9	195	27	25	26	27	9	41	167	195	93	141	49	167	41	27	264	93	219	167	195	26	11	241	200	219	192	215	25	9	11	167	195	41	11	93	43	26	41	145	279	43	200	141	241	195	9	145	41	165	219	141	167	165	192	215	11	167	241	241	11	9	43	9	26	93	264	165	219	167	241	167	195	41	241	41	200	264	279	200	141	165	167	141	165	192	257	215	195	11	9	145	264	141	192	43	145	195	167	241	279	241	200	264	165	219	141	165	215	257	192	215	195	11	9	41	192	215	192	41	279	219	195	167	257	200	141	219	141	219	141	215	257	192	9	279	41	241	192	215	145	279	219	241	219	167	195	257	145	41	264	279	165	165	141	219	215	257	192	257	215	215	241	195	257	41	264	165	141	215	165	219	257	215	192	192	215	241	257	219	165	279	241	257	257	215	141	192	219	257	192	215	192	219	257	141	257	219	165	257
160	33	6	26	4	5	6	7	8	9	250	11	26	25	26	33	57	17	18	19	20	21	7	32	24	25	26	27	34	141	165	31	32	33	34	33	31	7	33	34	224	41	42	9	250	25	9	11	11	49	242	7	141	31	9	7	11	57	165	8	57	18	19	9	33	250	21	250	242	24	25	26	27	9	8	11	224	27	31	34	31	7	8	224	141	165	27	8	219	7	25	26	27	11	141	141	165	31	31	165	34	25	26	27	9	8	141	250	7	224	49	224	41	34	165	11	219	141	250	57	11	219	141	242	9	7	33	31	7	141	165	8	7	11	31	57	41	41	242	9	224	141	219	250	9	41	41	250	242	224	224	250	9	11	11	224	242	242	11	31	9	31	57	7	250	165	219	141	242	141	165	8	219	41	224	250	242	141	141	250	224	224	165	31	8	7	250	11	9	8	165	224	9	31	8	165	224	242	219	219	141	165	165	242	141	165	7	8	9	11	165	7	9	8	31	11	31	41	242	219	250	224	41	224	224	242	224	219	141	11	8	9	31	219	8	219	31	7	41	219	219	219	242	141	250	41	41	41	250	242	250	250	141	219	7	8	9	41	7	11	242	165	41	41	165	165	141	11	250	242	8	11	31	9	7	242	41	242	165	219	219	8	41	7	224	31	219	8	9	11	31	219	41	224	8	242	250	41
161	45	42	14	4	20	42	11	41	9	210	11	14	45	14	45	14	4	24	21	20	21	11	49	24	25	26	27	86	129	210	9	49	25	27	101	43	93	45	86	129	41	42	43	264	45	9	11	11	49	199	11	129	104	43	154	93	26	165	41	14	24	21	9	25	165	21	210	199	24	101	102	103	104	145	154	129	86	9	103	43	93	145	200	141	195	86	41	199	11	25	26	27	93	200	141	165	152	9	210	27	101	102	103	104	173	129	210	93	141	49	129	41	103	264	93	219	167	195	102	11	199	200	219	152	229	101	104	154	129	210	173	154	93	43	26	41	145	279	43	200	141	241	195	9	145	173	165	219	141	167	278	152	229	154	129	199	199	154	104	43	9	102	93	264	165	219	167	241	167	195	41	199	173	200	264	279	200	141	165	167	266	278	152	245	229	210	154	104	145	264	141	192	43	145	195	167	241	279	199	200	264	165	291	266	278	229	245	152	229	210	154	104	173	192	215	152	41	279	219	195	167	245	200	141	219	266	291	266	229	245	152	104	279	173	241	192	215	145	279	219	241	219	167	195	245	145	173	264	279	165	278	266	291	229	245	192	257	215	215	241	195	245	173	264	278	266	229	278	291	257	215	152	192	215	241	245	291	278	279	241	257	257	215	266	192	291	257	192	215	192	291	257	266	257	291	278	257
162	56	24	43	21	49	24	11	41	9	47	11	54	56	43	56	54	21	24	21	49	21	47	49	24	11	9	41	137	46	47	9	49	11	41	47	54	56	93	145	46	41	24	43	56	93	46	47	11	49	112	11	9	46	54	47	56	9	11	112	43	24	21	9	47	47	21	11	41	24	47	46	112	46	137	47	46	137	9	112	43	93	145	54	9	11	145	41	112	47	47	46	112	93	54	46	47	46	46	11	112	11	9	41	9	112	46	47	56	46	49	9	112	41	56	93	41	9	11	46	47	41	43	112	46	47	11	9	11	9	47	41	47	56	54	46	41	137	137	43	54	9	41	47	46	145	112	11	41	46	9	47	9	47	11	9	112	41	47	46	54	46	9	93	56	11	112	9	41	46	47	112	112	41	43	93	145	54	46	47	46	46	47	9	112	47	11	11	46	137	93	9	9	43	145	11	9	112	137	41	43	56	47	112	46	11	11	41	46	47	11	11	9	112	9	11	46	112	137	41	11	46	112	43	9	112	46	112	9	11	112	9	9	145	41	112	46	11	137	137	112	41	41	46	47	41	145	112	93	145	11	47	46	41	11	41	46	41	47	11	41	47	112	41	93	47	9	11	11	41	41	47	9	9	11	112	41	112	11	145	112	112	41	47	9	9	112	41	46	47	46	41	112	9	112	41	11	112
163	91	4	26	4	4	4	9	9	9	178	9	91	91	26	91	91	4	21	21	4	21	46	21	21	26	26	26	91	178	178	9	21	26	26	91	46	46	26	26	178	9	4	9	178	26	46	46	9	21	178	9	141	46	46	46	46	26	141	46	26	21	21	9	91	178	21	141	141	21	91	91	91	46	46	46	178	91	9	91	9	9	9	178	141	141	26	9	178	46	91	91	91	9	178	178	178	46	46	141	91	26	26	26	9	46	178	178	46	178	21	141	46	26	178	9	141	141	141	91	46	141	141	178	46	46	26	9	9	141	178	9	46	46	46	91	9	46	178	9	178	141	141	178	46	9	46	141	141	178	141	178	9	46	9	141	178	141	46	46	46	46	26	9	178	141	178	141	141	178	178	46	178	9	141	141	141	178	178	178	178	178	178	9	46	46	141	9	46	46	141	141	9	9	9	141	141	178	178	141	141	178	178	178	178	141	9	9	46	46	141	9	9	46	9	9	46	46	178	141	141	178	46	141	141	178	178	178	141	9	46	9	9	141	9	178	46	9	46	178	178	141	141	178	178	9	9	46	141	141	141	178	178	141	9	9	46	9	46	9	141	178	46	9	141	178	141	9	141	141	9	46	9	9	9	178	9	178	141	141	178	46	9	46	141	9	178	9	46	46	46	141	46	141	46	141	141	46
164	26	4	26	4	4	4	9	9	9	63	9	26	26	26	26	26	4	21	21	4	21	9	66	21	26	26	26	26	63	63	9	21	26	26	26	9	9	26	26	63	9	4	9	63	26	9	9	63	21	63	63	63	9	9	9	9	26	63	9	26	66	66	63	26	63	66	63	63	66	26	26	26	9	9	9	9	26	63	26	9	9	9	63	63	63	26	63	63	63	26	26	26	9	63	63	63	9	9	63	26	26	26	26	9	9	9	9	63	63	66	63	9	26	63	63	63	63	63	26	63	63	63	63	9	9	26	9	9	9	9	9	63	63	63	26	63	9	63	63	9	9	63	63	63	9	9	63	63	9	63	63	9	9	9	9	9	9	63	63	63	63	26	63	9	9	63	9	63	63	63	63	9	9	63	63	63	9	9	9	63	63	63	9	9	63	9	63	63	63	63	63	9	63	63	9	9	63	63	9	9	9	9	63	63	63	9	9	63	63	9	63	63	63	9	9	63	63	9	9	9	9	9	9	9	9	9	63	63	9	63	63	63	63	63	63	9	9	63	9	9	9	9	9	9	9	63	63	9	9	9	9	9	63	63	63	9	9	9	63	9	9	63	63	9	9	9	63	63	63	9	9	63	63	63	9	63	9	9	9	9	9	63	63	63	63	9	63	63	63	63	9	9	9	63	9	9	63
165	16	17	14	4	17	17	31	31	9	216	9	12	12	14	16	16	17	19	19	4	21	98	62	21	26	26	26	16	208	208	31	19	57	57	119	36	36	60	60	216	9	4	43	134	14	46	46	63	21	216	78	231	53	54	53	54	57	63	98	60	62	62	63	135	161	66	272	272	66	71	71	71	73	36	73	97	12	78	119	80	80	80	134	63	273	14	78	208	161	91	91	91	43	160	144	144	97	98	231	135	102	102	102	104	53	124	97	134	161	66	272	46	162	160	139	63	273	285	119	144	231	139	161	124	97	162	127	127	152	124	127	159	160	134	135	63	54	134	139	36	9	273	290	144	43	73	78	78	98	285	159	152	124	104	183	97	183	188	159	160	161	162	193	36	9	144	192	285	288	288	161	124	104	193	193	193	54	46	98	290	159	188	183	97	216	183	212	188	134	139	78	192	193	193	192	214	290	160	152	43	54	46	159	188	212	183	183	208	208	152	232	212	159	214	192	216	144	36	9	214	236	124	80	31	98	53	188	212	152	216	231	232	139	232	288	236	214	160	54	46	192	31	256	236	152	139	188	80	80	31	53	73	212	272	272	256	192	236	273	214	256	208	212	43	73	104	231	232	232	214	256	272	273	285	236	231	53	104	43	256	236	273	290	232	285	73	285	288	288	290	104	256	127	290	127	127	288
166	38	17	14	4	5	17	7	31	9	206	11	14	45	14	38	60	17	19	19	20	21	7	32	21	25	26	26	60	152	229	31	32	33	57	126	80	81	38	60	183	9	4	43	81	45	9	11	11	49	183	7	152	127	43	128	93	57	11	31	60	19	19	9	33	7	21	206	183	21	101	102	102	104	80	154	183	14	31	162	80	81	80	80	9	215	14	31	152	7	25	26	26	93	43	9	11	183	31	229	57	101	102	102	104	127	152	206	81	31	49	183	9	162	93	93	9	192	237	162	11	152	43	31	152	206	126	127	128	152	229	127	128	93	80	57	9	43	80	43	80	9	192	237	9	43	104	7	31	31	214	128	152	229	154	183	183	183	154	127	43	31	162	81	81	11	9	192	214	192	215	31	152	104	80	81	80	43	9	7	214	127	154	183	183	206	206	154	104	80	93	31	192	80	80	215	214	214	43	152	43	93	11	127	104	154	206	183	152	229	229	128	104	127	214	215	183	9	80	9	237	214	152	80	31	31	127	104	104	229	183	152	127	43	127	192	214	237	43	43	9	192	31	192	237	152	43	104	81	80	7	128	104	104	206	183	192	192	237	215	214	215	152	104	93	154	104	229	128	127	214	215	183	192	237	214	152	127	154	43	192	214	192	237	127	214	104	214	192	215	214	104	192	127	214	127	128	192
167	15	6	14	4	5	6	7	8	9	132	11	12	13	14	15	16	17	18	19	20	21	22	23	24	25	26	27	28	188	158	31	32	33	34	35	36	37	38	39	159	41	42	43	108	45	46	47	48	49	213	51	212	53	54	55	56	57	48	59	60	61	62	63	64	89	66	211	234	69	70	71	72	73	74	75	53	77	78	79	80	81	82	134	63	48	86	87	247	89	90	91	92	93	160	144	120	53	98	187	100	101	102	103	104	105	73	55	108	161	110	232	112	113	133	115	136	63	51	119	120	263	139	171	73	55	126	127	128	104	75	131	132	133	134	135	136	137	189	139	36	9	136	89	144	145	146	51	87	98	78	132	104	75	154	127	105	131	158	159	160	161	162	163	37	11	217	9	87	144	120	171	146	173	193	163	194	54	46	22	161	159	158	127	105	132	128	187	188	189	115	78	9	193	194	11	31	171	238	173	43	56	47	213	188	187	128	131	188	158	154	211	212	213	31	11	159	217	74	41	7	98	146	80	31	59	53	247	212	154	213	212	232	246	234	217	98	7	238	137	112	41	8	46	22	173	246	247	81	82	7	55	73	263	211	234	46	41	22	48	8	47	247	263	93	75	104	187	211	234	8	47	232	63	51	59	263	105	154	145	112	59	136	89	232	78	146	87	144	120	161	173	112	127	171	131	128	217
168	13	4	14	4	20	4	11	9	9	75	11	12	13	14	13	12	4	21	21	20	21	47	49	21	25	26	26	12	73	75	9	49	25	26	70	54	56	45	14	73	9	4	43	56	45	46	47	11	49	73	11	104	73	54	75	56	26	11	46	14	21	21	9	90	47	21	154	104	21	70	71	71	73	54	75	73	12	9	71	43	93	43	54	9	11	14	9	73	47	90	91	91	93	54	46	47	73	46	154	91	101	102	102	104	73	73	75	56	46	49	104	46	102	56	93	9	9	11	71	47	104	43	46	73	75	101	104	154	104	75	104	75	56	54	91	9	54	54	43	54	9	9	47	46	43	73	11	9	46	9	75	104	75	154	104	73	104	75	73	54	46	102	93	56	11	46	9	9	46	47	46	73	104	43	93	43	54	46	47	46	73	75	104	73	75	154	154	73	54	93	9	9	43	43	11	9	46	54	104	43	56	47	73	73	154	154	104	73	75	154	154	104	73	9	11	73	46	54	9	11	46	73	43	9	46	73	73	104	154	73	104	104	43	104	46	46	11	54	54	46	9	9	46	47	104	43	73	93	43	11	75	73	104	154	104	46	9	47	11	9	47	73	104	93	75	104	154	154	104	9	47	104	9	11	46	104	73	154	43	46	46	9	47	104	9	73	9	46	47	46	104	46	104	46	104	154	46
169	38	6	14	4	5	6	7	8	9	128	11	14	45	14	38	60	17	18	19	20	21	7	32	24	25	26	27	39	104	154	31	32	33	34	126	80	81	38	39	127	41	42	43	81	45	9	11	11	49	131	7	104	127	43	128	93	57	11	8	60	18	19	9	33	7	21	128	131	24	101	102	103	104	82	154	127	86	31	113	80	81	82	80	9	11	86	8	173	7	25	26	27	93	43	9	11	127	31	154	34	101	102	103	104	131	104	128	81	31	49	127	41	113	93	93	41	9	7	162	11	173	43	8	104	128	126	127	128	104	154	131	128	93	80	57	41	145	82	43	80	9	41	7	9	145	173	7	8	31	31	128	104	154	154	127	131	131	154	127	43	31	162	81	81	11	41	9	8	9	11	8	173	173	80	81	82	43	9	7	31	127	154	127	131	128	128	154	104	82	93	31	9	80	82	11	31	8	145	173	43	93	11	131	104	154	128	131	104	154	154	128	104	131	31	11	127	41	82	41	7	31	173	80	31	8	127	173	104	154	131	104	127	145	131	41	31	7	145	145	41	41	8	9	7	173	145	173	81	82	7	128	104	173	128	131	9	41	7	11	8	11	173	173	93	154	104	154	128	131	8	11	127	9	7	8	173	131	154	145	41	8	41	7	127	31	173	8	9	11	31	173	41	127	8	131	128	41
170	60	17	14	4	17	17	31	31	9	127	9	14	14	14	60	60	17	19	19	4	21	31	19	21	26	26	26	60	104	104	31	19	57	57	162	80	80	60	60	127	9	4	43	80	14	9	9	9	21	127	31	104	127	43	127	43	57	9	31	60	19	19	9	57	31	21	127	127	21	102	102	102	104	80	104	127	14	31	162	80	80	80	80	9	9	14	31	104	31	26	26	26	43	43	9	9	127	31	104	57	102	102	102	104	127	104	127	80	31	21	127	9	162	43	43	9	9	31	162	9	104	43	31	104	127	162	127	127	104	104	127	127	43	80	57	9	43	80	43	80	9	9	31	9	43	104	31	31	31	31	127	104	104	104	127	127	127	104	127	43	31	162	80	80	9	9	9	31	9	9	31	104	104	80	80	80	43	9	31	31	127	104	127	127	127	127	104	104	80	43	31	9	80	80	9	31	31	43	104	43	43	9	127	104	104	127	127	104	104	104	127	104	127	31	9	127	9	80	9	31	31	104	80	31	31	127	104	104	104	127	104	127	43	127	9	31	31	43	43	9	9	31	9	31	104	43	104	80	80	31	127	104	104	127	127	9	9	31	9	31	9	104	104	43	104	104	104	127	127	31	9	127	9	31	31	104	127	104	43	9	31	9	31	127	31	104	31	9	9	31	104	9	127	31	127	127	9
171	45	4	14	4	20	4	11	9	9	210	11	14	45	14	45	14	4	21	21	20	21	11	49	21	25	26	26	14	129	210	9	49	25	26	101	43	93	45	14	129	9	4	43	264	45	9	11	11	49	129	11	129	104	43	154	93	26	165	9	14	21	21	9	25	165	21	210	129	21	101	102	102	104	43	154	129	14	9	102	43	93	43	200	141	195	14	9	129	11	25	26	26	93	200	141	165	152	9	210	26	101	102	102	104	104	129	210	93	141	49	129	9	102	264	93	141	167	195	102	11	129	200	141	152	229	101	104	154	129	210	104	154	93	43	26	9	43	200	43	200	141	167	195	9	43	104	165	141	141	167	278	152	229	154	129	129	129	154	104	43	9	102	93	264	165	141	167	167	167	195	9	129	104	200	264	200	200	141	165	167	266	278	152	152	229	210	154	104	43	264	141	192	43	43	195	167	167	200	129	200	264	165	266	266	278	229	152	152	229	210	154	104	104	192	215	152	9	200	141	195	167	152	200	141	141	266	266	266	229	152	152	104	200	104	167	192	215	43	200	141	167	141	167	195	152	43	104	264	200	165	278	266	266	229	152	192	192	215	215	167	195	152	104	264	278	266	229	278	266	192	215	152	192	215	167	152	266	278	200	167	192	192	215	266	192	266	192	192	215	192	266	192	266	192	266	278	192
172	38	17	14	4	5	17	7	31	9	51	11	14	45	14	38	60	17	19	19	20	21	7	23	21	25	26	26	60	63	48	31	32	33	57	33	80	81	38	60	78	9	4	43	163	45	9	11	48	49	78	51	63	31	43	7	93	57	48	31	60	62	62	63	33	51	66	51	78	66	25	26	26	9	80	11	31	14	78	57	80	81	80	193	63	48	14	78	63	51	25	26	26	93	139	63	48	31	31	48	57	25	26	26	9	31	9	7	163	78	110	78	9	57	115	115	63	63	51	57	48	63	139	78	9	7	33	31	7	9	11	31	51	115	193	57	63	43	193	139	80	9	63	51	63	43	9	51	78	31	78	51	9	11	11	31	31	31	48	78	139	78	57	163	81	11	63	9	78	63	48	78	9	9	193	163	193	43	9	7	78	78	48	31	31	51	7	48	63	193	115	78	9	193	193	11	31	78	139	9	43	93	11	78	63	48	7	31	63	48	11	51	63	78	31	11	78	63	80	9	7	31	9	80	31	31	31	63	63	11	78	63	78	139	78	63	31	7	139	43	9	9	31	9	7	9	139	63	81	80	7	7	9	63	51	78	9	9	7	48	31	11	63	63	93	11	9	48	51	78	31	11	78	63	51	31	63	31	11	43	9	31	63	51	78	78	9	78	63	48	78	9	9	31	78	31	7	63
173	15	17	14	4	5	17	7	31	9	143	11	12	13	14	15	16	17	19	19	20	21	22	23	21	25	26	26	16	169	170	31	32	33	57	64	36	37	38	60	180	9	4	43	44	45	46	47	48	49	180	51	117	98	54	22	56	57	58	98	60	62	62	63	64	65	66	118	150	66	90	91	91	46	36	47	221	12	78	135	80	81	80	83	84	85	14	78	169	89	90	91	91	93	94	95	96	236	98	85	135	25	26	26	9	98	243	244	108	109	110	150	46	57	114	115	84	117	118	135	120	117	122	109	256	258	33	31	7	167	261	31	89	133	134	135	63	54	83	139	140	141	117	143	144	43	46	147	191	149	150	65	192	271	11	196	221	196	120	161	160	161	57	163	164	165	95	167	150	169	170	161	243	9	174	175	174	177	178	179	180	109	96	214	236	283	220	48	144	134	190	191	192	193	193	195	196	180	94	167	200	201	202	109	95	58	237	214	288	289	195	51	63	161	214	215	290	144	140	141	220	221	256	223	224	149	149	95	84	215	290	273	78	122	78	169	236	237	160	177	178	167	224	243	244	192	139	144	248	223	250	179	178	84	274	285	256	192	258	259	196	261	288	63	264	202	141	259	147	191	214	271	285	273	274	221	273	149	165	200	243	236	273	283	191	285	178	285	288	289	290	141	256	224	290	224	250	288
174	90	42	26	4	20	42	11	41	9	47	11	91	90	26	90	91	4	24	21	20	21	47	49	24	25	26	27	92	46	47	9	49	25	27	90	46	47	25	27	46	41	42	9	47	25	46	47	11	49	112	11	9	46	46	47	47	26	11	112	26	24	21	9	90	47	21	11	41	24	90	91	92	46	112	47	46	92	9	92	9	11	41	46	9	11	27	41	112	47	90	91	92	11	46	46	47	46	46	11	92	25	26	27	9	112	46	47	47	46	49	9	112	27	47	11	41	9	11	91	47	41	9	112	46	47	25	9	11	9	47	41	47	47	46	91	41	112	112	9	46	9	41	47	46	41	112	11	41	46	9	47	9	47	11	9	112	41	47	46	46	46	26	11	47	11	112	9	41	46	47	112	112	41	9	11	41	46	46	47	46	46	47	9	112	47	11	11	46	112	11	9	9	9	41	11	9	112	112	41	9	47	47	112	46	11	11	41	46	47	11	11	9	112	9	11	46	112	112	41	11	46	112	9	9	112	46	112	9	11	112	9	9	41	41	112	46	11	112	112	112	41	41	46	47	41	41	112	11	41	11	47	46	41	11	41	46	41	47	11	41	47	112	41	11	47	9	11	11	41	41	47	9	9	11	112	41	112	11	41	112	112	41	47	9	9	112	41	46	47	46	41	112	9	112	41	11	112
175	91	4	26	4	4	4	9	9	9	46	9	91	91	26	91	91	4	21	21	4	21	46	21	21	26	26	26	91	46	46	9	21	26	26	91	46	46	26	26	46	9	4	9	46	26	46	46	9	21	46	9	9	46	46	46	46	26	9	46	26	21	21	9	91	46	21	9	9	21	91	91	91	46	46	46	46	91	9	91	9	9	9	46	9	9	26	9	46	46	91	91	91	9	46	46	46	46	46	9	91	26	26	26	9	46	46	46	46	46	21	9	46	26	46	9	9	9	9	91	46	9	9	46	46	46	26	9	9	9	46	9	46	46	46	91	9	46	46	9	46	9	9	46	46	9	46	9	9	46	9	46	9	46	9	9	46	9	46	46	46	46	26	9	46	9	46	9	9	46	46	46	46	9	9	9	9	46	46	46	46	46	46	9	46	46	9	9	46	46	9	9	9	9	9	9	9	46	46	9	9	46	46	46	46	9	9	9	46	46	9	9	9	46	9	9	46	46	46	9	9	46	46	9	9	46	46	46	9	9	46	9	9	9	9	46	46	9	46	46	46	9	9	46	46	9	9	46	9	9	9	46	46	9	9	9	46	9	46	9	9	46	46	9	9	46	9	9	9	9	9	46	9	9	9	46	9	46	9	9	46	46	9	46	9	9	46	9	46	46	46	9	46	9	46	9	9	46
176	90	4	26	4	20	4	11	9	9	47	11	91	90	26	90	91	4	21	21	20	21	47	49	21	25	26	26	91	46	47	9	49	25	26	90	46	47	25	26	46	9	4	9	47	25	46	47	11	49	46	11	9	46	46	47	47	26	11	46	26	21	21	9	90	47	21	11	9	21	90	91	91	46	46	47	46	91	9	91	9	11	9	46	9	11	26	9	46	47	90	91	91	11	46	46	47	46	46	11	91	25	26	26	9	46	46	47	47	46	49	9	46	26	47	11	9	9	11	91	47	9	9	46	46	47	25	9	11	9	47	9	47	47	46	91	9	46	46	9	46	9	9	47	46	9	46	11	9	46	9	47	9	47	11	9	46	9	47	46	46	46	26	11	47	11	46	9	9	46	47	46	46	9	9	11	9	46	46	47	46	46	47	9	46	47	11	11	46	46	11	9	9	9	9	11	9	46	46	9	9	47	47	46	46	11	11	9	46	47	11	11	9	46	9	11	46	46	46	9	11	46	46	9	9	46	46	46	9	11	46	9	9	9	9	46	46	11	46	46	46	9	9	46	47	9	9	46	11	9	11	47	46	9	11	9	46	9	47	11	9	47	46	9	11	47	9	11	11	9	9	47	9	9	11	46	9	46	11	9	46	46	9	47	9	9	46	9	46	47	46	9	46	9	46	9	11	46
177	33	6	26	4	5	6	7	8	9	51	11	26	25	26	33	57	17	18	19	20	21	7	23	24	25	26	27	34	63	48	31	32	33	34	33	31	7	33	34	78	41	42	9	51	25	9	11	48	49	87	51	63	31	9	7	11	57	48	8	57	61	62	63	33	51	66	51	87	69	25	26	27	9	8	11	31	27	78	34	31	7	8	78	63	48	27	87	136	51	25	26	27	11	63	63	48	31	31	48	34	25	26	27	9	8	9	7	51	78	110	78	41	34	48	48	136	63	51	57	48	136	63	87	9	7	33	31	7	9	11	8	51	48	78	57	136	41	87	63	31	9	136	51	63	41	41	51	87	31	78	51	9	11	11	31	8	8	48	78	63	78	57	51	7	11	136	9	87	63	48	87	41	41	78	51	87	9	9	7	78	78	48	31	8	51	7	48	63	87	48	78	9	78	87	11	31	87	136	41	9	11	11	87	63	48	7	8	63	48	11	51	63	87	31	11	78	136	8	41	7	31	41	31	31	8	31	136	63	11	87	63	78	136	87	136	31	7	136	41	41	41	8	9	7	41	136	136	7	8	7	7	9	136	51	87	9	41	7	48	8	11	136	136	11	11	9	48	51	87	8	11	78	63	51	8	136	8	11	41	41	8	136	51	78	78	41	87	63	48	78	41	41	31	87	8	7	136
178	38	6	14	4	5	6	7	8	9	254	11	14	45	14	38	60	17	18	19	20	21	7	23	24	25	26	27	39	231	267	31	32	33	34	126	80	81	38	39	272	41	42	43	163	45	9	11	48	49	255	51	231	127	43	128	93	57	48	8	60	61	62	63	33	51	66	254	255	69	101	102	103	104	82	154	183	86	78	113	80	81	82	193	63	259	86	87	276	51	25	26	27	93	139	63	48	183	31	267	34	101	102	103	104	131	152	206	163	78	110	272	41	113	115	115	136	273	274	162	48	276	139	87	152	206	126	127	128	152	229	131	211	115	193	57	136	145	194	139	80	9	282	274	63	145	173	51	87	31	285	211	152	229	154	183	207	207	187	232	139	78	162	163	81	11	136	192	287	273	259	87	245	173	193	163	194	43	9	7	285	232	187	183	207	254	206	187	212	194	115	78	192	193	194	215	214	287	246	245	43	93	11	234	212	187	206	207	231	267	229	211	212	234	214	215	272	136	82	41	237	214	245	80	31	8	127	263	212	229	255	231	232	246	234	282	214	237	246	145	41	257	8	192	237	245	246	263	81	82	7	128	104	263	254	255	192	257	237	259	270	215	276	263	93	154	104	267	211	234	270	215	272	273	274	270	276	131	154	145	257	270	282	274	232	285	173	287	273	259	285	173	257	127	287	131	128	282
179	14	4	14	4	4	4	9	9	9	231	9	14	14	14	14	14	4	21	21	4	21	9	66	21	26	26	26	14	231	231	9	21	26	26	102	43	43	14	14	231	9	4	43	139	14	9	9	63	21	231	63	231	104	43	104	43	26	63	9	14	66	66	63	26	63	66	231	231	66	102	102	102	104	43	104	152	14	63	102	43	43	43	139	63	273	14	63	231	63	26	26	26	43	139	63	63	152	9	231	26	102	102	102	104	104	152	152	139	63	66	231	9	102	139	139	63	273	273	102	63	231	139	63	152	152	102	104	104	152	152	104	212	139	139	26	63	43	139	139	43	9	273	273	63	43	104	63	63	9	273	212	152	152	104	152	152	152	212	212	139	63	102	139	43	9	63	192	273	273	273	63	152	104	139	139	139	43	9	9	273	212	212	152	152	231	152	212	212	139	139	63	192	139	139	192	192	273	139	152	43	43	9	212	212	212	152	152	231	231	152	212	212	212	192	192	231	63	43	9	192	192	152	43	9	9	104	212	212	152	231	231	212	139	212	273	192	192	139	43	9	192	9	192	192	152	139	212	43	43	9	104	104	212	231	231	192	192	192	273	192	192	231	212	43	104	104	231	212	212	192	192	231	273	273	192	231	104	104	43	192	192	273	273	212	273	104	273	273	273	273	104	192	104	273	104	104	273
180	45	42	14	4	20	42	11	41	9	154	11	14	45	14	45	14	4	24	21	20	21	11	49	24	25	26	27	86	104	154	9	49	25	27	101	43	93	45	86	104	41	42	43	93	45	9	11	11	49	173	11	104	104	43	154	93	26	11	41	14	24	21	9	25	11	21	154	173	24	101	102	103	104	145	154	104	86	9	103	43	93	145	43	9	11	86	41	173	11	25	26	27	93	43	9	11	104	9	154	27	101	102	103	104	173	104	154	93	9	49	104	41	103	93	93	41	9	11	102	11	173	43	41	104	154	101	104	154	104	154	173	154	93	43	26	41	145	145	43	43	9	41	11	9	145	173	11	41	9	9	154	104	154	154	104	173	173	154	104	43	9	102	93	93	11	41	9	41	9	11	41	173	173	43	93	145	43	9	11	9	104	154	104	173	154	154	154	104	145	93	9	9	43	145	11	9	41	145	173	43	93	11	173	104	154	154	173	104	154	154	154	104	173	9	11	104	41	145	41	11	9	173	43	9	41	104	173	104	154	173	104	104	145	173	41	9	11	145	145	41	41	41	9	11	173	145	173	93	145	11	154	104	173	154	173	9	41	11	11	41	11	173	173	93	154	104	154	154	173	41	11	104	9	11	41	173	173	154	145	41	41	41	11	104	9	173	41	9	11	9	173	41	104	41	173	154	41
181	45	42	14	4	20	42	11	41	9	215	11	14	45	14	45	14	4	24	21	20	21	11	49	24	25	26	27	86	192	215	9	49	25	27	25	43	93	45	86	192	41	42	43	93	45	9	11	11	49	257	11	192	9	43	11	93	26	11	41	14	24	21	9	25	11	21	215	257	24	25	26	27	9	145	11	192	86	9	27	43	93	145	43	9	215	86	41	257	11	25	26	27	93	43	9	11	192	9	215	27	25	26	27	9	41	192	215	93	9	49	192	41	27	93	93	41	192	215	26	11	257	43	41	192	215	25	9	11	192	215	41	11	93	43	26	41	145	145	43	43	9	257	215	9	145	41	11	41	9	192	11	192	215	11	192	257	257	11	9	43	9	26	93	93	11	41	192	257	192	215	41	257	41	43	93	145	43	9	11	192	9	11	192	257	215	215	11	9	145	93	9	192	43	145	215	192	257	145	257	43	93	11	41	9	11	215	257	192	215	215	11	9	41	192	215	192	41	145	41	215	192	257	43	9	41	9	41	9	215	257	192	9	145	41	257	192	215	145	145	41	257	41	192	215	257	145	41	93	145	11	11	9	41	215	257	192	257	215	215	257	215	257	41	93	11	9	215	11	41	257	215	192	192	215	257	257	41	11	145	257	257	257	215	9	192	41	257	192	215	192	41	257	9	257	41	11	257
182	60	17	14	4	17	17	31	31	9	214	9	14	14	14	60	60	17	19	19	4	21	31	19	21	26	26	26	60	192	192	31	19	57	57	57	80	80	60	60	214	9	4	43	80	14	9	9	9	21	214	31	192	31	43	31	43	57	9	31	60	19	19	9	57	31	21	214	214	21	26	26	26	9	80	9	214	14	31	57	80	80	80	80	9	192	14	31	192	31	26	26	26	43	43	9	9	214	31	192	57	26	26	26	9	31	192	214	80	31	21	214	9	57	43	43	9	192	214	57	9	192	43	31	192	214	57	31	31	192	192	31	31	43	80	57	9	43	80	43	80	9	192	214	9	43	9	31	31	31	214	31	192	192	9	214	214	214	9	31	43	31	57	80	80	9	9	192	214	192	192	31	192	9	80	80	80	43	9	31	214	31	9	214	214	214	214	9	9	80	43	31	192	80	80	192	214	214	43	192	43	43	9	31	9	9	214	214	192	192	192	31	9	31	214	192	214	9	80	9	214	214	192	80	31	31	31	9	9	192	214	192	31	43	31	192	214	214	43	43	9	192	31	192	214	192	43	9	80	80	31	31	9	9	214	214	192	192	214	192	214	192	192	9	43	9	9	192	31	31	214	192	214	192	214	214	192	31	9	43	192	214	192	214	31	214	9	214	192	192	214	9	192	31	214	31	31	192
183	13	42	14	4	20	42	11	41	9	96	11	12	13	14	13	12	4	24	21	20	21	47	110	24	25	26	27	77	95	96	9	49	25	27	90	54	56	45	86	95	41	42	43	114	45	46	47	48	49	166	48	84	46	54	47	56	26	58	112	14	69	66	63	90	96	66	58	116	69	90	91	92	46	137	47	178	77	63	92	43	93	145	94	84	58	86	136	166	120	90	91	92	93	94	95	96	46	46	58	92	25	26	27	9	112	178	202	133	95	110	84	112	27	114	115	116	84	58	91	120	116	122	166	46	47	25	9	11	141	202	41	120	133	160	91	136	137	198	139	177	141	116	96	144	145	112	58	116	178	84	96	9	47	11	141	240	219	120	144	160	144	26	115	201	165	166	141	116	95	96	217	240	41	122	190	233	177	178	202	95	95	96	9	112	120	165	48	144	238	190	84	9	139	246	165	141	166	198	219	200	201	202	166	95	58	11	41	144	120	165	48	63	217	9	11	144	217	239	219	165	178	112	200	141	240	178	166	84	11	217	63	63	233	136	166	46	11	238	239	240	219	219	178	202	41	246	217	264	279	165	202	178	116	48	136	46	41	47	48	219	202	217	136	264	202	141	48	58	116	41	47	63	63	48	240	136	240	165	279	240	112	136	120	84	63	240	136	144	120	144	219	112	141	217	219	165	217
184	45	4	14	4	20	4	11	9	9	58	11	14	45	14	45	14	4	21	21	20	21	11	110	21	25	26	26	14	84	58	9	49	25	26	25	43	93	45	14	84	9	4	43	190	45	9	11	48	49	84	48	84	9	43	11	93	26	58	9	14	66	66	63	25	58	66	58	84	66	25	26	26	9	43	11	141	14	63	26	43	93	43	122	84	58	14	63	84	48	25	26	26	93	122	84	58	9	9	58	26	25	26	26	9	9	141	165	115	84	110	84	9	26	190	115	84	84	58	26	48	84	122	84	9	11	25	9	11	141	165	9	48	115	139	26	63	43	122	139	200	141	84	58	63	43	9	58	84	141	84	58	9	11	11	141	141	141	48	63	139	63	26	115	264	165	84	141	84	84	58	63	141	9	122	190	122	200	141	165	84	84	58	9	9	48	165	48	63	139	190	84	9	139	139	165	141	84	122	141	200	264	165	84	84	58	11	9	63	48	165	48	63	63	9	11	63	63	200	141	165	141	9	200	141	141	141	84	84	11	63	63	63	122	63	84	9	11	139	200	141	141	141	141	165	9	139	63	264	200	165	165	141	84	48	63	9	9	11	48	141	165	63	63	264	165	141	48	58	84	9	11	63	63	48	141	63	141	165	200	141	9	63	48	84	63	141	63	63	48	63	141	9	141	63	141	165	63
185	14	4	14	4	4	4	9	9	9	141	9	14	14	14	14	14	4	21	21	4	21	9	21	21	26	26	26	14	141	141	9	21	26	26	26	43	43	14	14	141	9	4	43	200	14	9	9	9	21	141	9	141	9	43	9	43	26	141	9	14	21	21	9	26	141	21	141	141	21	26	26	26	9	43	9	141	14	9	26	43	43	43	200	141	141	14	9	141	9	26	26	26	43	200	141	141	9	9	141	26	26	26	26	9	9	141	141	43	141	21	141	9	26	200	43	141	141	141	26	9	141	200	141	9	9	26	9	9	141	141	9	9	43	43	26	9	43	200	43	200	141	141	141	9	43	9	141	141	141	141	141	9	9	9	141	141	141	9	9	43	9	26	43	200	141	141	141	141	141	141	9	141	9	200	200	200	200	141	141	141	141	141	9	9	9	141	9	9	43	200	141	9	43	43	141	141	141	200	141	200	200	141	141	141	141	9	9	9	9	141	9	9	9	9	9	9	9	200	141	141	141	9	200	141	141	141	141	141	9	9	9	9	200	9	141	9	9	43	200	141	141	141	141	141	9	43	9	200	200	141	141	141	141	9	9	9	9	9	9	141	141	9	9	200	141	141	9	141	141	9	9	9	9	9	141	9	141	141	200	141	9	9	9	141	9	141	9	9	9	9	141	9	141	9	141	141	9
186	12	4	14	4	4	4	9	9	9	144	9	12	12	14	12	12	4	21	21	4	21	46	66	21	26	26	26	12	144	144	9	21	26	26	91	54	54	14	14	144	9	4	43	160	14	46	46	63	21	144	63	63	46	54	46	54	26	63	46	14	66	66	63	91	144	66	63	63	66	91	91	91	46	54	46	46	12	63	91	43	43	43	160	63	63	14	63	144	144	91	91	91	43	160	144	144	46	46	63	91	26	26	26	9	46	46	46	160	144	66	63	46	26	160	139	63	63	63	91	144	63	139	144	46	46	26	9	9	9	46	9	144	160	160	91	63	54	160	139	54	9	63	144	144	43	46	63	63	46	63	144	9	46	9	9	46	9	144	144	160	144	26	139	54	9	144	9	63	144	144	144	46	9	139	139	139	54	46	46	144	144	144	9	46	144	9	63	144	160	139	63	9	139	139	9	9	144	160	9	43	54	46	144	144	63	9	9	144	144	9	63	63	144	9	9	144	144	54	9	9	46	46	43	9	46	46	144	63	9	144	63	63	139	63	144	46	9	160	54	46	9	9	46	46	9	139	144	43	43	9	46	46	63	63	63	46	9	46	63	9	46	144	63	43	46	9	63	63	63	9	46	63	63	63	46	63	46	9	43	46	46	63	144	63	63	46	63	144	144	144	9	46	9	144	9	9	144
187	16	17	14	4	17	17	31	31	9	221	9	12	12	14	16	16	17	19	19	4	21	98	19	21	26	26	26	16	243	243	31	19	57	57	135	36	36	60	60	221	9	4	43	140	14	46	46	9	21	221	31	167	98	54	98	54	57	141	98	60	19	19	9	135	149	21	196	196	21	91	91	91	46	36	46	221	12	31	135	80	80	80	140	141	167	14	31	243	98	91	91	91	43	177	178	178	236	98	167	135	26	26	26	9	98	243	221	36	149	21	196	46	57	177	43	141	167	196	135	46	167	200	149	256	236	57	31	31	167	243	31	98	54	36	135	9	54	140	43	140	141	167	221	46	43	46	224	224	149	196	149	192	256	9	196	221	196	46	98	54	98	57	80	140	141	178	167	196	243	243	98	243	9	223	223	223	177	178	149	221	149	178	214	236	236	196	9	46	36	200	224	192	80	80	167	196	221	177	167	200	177	178	149	178	141	214	214	256	256	167	31	9	98	214	192	236	46	140	141	196	221	256	223	224	149	149	178	141	192	236	192	31	200	31	243	236	214	54	177	178	167	224	243	221	192	43	46	223	223	224	149	178	141	214	214	256	192	236	192	196	243	256	9	200	178	141	192	224	224	214	256	214	192	214	221	192	149	141	200	243	236	192	236	224	214	178	214	256	256	236	141	256	224	236	224	224	256
188	38	6	14	4	5	6	7	8	9	220	11	14	45	14	38	60	17	18	19	20	21	7	32	24	25	26	27	39	167	195	31	32	33	34	33	80	81	38	39	196	41	42	43	248	45	9	11	11	49	260	7	167	31	43	7	93	57	165	8	60	18	19	9	33	250	21	220	260	24	25	26	27	9	82	11	196	86	31	34	80	81	82	223	141	195	86	8	241	7	25	26	27	93	200	141	165	214	31	195	34	25	26	27	9	8	167	220	81	224	49	196	41	34	264	93	219	167	220	57	11	241	200	242	192	237	33	31	7	167	195	8	7	93	80	57	41	145	249	43	223	141	241	220	9	145	41	250	242	224	196	250	192	215	11	196	260	260	11	31	43	31	57	81	248	165	219	167	260	167	195	8	241	41	223	248	249	200	141	250	196	224	165	214	270	237	220	11	9	82	264	224	192	80	82	195	196	260	279	241	200	264	165	242	141	165	237	270	192	215	195	7	9	8	214	215	214	41	249	219	220	196	257	223	224	242	224	219	141	215	270	192	31	279	8	241	214	237	145	279	219	241	242	167	220	257	145	41	248	249	250	250	141	219	237	270	192	257	237	215	260	195	257	41	264	165	141	215	250	242	270	215	214	192	237	260	257	242	165	279	241	270	257	237	224	214	219	270	192	215	214	219	257	224	270	242	250	257
189	25	4	26	4	20	4	11	9	9	165	11	26	25	26	25	26	4	21	21	20	21	11	49	21	25	26	26	26	141	165	9	49	25	26	25	9	11	25	26	141	9	4	9	165	25	9	11	11	49	141	11	141	9	9	11	11	26	165	9	26	21	21	9	25	165	21	165	141	21	25	26	26	9	9	11	141	26	9	26	9	11	9	141	141	165	26	9	141	11	25	26	26	11	141	141	165	9	9	165	26	25	26	26	9	9	141	165	11	141	49	141	9	26	165	11	141	141	165	26	11	141	141	141	9	11	25	9	11	141	165	9	11	11	9	26	9	9	141	9	141	141	141	165	9	9	9	165	141	141	141	165	9	11	11	141	141	141	11	9	9	9	26	11	165	165	141	141	141	141	165	9	141	9	141	165	141	141	141	165	141	141	165	9	9	11	165	11	9	9	165	141	9	9	9	165	141	141	141	141	141	165	165	141	141	165	11	9	9	11	165	11	9	9	9	11	9	9	141	141	165	141	9	141	141	141	141	141	141	11	9	9	9	141	9	141	9	11	9	141	141	141	141	141	165	9	9	9	165	141	165	165	141	141	11	9	9	9	11	11	141	165	9	9	165	165	141	11	165	141	9	11	9	9	11	141	9	141	165	141	141	9	9	11	141	9	141	9	9	11	9	141	9	141	9	141	165	9
190	135	17	26	4	17	17	31	31	9	98	9	91	91	26	135	135	17	19	19	4	21	98	19	21	26	26	26	135	46	46	31	19	57	57	135	98	98	57	57	98	9	4	9	98	26	46	46	9	21	98	31	9	98	46	98	46	57	9	98	57	19	19	9	135	98	21	31	31	21	91	91	91	46	98	46	98	91	31	135	31	31	31	98	9	9	26	31	46	98	91	91	91	9	46	46	46	98	98	9	135	26	26	26	9	98	46	98	98	98	21	31	46	57	46	9	9	9	31	135	46	9	9	98	46	98	57	31	31	9	46	31	98	46	98	135	9	46	98	9	98	9	9	98	46	9	46	31	31	98	31	98	9	46	9	31	98	31	46	98	46	98	57	31	98	9	46	9	31	46	46	98	46	9	31	31	31	46	46	98	98	98	46	31	98	98	31	9	46	98	9	31	9	31	31	9	31	98	46	9	9	46	46	98	46	9	31	31	46	46	9	31	9	98	31	9	98	46	98	9	31	98	46	31	31	98	98	46	9	9	98	9	31	9	31	46	98	31	46	46	46	9	31	46	98	9	9	46	31	31	31	98	46	9	31	31	46	9	98	9	31	46	46	9	9	46	9	9	31	31	31	46	31	9	31	98	9	98	9	9	46	98	9	98	31	31	46	31	46	46	98	9	46	31	98	31	31	46
191	13	42	14	4	20	42	11	41	9	153	11	12	13	14	13	12	4	24	21	20	21	47	49	24	25	26	27	77	124	153	9	49	25	27	70	54	56	45	86	124	41	42	43	56	45	46	47	11	49	222	11	152	73	54	75	56	26	11	112	14	24	21	9	90	47	21	229	245	24	70	71	72	73	137	75	124	77	9	72	43	93	145	54	9	215	86	41	222	47	90	91	92	93	54	46	47	124	46	229	92	101	102	103	104	146	124	153	56	46	49	152	112	103	56	93	41	192	215	71	47	245	43	112	124	153	101	104	154	152	153	173	75	56	54	91	41	137	137	43	54	9	257	271	46	145	146	11	41	46	192	75	152	153	154	152	222	245	75	73	54	46	102	93	56	11	112	192	257	256	271	112	222	173	43	93	145	54	46	47	256	73	75	152	222	153	229	154	73	137	93	9	192	43	145	215	192	292	137	245	43	56	47	146	73	154	229	245	124	153	229	154	104	146	192	215	124	112	137	41	215	256	222	43	9	112	73	146	104	229	222	152	104	145	173	292	256	215	137	137	112	257	41	256	271	245	145	146	93	145	11	75	73	173	229	245	256	257	271	215	257	271	222	173	93	75	104	229	154	173	257	271	152	192	215	292	245	146	154	145	292	292	257	271	104	192	146	257	256	271	256	173	292	104	292	173	154	292
192	15	6	14	4	5	6	7	8	9	151	11	12	13	14	15	16	17	18	19	20	21	22	23	24	25	26	27	28	204	182	31	32	33	34	35	36	37	38	39	181	41	42	43	44	45	46	47	48	49	203	51	228	53	54	55	56	57	58	59	60	61	62	63	64	65	66	268	269	69	70	71	72	73	74	75	226	77	78	79	80	81	82	83	84	58	86	87	227	89	90	91	92	93	94	95	96	53	98	205	100	101	102	103	104	105	252	251	108	109	110	284	112	113	114	115	116	84	147	119	120	253	122	123	73	55	126	127	128	266	265	131	132	133	134	135	136	137	138	139	140	141	116	65	144	145	146	147	148	149	191	151	104	75	154	293	277	295	158	159	160	161	162	163	164	165	166	141	148	95	96	171	286	173	174	175	176	177	178	179	109	181	182	127	105	132	296	187	188	189	190	191	9	193	194	165	224	123	198	291	200	201	202	203	204	205	128	131	188	158	278	211	212	213	31	11	159	217	218	219	250	149	146	223	224	225	226	227	228	154	213	212	232	233	234	166	98	7	238	239	240	219	242	178	179	173	246	247	248	249	250	251	252	253	211	234	46	41	22	48	242	202	247	263	264	265	266	187	268	269	8	47	232	63	51	225	263	277	278	279	240	59	136	89	284	78	286	87	144	120	161	291	112	293	171	295	296	217
193	90	42	26	4	20	42	11	41	9	202	11	91	90	26	90	91	4	24	21	20	21	47	49	24	25	26	27	92	178	202	9	49	25	27	90	46	47	25	27	178	41	42	9	202	25	46	47	11	49	240	11	141	46	46	47	47	26	165	112	26	24	21	9	90	202	21	165	219	24	90	91	92	46	112	47	178	92	9	92	9	11	41	178	141	165	27	41	240	47	90	91	92	11	178	178	202	46	46	165	92	25	26	27	9	112	178	202	47	178	49	141	112	27	202	11	219	141	165	91	47	219	141	240	46	47	25	9	11	141	202	41	47	47	46	91	41	112	240	9	178	141	219	202	46	41	112	165	219	178	141	202	9	47	11	141	240	219	47	46	46	46	26	11	202	165	240	141	219	178	202	112	240	41	141	165	219	178	178	202	178	178	202	9	112	47	165	11	46	112	165	141	9	9	41	165	141	240	240	219	141	202	202	240	178	165	11	41	46	47	165	11	9	112	9	11	46	112	240	219	165	178	112	141	141	240	178	240	141	11	112	9	9	219	41	240	46	11	112	240	240	219	219	178	202	41	41	112	165	219	165	202	178	219	11	41	46	41	47	11	219	202	112	41	165	202	141	11	165	219	41	47	9	9	11	240	41	240	165	219	240	112	41	47	141	9	240	41	46	47	46	219	112	141	112	219	165	112
194	90	4	26	4	20	4	11	9	9	202	11	91	90	26	90	91	4	21	21	20	21	47	49	21	25	26	26	91	178	202	9	49	25	26	90	46	47	25	26	178	9	4	9	202	25	46	47	11	49	178	11	141	46	46	47	47	26	165	46	26	21	21	9	90	202	21	165	141	21	90	91	91	46	46	47	178	91	9	91	9	11	9	178	141	165	26	9	178	47	90	91	91	11	178	178	202	46	46	165	91	25	26	26	9	46	178	202	47	178	49	141	46	26	202	11	141	141	165	91	47	141	141	178	46	47	25	9	11	141	202	9	47	47	46	91	9	46	178	9	178	141	141	202	46	9	46	165	141	178	141	202	9	47	11	141	178	141	47	46	46	46	26	11	202	165	178	141	141	178	202	46	178	9	141	165	141	178	178	202	178	178	202	9	46	47	165	11	46	46	165	141	9	9	9	165	141	178	178	141	141	202	202	178	178	165	11	9	46	47	165	11	9	46	9	11	46	46	178	141	165	178	46	141	141	178	178	178	141	11	46	9	9	141	9	178	46	11	46	178	178	141	141	178	202	9	9	46	165	141	165	202	178	141	11	9	46	9	47	11	141	202	46	9	165	202	141	11	165	141	9	47	9	9	11	178	9	178	165	141	178	46	9	47	141	9	178	9	46	47	46	141	46	141	46	141	165	46
195	16	17	14	4	17	17	31	31	9	159	9	12	12	14	16	16	17	19	19	4	21	98	62	21	26	26	26	16	188	188	31	19	57	57	119	36	36	60	60	159	9	4	43	134	14	46	46	63	21	159	78	212	53	54	53	54	57	63	98	60	62	62	63	135	161	66	232	232	66	71	71	71	73	36	73	53	12	78	119	80	80	80	134	63	63	14	78	188	161	91	91	91	43	160	144	144	53	98	212	135	102	102	102	104	53	73	53	134	161	66	232	46	162	160	139	63	63	78	119	144	212	139	161	73	53	162	127	127	104	73	127	159	160	134	135	63	54	134	139	36	9	63	161	144	43	73	78	78	98	78	159	104	73	104	127	53	127	188	159	160	161	162	193	36	9	144	9	78	144	144	161	73	104	193	193	193	54	46	98	161	159	188	127	53	159	127	212	188	134	139	78	9	193	193	9	31	161	160	104	43	54	46	159	188	212	127	127	188	188	104	232	212	159	31	9	159	144	36	9	31	98	73	80	31	98	53	188	212	104	159	212	232	139	232	144	98	31	160	54	46	9	31	46	98	104	139	188	80	80	31	53	73	212	232	232	46	9	98	63	31	46	188	212	43	73	104	212	232	232	31	46	232	63	78	98	212	53	104	43	46	98	63	161	232	78	73	78	144	144	161	104	46	127	161	127	127	144
196	13	42	14	4	20	42	11	41	9	158	11	12	13	14	13	12	4	24	21	20	21	47	110	24	25	26	27	77	188	158	9	49	25	27	70	54	56	45	86	188	41	42	43	133	45	46	47	48	49	247	48	212	73	54	75	56	26	48	112	14	69	66	63	90	120	66	187	263	69	70	71	72	73	137	75	73	77	63	72	43	93	145	160	63	48	86	136	247	120	90	91	92	93	160	144	120	73	46	187	92	101	102	103	104	146	73	75	133	144	110	212	112	103	133	115	136	63	48	71	120	263	139	217	73	75	101	104	154	104	75	173	158	133	160	91	136	137	238	139	54	9	136	120	144	145	146	48	136	46	63	158	104	75	154	104	146	173	158	188	160	144	102	115	56	11	217	9	136	144	120	217	146	173	139	115	246	54	46	47	144	188	158	104	146	158	154	187	188	238	115	63	9	139	246	11	9	217	238	173	43	56	47	247	188	187	154	173	188	158	154	187	212	247	9	11	188	217	137	41	11	46	146	43	9	112	73	247	212	154	247	212	212	246	263	217	46	11	238	137	112	41	41	46	47	173	246	247	93	145	11	75	73	263	187	263	46	41	47	48	41	47	247	263	93	75	104	187	187	263	41	47	212	63	48	112	263	146	154	145	112	112	136	120	212	63	146	136	144	120	144	173	112	104	217	173	154	217
197	45	4	14	4	20	4	11	9	9	154	11	14	45	14	45	14	4	21	21	20	21	11	49	21	25	26	26	14	104	154	9	49	25	26	101	43	93	45	14	104	9	4	43	93	45	9	11	11	49	104	11	104	104	43	154	93	26	11	9	14	21	21	9	25	11	21	154	104	21	101	102	102	104	43	154	104	14	9	102	43	93	43	43	9	11	14	9	104	11	25	26	26	93	43	9	11	104	9	154	26	101	102	102	104	104	104	154	93	9	49	104	9	102	93	93	9	9	11	102	11	104	43	9	104	154	101	104	154	104	154	104	154	93	43	26	9	43	43	43	43	9	9	11	9	43	104	11	9	9	9	154	104	154	154	104	104	104	154	104	43	9	102	93	93	11	9	9	9	9	11	9	104	104	43	93	43	43	9	11	9	104	154	104	104	154	154	154	104	43	93	9	9	43	43	11	9	9	43	104	43	93	11	104	104	154	154	104	104	154	154	154	104	104	9	11	104	9	43	9	11	9	104	43	9	9	104	104	104	154	104	104	104	43	104	9	9	11	43	43	9	9	9	9	11	104	43	104	93	43	11	154	104	104	154	104	9	9	11	11	9	11	104	104	93	154	104	154	154	104	9	11	104	9	11	9	104	104	154	43	9	9	9	11	104	9	104	9	9	11	9	104	9	104	9	104	154	9
198	33	17	26	4	5	17	7	31	9	7	11	26	25	26	33	57	17	19	19	20	21	7	32	21	25	26	26	57	9	11	31	32	33	57	33	31	7	33	57	31	9	4	9	7	25	9	11	11	49	31	7	9	31	9	7	11	57	11	31	57	19	19	9	33	7	21	7	31	21	25	26	26	9	31	11	31	26	31	57	31	7	31	31	9	11	26	31	9	7	25	26	26	11	9	9	11	31	31	11	57	25	26	26	9	31	9	7	7	31	49	31	9	57	11	11	9	9	7	57	11	9	9	31	9	7	33	31	7	9	11	31	7	11	31	57	9	9	31	9	31	9	9	7	9	9	9	7	31	31	31	7	9	11	11	31	31	31	11	31	9	31	57	7	7	11	9	9	31	9	11	31	9	9	31	7	31	9	9	7	31	31	11	31	31	7	7	11	9	31	11	31	9	31	31	11	31	31	9	9	9	11	11	31	9	11	7	31	9	11	11	7	9	31	31	11	31	9	31	9	7	31	9	31	31	31	31	9	9	11	31	9	31	9	31	9	31	7	9	9	9	9	31	9	7	9	9	9	7	31	7	7	9	9	7	31	9	9	7	11	31	11	9	9	11	11	9	11	7	31	31	11	31	9	7	31	9	31	11	9	9	31	9	7	31	31	9	31	9	11	31	9	9	31	31	31	7	9
199	15	17	14	4	5	17	7	31	9	89	11	12	13	14	15	16	17	19	19	20	21	22	23	21	25	26	26	16	144	120	31	32	33	57	64	36	37	38	60	161	9	4	43	108	45	46	47	48	49	161	51	63	98	54	22	56	57	48	98	60	62	62	63	64	89	66	51	78	66	90	91	91	46	36	47	98	12	78	135	80	81	80	134	63	48	14	78	144	89	90	91	91	93	160	144	120	98	98	48	135	25	26	26	9	98	46	22	108	161	110	78	46	57	133	115	63	63	51	135	120	63	139	161	46	22	33	31	7	9	47	31	89	133	134	135	63	54	134	139	36	9	63	89	144	43	46	51	78	98	78	89	9	47	11	31	98	31	120	161	160	161	57	163	37	11	144	9	78	144	120	161	46	9	193	163	193	54	46	22	161	161	120	31	98	89	7	48	144	134	115	78	9	193	193	11	31	161	160	9	43	56	47	161	144	48	7	31	144	120	11	51	63	161	31	11	161	144	36	9	7	98	46	80	31	98	98	144	63	11	161	63	78	139	78	144	98	7	160	54	46	9	31	46	22	9	139	144	81	80	7	22	46	63	51	78	46	9	22	48	31	47	144	63	93	47	9	48	51	78	31	47	78	63	51	98	63	98	11	43	46	98	63	89	78	78	46	78	144	120	161	9	46	31	161	31	7	144
200	64	6	26	4	5	6	7	8	9	89	11	91	90	26	64	135	17	18	19	20	21	22	23	24	25	26	27	100	144	120	31	32	33	34	64	98	22	33	34	161	41	42	9	89	25	46	47	48	49	171	51	63	98	46	22	47	57	48	59	57	61	62	63	64	89	66	51	87	69	90	91	92	46	59	47	98	92	78	100	31	7	8	161	63	48	27	87	217	89	90	91	92	11	144	144	120	98	98	48	100	25	26	27	9	59	46	22	89	161	110	78	112	34	120	48	136	63	51	135	120	136	63	171	46	22	33	31	7	9	47	8	89	120	161	135	136	112	171	63	98	9	136	89	144	41	112	51	87	98	78	89	9	47	11	31	59	8	120	161	144	161	57	51	22	11	217	9	87	144	120	171	112	41	78	51	87	46	46	22	161	161	120	31	59	89	7	48	144	171	48	78	9	78	87	11	31	171	217	41	9	47	47	171	144	48	7	8	144	120	11	51	63	171	31	11	161	217	59	41	7	98	112	31	31	59	98	217	63	11	171	63	78	136	87	217	98	7	217	112	112	41	8	46	22	41	136	217	7	8	7	22	46	136	51	87	46	41	22	48	8	47	217	136	11	47	9	48	51	87	8	47	78	63	51	59	136	59	11	41	112	59	136	89	78	78	112	87	144	120	161	41	112	31	171	8	7	217
201	57	17	26	4	17	17	31	31	9	78	9	26	26	26	57	57	17	19	19	4	21	31	62	21	26	26	26	57	63	63	31	19	57	57	57	31	31	57	57	78	9	4	9	78	26	9	9	63	21	78	78	63	31	9	31	9	57	63	31	57	62	62	63	57	78	66	78	78	66	26	26	26	9	31	9	31	26	78	57	31	31	31	78	63	63	26	78	63	78	26	26	26	9	63	63	63	31	31	63	57	26	26	26	9	31	9	31	78	78	66	78	9	57	63	63	63	63	78	57	63	63	63	78	9	31	57	31	31	9	9	31	78	63	78	57	63	9	78	63	31	9	63	78	63	9	9	78	78	31	78	78	9	9	9	31	31	31	63	78	63	78	57	78	31	9	63	9	78	63	63	78	9	9	78	78	78	9	9	31	78	78	63	31	31	78	31	63	63	78	63	78	9	78	78	9	31	78	63	9	9	9	9	78	63	63	31	31	63	63	9	78	63	78	31	9	78	63	31	9	31	31	9	31	31	31	31	63	63	9	78	63	78	63	78	63	31	31	63	9	9	9	31	9	31	9	63	63	31	31	31	31	9	63	78	78	9	9	31	63	31	9	63	63	9	9	9	63	78	78	31	9	78	63	78	31	63	31	9	9	9	31	63	78	78	78	9	78	63	63	78	9	9	31	78	31	31	63
202	60	17	14	4	17	17	31	31	9	272	9	14	14	14	60	60	17	19	19	4	21	31	62	21	26	26	26	60	231	231	31	19	57	57	162	80	80	60	60	272	9	4	43	193	14	9	9	63	21	272	78	231	127	43	127	43	57	63	31	60	62	62	63	57	78	66	272	272	66	102	102	102	104	80	104	183	14	78	162	80	80	80	193	63	273	14	78	231	78	26	26	26	43	139	63	63	183	31	231	57	102	102	102	104	127	152	183	193	78	66	272	9	162	139	139	63	273	285	162	63	231	139	78	152	183	162	127	127	152	152	127	232	139	193	57	63	43	193	139	80	9	273	285	63	43	104	78	78	31	285	232	152	152	104	183	183	183	212	232	139	78	162	193	80	9	63	192	285	273	273	78	152	104	193	193	193	43	9	31	285	232	212	183	183	272	183	212	212	193	139	78	192	193	193	192	214	285	139	152	43	43	9	232	212	212	183	183	231	231	152	232	212	232	214	192	272	63	80	9	214	214	152	80	31	31	127	212	212	152	272	231	232	139	232	273	214	214	139	43	9	192	31	192	214	152	139	212	80	80	31	127	104	212	272	272	192	192	214	273	214	192	231	212	43	104	104	231	232	232	214	192	272	273	285	214	231	127	104	43	192	214	273	285	232	285	104	285	273	273	285	104	192	127	285	127	127	273
203	45	4	14	4	20	4	11	9	9	215	11	14	45	14	45	14	4	21	21	20	21	11	49	21	25	26	26	14	192	215	9	49	25	26	25	43	93	45	14	192	9	4	43	93	45	9	11	11	49	192	11	192	9	43	11	93	26	11	9	14	21	21	9	25	11	21	215	192	21	25	26	26	9	43	11	192	14	9	26	43	93	43	43	9	215	14	9	192	11	25	26	26	93	43	9	11	192	9	215	26	25	26	26	9	9	192	215	93	9	49	192	9	26	93	93	9	192	215	26	11	192	43	9	192	215	25	9	11	192	215	9	11	93	43	26	9	43	43	43	43	9	192	215	9	43	9	11	9	9	192	11	192	215	11	192	192	192	11	9	43	9	26	93	93	11	9	192	192	192	215	9	192	9	43	93	43	43	9	11	192	9	11	192	192	215	215	11	9	43	93	9	192	43	43	215	192	192	43	192	43	93	11	9	9	11	215	192	192	215	215	11	9	9	192	215	192	9	43	9	215	192	192	43	9	9	9	9	9	215	192	192	9	43	9	192	192	215	43	43	9	192	9	192	215	192	43	9	93	43	11	11	9	9	215	192	192	192	215	215	192	215	192	9	93	11	9	215	11	9	192	215	192	192	215	192	192	9	11	43	192	192	192	215	9	192	9	192	192	215	192	9	192	9	192	9	11	192
204	38	6	14	4	5	6	7	8	9	237	11	14	45	14	38	60	17	18	19	20	21	7	32	24	25	26	27	39	192	215	31	32	33	34	33	80	81	38	39	214	41	42	43	81	45	9	11	11	49	270	7	192	31	43	7	93	57	11	8	60	18	19	9	33	7	21	237	270	24	25	26	27	9	82	11	214	86	31	34	80	81	82	80	9	215	86	8	257	7	25	26	27	93	43	9	11	214	31	215	34	25	26	27	9	8	192	237	81	31	49	214	41	34	93	93	41	192	237	57	11	257	43	8	192	237	33	31	7	192	215	8	7	93	80	57	41	145	82	43	80	9	257	237	9	145	41	7	8	31	214	7	192	215	11	214	270	270	11	31	43	31	57	81	81	11	41	192	270	192	215	8	257	41	80	81	82	43	9	7	214	31	11	214	270	237	237	11	9	82	93	31	192	80	82	215	214	270	145	257	43	93	11	8	9	11	237	270	192	215	215	7	9	8	214	215	214	41	82	41	237	214	257	80	31	8	31	41	9	215	270	192	31	145	8	257	214	237	145	145	41	257	8	192	237	257	145	41	81	82	7	7	9	41	237	270	192	257	237	215	270	215	257	41	93	11	9	215	7	8	270	215	214	192	237	270	257	8	11	145	257	270	257	237	31	214	41	270	192	215	214	41	257	31	270	8	7	257
205	16	17	14	4	17	17	31	31	9	236	9	12	12	14	16	16	17	19	19	4	21	98	19	21	26	26	26	16	256	256	31	19	57	57	135	36	36	60	60	236	9	4	43	36	14	46	46	9	21	236	31	192	98	54	98	54	57	9	98	60	19	19	9	135	98	21	214	214	21	91	91	91	46	36	46	236	12	31	135	80	80	80	36	9	192	14	31	256	98	91	91	91	43	54	46	46	236	98	192	135	26	26	26	9	98	256	236	36	98	21	214	46	57	54	43	9	192	214	135	46	192	43	98	256	236	57	31	31	192	256	31	98	54	36	135	9	54	36	43	36	9	192	236	46	43	46	31	31	98	214	98	192	256	9	214	236	214	46	98	54	98	57	80	36	9	46	192	214	256	256	98	256	9	80	80	80	54	46	98	236	98	46	214	236	236	214	9	46	36	43	31	192	80	80	192	214	236	54	192	43	54	46	98	46	9	214	214	256	256	192	31	9	98	214	192	236	46	36	9	214	236	256	80	31	98	98	46	9	192	236	192	31	43	31	256	236	214	54	54	46	192	31	256	236	192	43	46	80	80	31	98	46	9	214	214	256	192	236	192	214	256	256	9	43	46	9	192	31	31	214	256	214	192	214	236	192	98	9	43	256	236	192	236	31	214	46	214	256	256	236	9	256	31	236	31	31	256
206	12	4	14	4	4	4	9	9	9	95	9	12	12	14	12	12	4	21	21	4	21	46	66	21	26	26	26	12	95	95	9	21	26	26	91	54	54	14	14	95	9	4	43	94	14	46	46	63	21	95	63	84	46	54	46	54	26	84	46	14	66	66	63	91	95	66	84	84	66	91	91	91	46	54	46	178	12	63	91	43	43	43	94	84	84	14	63	95	144	91	91	91	43	94	95	95	46	46	84	91	26	26	26	9	46	178	178	160	95	66	84	46	26	94	139	84	84	84	91	144	84	122	95	46	46	26	9	9	141	178	9	144	160	160	91	63	54	94	139	177	141	84	95	144	43	46	84	84	178	84	95	9	46	9	141	178	141	144	144	160	144	26	139	177	141	95	141	84	95	95	144	178	9	122	122	122	177	178	178	95	95	95	9	46	144	141	63	144	160	122	84	9	139	139	141	141	95	94	141	200	177	178	95	95	84	9	9	144	144	141	63	63	144	9	9	144	144	177	141	141	178	46	200	141	178	178	95	84	9	144	63	63	122	63	95	46	9	160	177	178	141	141	178	178	9	139	144	200	200	141	178	178	84	63	63	46	9	46	63	141	178	144	63	200	178	141	63	84	84	9	46	63	63	63	178	63	178	141	200	178	46	63	144	84	63	178	63	144	144	144	141	46	141	144	141	141	144
207	13	4	14	4	20	4	11	9	9	96	11	12	13	14	13	12	4	21	21	20	21	47	110	21	25	26	26	12	95	96	9	49	25	26	90	54	56	45	14	95	9	4	43	114	45	46	47	48	49	95	48	84	46	54	47	56	26	58	46	14	66	66	63	90	96	66	58	84	66	90	91	91	46	54	47	178	12	63	91	43	93	43	94	84	58	14	63	95	120	90	91	91	93	94	95	96	46	46	58	91	25	26	26	9	46	178	202	133	95	110	84	46	26	114	115	84	84	58	91	120	84	122	95	46	47	25	9	11	141	202	9	120	133	160	91	63	54	94	139	177	141	84	96	144	43	46	58	84	178	84	96	9	47	11	141	178	141	120	144	160	144	26	115	201	165	95	141	84	95	96	144	178	9	122	190	122	177	178	202	95	95	96	9	46	120	165	48	144	160	190	84	9	139	139	165	141	95	94	141	200	201	202	95	95	58	11	9	144	120	165	48	63	144	9	11	144	144	177	141	165	178	46	200	141	178	178	95	84	11	144	63	63	122	63	95	46	11	160	177	178	141	141	178	202	9	139	144	264	200	165	202	178	84	48	63	46	9	47	48	141	202	144	63	264	202	141	48	58	84	9	47	63	63	48	178	63	178	165	200	178	46	63	120	84	63	178	63	144	120	144	141	46	141	144	141	165	144
208	38	6	14	4	5	6	7	8	9	250	11	14	45	14	38	60	17	18	19	20	21	7	32	24	25	26	27	39	141	165	31	32	33	34	33	80	81	38	39	224	41	42	43	248	45	9	11	11	49	242	7	141	31	43	7	93	57	165	8	60	18	19	9	33	250	21	250	242	24	25	26	27	9	82	11	224	86	31	34	80	81	82	223	141	165	86	8	219	7	25	26	27	93	200	141	165	31	31	165	34	25	26	27	9	8	141	250	81	224	49	224	41	34	264	93	219	141	250	57	11	219	200	242	9	7	33	31	7	141	165	8	7	93	80	57	41	145	249	43	223	141	219	250	9	145	41	250	242	224	224	250	9	11	11	224	242	242	11	31	43	31	57	81	248	165	219	141	242	141	165	8	219	41	223	248	249	200	141	250	224	224	165	31	8	7	250	11	9	82	264	224	9	80	82	165	224	242	279	219	200	264	165	242	141	165	7	8	9	11	165	7	9	8	31	11	31	41	249	219	250	224	41	223	224	242	224	219	141	11	8	9	31	279	8	219	31	7	145	279	219	219	242	141	250	41	145	41	248	249	250	250	141	219	7	8	9	41	7	11	242	165	41	41	264	165	141	11	250	242	8	11	31	9	7	242	41	242	165	279	219	8	41	7	224	31	219	8	9	11	31	219	41	224	8	242	250	41
209	60	17	14	4	17	17	31	31	9	224	9	14	14	14	60	60	17	19	19	4	21	31	19	21	26	26	26	60	141	141	31	19	57	57	57	80	80	60	60	224	9	4	43	223	14	9	9	9	21	224	31	141	31	43	31	43	57	141	31	60	19	19	9	57	224	21	224	224	21	26	26	26	9	80	9	224	14	31	57	80	80	80	223	141	141	14	31	141	31	26	26	26	43	200	141	141	31	31	141	57	26	26	26	9	31	141	224	80	224	21	224	9	57	200	43	141	141	224	57	9	141	200	224	9	31	57	31	31	141	141	31	31	43	80	57	9	43	223	43	223	141	141	224	9	43	9	224	224	224	224	224	9	9	9	224	224	224	9	31	43	31	57	80	223	141	141	141	224	141	141	31	141	9	223	223	223	200	141	224	224	224	141	31	31	31	224	9	9	80	200	224	9	80	80	141	224	224	200	141	200	200	141	224	141	141	31	31	9	9	141	31	9	31	31	9	31	9	223	141	224	224	9	223	224	224	224	141	141	9	31	9	31	200	31	141	31	31	43	200	141	141	224	141	224	9	43	9	223	223	224	224	141	141	31	31	9	9	31	9	224	141	9	9	200	141	141	9	224	224	31	9	31	9	31	224	9	224	141	200	141	31	9	31	224	31	141	31	9	9	31	141	9	224	31	224	224	9
210	16	17	14	4	17	17	31	31	9	161	9	12	12	14	16	16	17	19	19	4	21	98	62	21	26	26	26	16	144	144	31	19	57	57	135	36	36	60	60	161	9	4	43	134	14	46	46	63	21	161	78	63	98	54	98	54	57	63	98	60	62	62	63	135	161	66	78	78	66	91	91	91	46	36	46	98	12	78	135	80	80	80	134	63	63	14	78	144	161	91	91	91	43	160	144	144	98	98	63	135	26	26	26	9	98	46	98	134	161	66	78	46	57	160	139	63	63	78	135	144	63	139	161	46	98	57	31	31	9	46	31	161	160	134	135	63	54	134	139	36	9	63	161	144	43	46	78	78	98	78	161	9	46	9	31	98	31	144	161	160	161	57	193	36	9	144	9	78	144	144	161	46	9	193	193	193	54	46	98	161	161	144	31	98	161	31	63	144	134	139	78	9	193	193	9	31	161	160	9	43	54	46	161	144	63	31	31	144	144	9	78	63	161	31	9	161	144	36	9	31	98	46	80	31	98	98	144	63	9	161	63	78	139	78	144	98	31	160	54	46	9	31	46	98	9	139	144	80	80	31	98	46	63	78	78	46	9	98	63	31	46	144	63	43	46	9	63	78	78	31	46	78	63	78	98	63	98	9	43	46	98	63	161	78	78	46	78	144	144	161	9	46	31	161	31	31	144
211	12	4	14	4	4	4	9	9	9	243	9	12	12	14	12	12	4	21	21	4	21	46	21	21	26	26	26	12	243	243	9	21	26	26	91	54	54	14	14	243	9	4	43	177	14	46	46	9	21	243	9	167	46	54	46	54	26	141	46	14	21	21	9	91	178	21	167	167	21	91	91	91	46	54	46	243	12	9	91	43	43	43	177	141	167	14	9	243	46	91	91	91	43	177	178	178	256	46	167	91	26	26	26	9	46	243	243	54	178	21	167	46	26	177	43	141	167	167	91	46	167	200	178	256	256	26	9	9	167	243	9	46	54	54	91	9	54	177	43	177	141	167	243	46	43	46	141	141	178	167	178	192	256	9	167	243	167	46	46	54	46	26	43	177	141	178	167	167	243	243	46	243	9	200	200	200	177	178	178	243	178	178	192	256	256	167	9	46	54	200	141	192	43	43	167	167	243	177	167	200	177	178	178	178	141	192	192	256	256	167	9	9	46	192	192	256	46	177	141	167	243	256	200	141	178	178	178	141	192	256	192	9	200	9	243	256	192	54	177	178	167	141	243	243	192	43	46	200	200	141	178	178	141	192	192	256	192	256	192	167	243	256	9	200	178	141	192	141	141	192	256	192	192	192	243	192	178	141	200	243	256	192	256	141	192	178	192	256	256	256	141	256	141	256	141	141	256
212	15	6	14	4	5	6	7	8	9	244	11	12	13	14	15	16	17	18	19	20	21	22	32	24	25	26	27	28	243	261	31	32	33	34	64	36	37	38	39	221	41	42	43	164	45	46	47	11	49	275	7	167	98	54	22	56	57	165	59	60	18	19	9	64	179	21	220	260	24	90	91	92	46	74	47	221	77	31	100	80	81	82	140	141	195	86	8	280	22	90	91	92	93	177	178	202	236	98	195	100	25	26	27	9	59	243	244	37	149	49	196	112	34	201	93	219	167	220	135	47	241	200	225	256	258	33	31	7	167	261	8	22	56	36	135	41	137	218	43	140	141	241	244	46	145	112	250	242	149	196	179	192	271	11	196	275	260	47	98	54	98	57	81	164	165	240	167	260	243	261	59	280	41	223	248	249	177	178	179	221	149	202	214	281	258	220	11	46	74	264	224	192	80	82	195	196	275	239	241	200	201	202	225	178	165	237	270	256	271	195	7	9	59	214	215	236	112	218	219	220	221	292	223	224	225	149	240	141	215	281	192	31	279	8	280	236	237	137	239	240	241	242	243	244	257	145	112	248	249	250	179	178	219	237	270	256	257	258	215	260	261	292	41	264	202	141	215	250	242	270	271	214	192	237	275	257	225	165	279	280	281	257	258	224	214	240	270	256	271	236	219	292	224	281	242	250	292
213	45	4	14	4	20	4	11	9	9	195	11	14	45	14	45	14	4	21	21	20	21	11	49	21	25	26	26	14	167	195	9	49	25	26	25	43	93	45	14	167	9	4	43	264	45	9	11	11	49	167	11	167	9	43	11	93	26	165	9	14	21	21	9	25	165	21	195	167	21	25	26	26	9	43	11	167	14	9	26	43	93	43	200	141	195	14	9	167	11	25	26	26	93	200	141	165	192	9	195	26	25	26	26	9	9	167	195	93	141	49	167	9	26	264	93	141	167	195	26	11	167	200	141	192	215	25	9	11	167	195	9	11	93	43	26	9	43	200	43	200	141	167	195	9	43	9	165	141	141	167	165	192	215	11	167	167	167	11	9	43	9	26	93	264	165	141	167	167	167	195	9	167	9	200	264	200	200	141	165	167	141	165	192	192	215	195	11	9	43	264	141	192	43	43	195	167	167	200	167	200	264	165	141	141	165	215	192	192	215	195	11	9	9	192	215	192	9	200	141	195	167	192	200	141	141	141	141	141	215	192	192	9	200	9	167	192	215	43	200	141	167	141	167	195	192	43	9	264	200	165	165	141	141	215	192	192	192	215	215	167	195	192	9	264	165	141	215	165	141	192	215	192	192	215	167	192	141	165	200	167	192	192	215	141	192	141	192	192	215	192	141	192	141	192	141	165	192
214	13	42	14	4	20	42	11	41	9	182	11	12	13	14	13	12	4	24	21	20	21	47	110	24	25	26	27	77	204	182	9	49	25	27	70	54	56	45	86	204	41	42	43	114	45	46	47	48	49	227	48	228	73	54	75	56	26	58	112	14	69	66	63	90	96	66	205	253	69	70	71	72	73	137	75	252	77	63	72	43	93	145	94	84	58	86	136	227	120	90	91	92	93	94	95	96	73	46	205	92	101	102	103	104	146	252	265	133	95	110	228	112	103	114	115	116	84	58	71	120	253	122	166	73	75	101	104	154	266	265	173	158	133	160	91	136	137	198	139	177	141	116	96	144	145	146	58	116	178	84	182	104	75	154	266	286	291	158	188	160	144	102	115	201	165	166	141	116	95	96	217	286	173	122	190	233	177	178	202	95	204	182	104	146	158	278	187	188	238	190	84	9	139	246	165	141	166	198	291	200	201	202	227	204	205	154	173	188	158	278	187	212	247	9	11	188	217	239	219	165	178	146	200	141	240	252	227	228	154	247	212	212	233	263	166	46	11	238	239	240	219	219	178	202	173	246	247	264	279	165	265	252	253	187	263	46	41	47	48	219	202	247	263	264	265	266	187	205	253	41	47	212	63	48	240	263	286	278	279	240	112	136	120	228	63	286	136	144	120	144	291	112	266	217	291	278	217
215	16	17	14	4	17	17	31	31	9	181	9	12	12	14	16	16	17	19	19	4	21	98	62	21	26	26	26	16	204	204	31	19	57	57	119	36	36	60	60	181	9	4	43	83	14	46	46	63	21	181	78	228	53	54	53	54	57	84	98	60	62	62	63	135	109	66	284	284	66	71	71	71	73	36	73	226	12	78	119	80	80	80	83	84	84	14	78	204	161	91	91	91	43	94	95	95	53	98	228	135	102	102	102	104	53	252	226	134	109	66	284	46	162	94	139	84	84	191	119	144	228	122	109	73	53	162	127	127	266	252	127	159	160	134	135	63	54	83	139	140	141	84	109	144	43	73	191	191	149	191	181	104	73	104	293	226	293	188	159	160	161	162	193	140	141	95	141	191	95	95	161	252	104	174	174	174	177	178	149	109	181	204	127	53	159	293	212	188	134	122	191	9	193	193	141	224	109	94	266	200	177	178	181	204	228	127	127	188	188	266	232	212	159	31	9	159	144	140	141	224	149	73	223	224	149	226	204	228	104	159	212	232	122	232	95	98	31	160	177	178	141	224	178	149	104	139	188	223	223	224	226	252	228	232	232	46	9	98	63	224	178	188	212	200	252	266	212	284	284	31	46	232	63	78	149	212	226	266	200	178	98	63	161	284	78	252	78	144	144	161	266	46	293	161	293	293	144
216	45	42	14	4	20	42	11	41	9	165	11	14	45	14	45	14	4	24	21	20	21	11	49	24	25	26	27	86	141	165	9	49	25	27	25	43	93	45	86	141	41	42	43	264	45	9	11	11	49	219	11	141	9	43	11	93	26	165	41	14	24	21	9	25	165	21	165	219	24	25	26	27	9	145	11	141	86	9	27	43	93	145	200	141	165	86	41	219	11	25	26	27	93	200	141	165	9	9	165	27	25	26	27	9	41	141	165	93	141	49	141	41	27	264	93	219	141	165	26	11	219	200	219	9	11	25	9	11	141	165	41	11	93	43	26	41	145	279	43	200	141	219	165	9	145	41	165	219	141	141	165	9	11	11	141	219	219	11	9	43	9	26	93	264	165	219	141	219	141	165	41	219	41	200	264	279	200	141	165	141	141	165	9	41	11	165	11	9	145	264	141	9	43	145	165	141	219	279	219	200	264	165	219	141	165	11	41	9	11	165	11	9	41	9	11	9	41	279	219	165	141	41	200	141	219	141	219	141	11	41	9	9	279	41	219	9	11	145	279	219	219	219	141	165	41	145	41	264	279	165	165	141	219	11	41	9	41	11	11	219	165	41	41	264	165	141	11	165	219	41	11	9	9	11	219	41	219	165	279	219	41	41	11	141	9	219	41	9	11	9	219	41	141	41	219	165	41
217	38	17	14	4	5	17	7	31	9	186	11	14	45	14	38	60	17	19	19	20	21	7	32	21	25	26	26	60	129	210	31	32	33	57	126	80	81	38	60	155	9	4	43	248	45	9	11	11	49	155	7	129	127	43	128	93	57	165	31	60	19	19	9	33	250	21	186	155	21	101	102	102	104	80	154	155	14	31	162	80	81	80	223	141	195	14	31	129	7	25	26	26	93	200	141	165	183	31	210	57	101	102	102	104	127	129	186	81	224	49	155	9	162	264	93	141	167	220	162	11	129	200	224	152	206	126	127	128	129	210	127	128	93	80	57	9	43	223	43	223	141	167	220	9	43	104	250	224	224	196	296	152	229	154	155	155	155	154	127	43	31	162	81	248	165	141	167	196	167	195	31	129	104	223	248	223	200	141	250	196	293	278	183	183	206	186	154	104	80	264	224	192	80	80	195	196	196	200	129	200	264	165	293	266	278	206	183	152	229	210	128	104	127	214	215	183	9	223	141	220	196	152	223	224	224	293	266	266	229	183	152	127	200	127	167	214	237	43	200	141	167	224	167	220	152	43	104	248	223	250	296	266	266	206	183	192	192	237	215	196	195	152	104	264	278	266	229	296	293	214	215	183	192	237	196	152	293	278	200	167	214	192	237	293	214	266	214	192	215	214	266	192	293	214	293	296	192
218	25	4	26	4	20	4	11	9	9	48	11	26	25	26	25	26	4	21	21	20	21	11	110	21	25	26	26	26	63	48	9	49	25	26	25	9	11	25	26	63	9	4	9	48	25	9	11	48	49	63	48	63	9	9	11	11	26	48	9	26	66	66	63	25	48	66	48	63	66	25	26	26	9	9	11	9	26	63	26	9	11	9	63	63	48	26	63	63	48	25	26	26	11	63	63	48	9	9	48	26	25	26	26	9	9	9	11	48	63	110	63	9	26	48	48	63	63	48	26	48	63	63	63	9	11	25	9	11	9	11	9	48	48	63	26	63	9	63	63	9	9	63	48	63	9	9	48	63	9	63	48	9	11	11	9	9	9	48	63	63	63	26	48	11	11	63	9	63	63	48	63	9	9	63	48	63	9	9	11	63	63	48	9	9	48	11	48	63	63	48	63	9	63	63	11	9	63	63	9	9	11	11	63	63	48	11	9	63	48	11	48	63	63	9	11	63	63	9	9	11	9	9	9	9	9	9	63	63	11	63	63	63	63	63	63	9	11	63	9	9	9	9	9	11	9	63	63	11	9	11	11	9	63	48	63	9	9	11	48	9	11	63	63	11	11	9	48	48	63	9	11	63	63	48	9	63	9	11	9	9	9	63	48	63	63	9	63	63	48	63	9	9	9	63	9	11	63
219	15	17	14	4	5	17	7	31	9	185	11	12	13	14	15	16	17	19	19	20	21	22	23	21	25	26	26	16	208	209	31	32	33	57	35	36	37	38	60	216	9	4	43	108	45	46	47	48	49	216	51	231	53	54	55	56	57	48	98	60	62	62	63	64	89	66	254	272	66	70	71	71	73	36	75	97	12	78	119	80	81	80	134	63	259	14	78	208	89	90	91	91	93	160	144	120	97	98	267	135	101	102	102	104	53	124	125	108	161	110	272	46	162	133	115	63	273	274	119	120	231	139	161	124	125	126	127	128	152	153	127	132	133	134	135	63	54	134	139	36	9	273	283	144	43	73	51	78	98	285	132	152	153	154	183	97	183	158	159	160	161	162	163	37	11	144	192	285	288	289	161	124	104	193	163	193	54	46	22	290	159	158	183	97	185	206	187	188	134	115	78	192	193	193	215	214	290	160	152	43	56	47	159	188	187	206	183	208	209	229	211	212	159	214	215	216	144	36	9	237	236	124	80	31	98	53	188	212	229	216	231	232	139	232	288	236	237	160	54	46	192	31	256	258	152	139	188	81	80	7	55	73	212	254	272	256	192	258	259	214	271	208	212	93	75	104	267	211	232	214	271	272	273	274	236	231	53	154	43	256	236	273	283	232	285	73	285	288	289	290	104	256	127	290	127	128	288
220	12	4	14	4	4	4	9	9	9	188	9	12	12	14	12	12	4	21	21	4	21	46	66	21	26	26	26	12	188	188	9	21	26	26	71	54	54	14	14	188	9	4	43	160	14	46	46	63	21	188	63	212	73	54	73	54	26	63	46	14	66	66	63	91	144	66	212	212	66	71	71	71	73	54	73	73	12	63	71	43	43	43	160	63	63	14	63	188	144	91	91	91	43	160	144	144	73	46	212	91	102	102	102	104	73	73	73	160	144	66	212	46	102	160	139	63	63	63	71	144	212	139	144	73	73	102	104	104	104	73	104	188	160	160	91	63	54	160	139	54	9	63	144	144	43	73	63	63	46	63	188	104	73	104	104	73	104	188	188	160	144	102	139	54	9	144	9	63	144	144	144	73	104	139	139	139	54	46	46	144	188	188	104	73	188	104	212	188	160	139	63	9	139	139	9	9	144	160	104	43	54	46	188	188	212	104	104	188	188	104	212	212	188	9	9	188	144	54	9	9	46	73	43	9	46	73	188	212	104	188	212	212	139	212	144	46	9	160	54	46	9	9	46	46	104	139	188	43	43	9	73	73	212	212	212	46	9	46	63	9	46	188	212	43	73	104	212	212	212	9	46	212	63	63	46	212	73	104	43	46	46	63	144	212	63	73	63	144	144	144	104	46	104	144	104	104	144
221	45	42	14	4	20	42	11	41	9	187	11	14	45	14	45	14	4	24	21	20	21	11	110	24	25	26	27	86	212	187	9	49	25	27	101	43	93	45	86	212	41	42	43	115	45	9	11	48	49	263	48	212	104	43	154	93	26	48	41	14	69	66	63	25	48	66	187	263	69	101	102	103	104	145	154	104	86	63	103	43	93	145	139	63	48	86	136	263	48	25	26	27	93	139	63	48	104	9	187	27	101	102	103	104	173	104	154	115	63	110	212	41	103	115	115	136	63	48	102	48	263	139	136	104	154	101	104	154	104	154	173	187	115	139	26	136	145	246	139	43	9	136	48	63	145	173	48	136	9	63	187	104	154	154	104	173	173	187	212	139	63	102	115	93	11	136	9	136	63	48	136	173	173	139	115	246	43	9	11	63	212	187	104	173	187	154	187	212	246	115	63	9	139	246	11	9	136	246	173	43	93	11	263	212	187	154	173	212	187	154	187	212	263	9	11	212	136	145	41	11	9	173	43	9	41	104	263	212	154	263	212	212	246	263	136	9	11	246	145	41	41	41	9	11	173	246	263	93	145	11	154	104	263	187	263	9	41	11	48	41	11	263	263	93	154	104	187	187	263	41	11	212	63	48	41	263	173	154	145	41	41	136	48	212	63	173	136	63	48	63	173	41	104	136	173	154	136
222	38	17	14	4	5	17	7	31	9	147	11	14	45	14	38	60	17	19	19	20	21	7	23	21	25	26	26	60	84	58	31	32	33	57	33	80	81	38	60	191	9	4	43	175	45	9	11	48	49	191	51	84	31	43	7	93	57	58	31	60	62	62	63	33	147	66	147	191	66	25	26	26	9	80	11	224	14	78	57	80	81	80	174	84	58	14	78	84	51	25	26	26	93	122	84	58	31	31	58	57	25	26	26	9	31	141	250	163	191	110	191	9	57	190	115	84	84	147	57	48	84	122	191	9	7	33	31	7	141	165	31	51	115	193	57	63	43	174	139	223	141	84	147	63	43	9	147	191	224	191	147	9	11	11	224	224	224	48	78	139	78	57	163	248	165	84	141	191	84	58	78	141	9	174	175	174	200	141	250	191	191	58	31	31	51	250	48	63	193	190	191	9	193	193	165	224	191	122	141	200	264	165	191	84	58	7	31	63	48	165	51	63	78	31	11	78	63	223	141	250	224	9	223	224	224	224	84	84	11	78	63	78	122	78	84	31	7	139	200	141	141	224	141	250	9	139	63	248	223	250	250	141	84	51	78	9	9	7	48	224	165	63	63	264	165	141	48	147	191	31	11	78	63	51	224	63	224	165	200	141	31	63	51	191	78	141	78	63	48	78	141	9	224	78	224	250	63
223	90	42	26	4	20	42	11	41	9	120	11	91	90	26	90	91	4	24	21	20	21	47	110	24	25	26	27	92	144	120	9	49	25	27	90	46	47	25	27	144	41	42	9	120	25	46	47	48	49	217	48	63	46	46	47	47	26	48	112	26	69	66	63	90	120	66	48	136	69	90	91	92	46	112	47	46	92	63	92	9	11	41	144	63	48	27	136	217	120	90	91	92	11	144	144	120	46	46	48	92	25	26	27	9	112	46	47	120	144	110	63	112	27	120	48	136	63	48	91	120	136	63	217	46	47	25	9	11	9	47	41	120	120	144	91	136	112	217	63	46	9	136	120	144	41	112	48	136	46	63	120	9	47	11	9	112	41	120	144	144	144	26	48	47	11	217	9	136	144	120	217	112	41	63	48	136	46	46	47	144	144	120	9	112	120	11	48	144	217	48	63	9	63	136	11	9	217	217	41	9	47	47	217	144	48	11	41	144	120	11	48	63	217	9	11	144	217	112	41	11	46	112	9	9	112	46	217	63	11	217	63	63	136	136	217	46	11	217	112	112	41	41	46	47	41	136	217	11	41	11	47	46	136	48	136	46	41	47	48	41	47	217	136	11	47	9	48	48	136	41	47	63	63	48	112	136	112	11	41	112	112	136	120	63	63	112	136	144	120	144	41	112	9	217	41	11	217
224	13	42	14	4	20	42	11	41	9	209	11	12	13	14	13	12	4	24	21	20	21	47	110	24	25	26	27	77	208	209	9	49	25	27	70	54	56	45	86	208	41	42	43	133	45	46	47	48	49	262	48	231	73	54	75	56	26	48	112	14	69	66	63	90	120	66	267	276	69	70	71	72	73	137	75	124	77	63	72	43	93	145	160	63	259	86	136	262	120	90	91	92	93	160	144	120	124	46	267	92	101	102	103	104	146	124	153	133	144	110	231	112	103	133	115	136	273	259	71	120	276	139	217	124	153	101	104	154	152	153	173	158	133	160	91	136	137	238	139	54	9	282	289	144	145	146	48	136	46	273	158	152	153	154	152	222	245	158	188	160	144	102	115	56	11	217	192	282	288	289	217	222	173	139	115	246	54	46	47	288	188	158	152	222	209	229	187	188	238	115	63	192	139	246	215	192	297	238	245	43	56	47	247	188	187	229	245	208	209	229	187	212	247	192	215	208	217	137	41	215	256	222	43	9	112	73	247	212	229	262	231	212	246	263	297	256	215	238	137	112	257	41	256	271	245	246	247	93	145	11	75	73	263	267	276	256	257	271	259	257	271	262	263	93	75	104	267	187	263	257	271	231	273	259	292	276	146	154	145	292	292	282	289	212	273	146	282	288	289	288	173	292	104	297	173	154	297
225	45	4	14	4	20	4	11	9	9	267	11	14	45	14	45	14	4	21	21	20	21	11	110	21	25	26	26	14	231	267	9	49	25	26	101	43	93	45	14	231	9	4	43	115	45	9	11	48	49	231	48	231	104	43	154	93	26	48	9	14	66	66	63	25	48	66	267	231	66	101	102	102	104	43	154	152	14	63	102	43	93	43	139	63	259	14	63	231	48	25	26	26	93	139	63	48	152	9	267	26	101	102	102	104	104	152	229	115	63	110	231	9	102	115	115	63	273	259	102	48	231	139	63	152	229	101	104	154	152	229	104	187	115	139	26	63	43	139	139	43	9	273	259	63	43	104	48	63	9	273	187	152	229	154	152	152	152	187	212	139	63	102	115	93	11	63	192	273	273	259	63	152	104	139	115	139	43	9	11	273	212	187	152	152	267	229	187	212	139	115	63	192	139	139	215	192	273	139	152	43	93	11	212	212	187	229	152	231	267	229	187	212	212	192	215	231	63	43	9	215	192	152	43	9	9	104	212	212	229	231	231	212	139	212	273	192	215	139	43	9	192	9	192	215	152	139	212	93	43	11	154	104	212	267	231	192	192	215	259	192	215	231	212	93	154	104	267	187	212	192	215	231	273	259	192	231	104	154	43	192	192	273	259	212	273	104	273	273	259	273	104	192	104	273	104	154	273
226	45	42	14	4	20	42	11	41	9	259	11	14	45	14	45	14	4	24	21	20	21	11	110	24	25	26	27	86	273	259	9	49	25	27	25	43	93	45	86	273	41	42	43	115	45	9	11	48	49	282	48	273	9	43	11	93	26	48	41	14	69	66	63	25	48	66	259	282	69	25	26	27	9	145	11	192	86	63	27	43	93	145	139	63	259	86	136	282	48	25	26	27	93	139	63	48	192	9	259	27	25	26	27	9	41	192	215	115	63	110	273	41	27	115	115	136	273	259	26	48	282	139	136	192	215	25	9	11	192	215	41	48	115	139	26	136	145	246	139	43	9	282	259	63	145	41	48	136	9	273	48	192	215	11	192	257	257	48	63	139	63	26	115	93	11	136	192	282	273	259	136	257	41	139	115	246	43	9	11	273	63	48	192	257	259	215	48	63	246	115	63	192	139	246	215	192	282	246	257	43	93	11	136	63	48	215	257	273	259	215	48	63	136	192	215	273	136	145	41	215	192	257	43	9	41	9	136	63	215	282	273	63	246	136	282	192	215	246	145	41	257	41	192	215	257	246	136	93	145	11	11	9	136	259	282	192	257	215	259	257	215	282	136	93	11	9	259	48	136	257	215	273	273	259	257	282	41	11	145	257	257	282	259	63	273	41	282	273	259	273	41	257	9	282	41	11	282
227	38	17	14	4	5	17	7	31	9	237	11	14	45	14	38	60	17	19	19	20	21	7	32	21	25	26	26	60	192	215	31	32	33	57	33	80	81	38	60	214	9	4	43	81	45	9	11	11	49	214	7	192	31	43	7	93	57	11	31	60	19	19	9	33	7	21	237	214	21	25	26	26	9	80	11	214	14	31	57	80	81	80	80	9	215	14	31	192	7	25	26	26	93	43	9	11	214	31	215	57	25	26	26	9	31	192	237	81	31	49	214	9	57	93	93	9	192	237	57	11	192	43	31	192	237	33	31	7	192	215	31	7	93	80	57	9	43	80	43	80	9	192	237	9	43	9	7	31	31	214	7	192	215	11	214	214	214	11	31	43	31	57	81	81	11	9	192	214	192	215	31	192	9	80	81	80	43	9	7	214	31	11	214	214	237	237	11	9	80	93	31	192	80	80	215	214	214	43	192	43	93	11	31	9	11	237	214	192	215	215	7	9	31	214	215	214	9	80	9	237	214	192	80	31	31	31	9	9	215	214	192	31	43	31	192	214	237	43	43	9	192	31	192	237	192	43	9	81	80	7	7	9	9	237	214	192	192	237	215	214	215	192	9	93	11	9	215	7	31	214	215	214	192	237	214	192	31	11	43	192	214	192	237	31	214	9	214	192	215	214	9	192	31	214	31	7	192
228	15	6	14	4	5	6	7	8	9	258	11	12	13	14	15	16	17	18	19	20	21	22	32	24	25	26	27	28	256	271	31	32	33	34	64	36	37	38	39	236	41	42	43	37	45	46	47	11	49	281	7	192	98	54	22	56	57	11	59	60	18	19	9	64	22	21	237	270	24	90	91	92	46	74	47	236	77	31	100	80	81	82	36	9	215	86	8	292	22	90	91	92	93	54	46	47	236	98	215	100	25	26	27	9	59	256	258	37	98	49	214	112	34	56	93	41	192	237	135	47	257	43	59	256	258	33	31	7	192	271	8	22	56	36	135	41	137	74	43	36	9	257	258	46	145	112	7	8	98	214	22	192	271	11	214	281	270	47	98	54	98	57	81	37	11	112	192	270	256	271	59	292	41	80	81	82	54	46	22	236	98	47	214	281	258	237	11	46	74	93	31	192	80	82	215	214	281	137	257	43	56	47	59	46	11	237	270	256	271	215	7	9	59	214	215	236	112	74	41	237	236	292	80	31	59	98	112	9	215	281	192	31	145	8	292	236	237	137	137	112	257	8	256	258	257	145	112	81	82	7	22	46	41	237	270	256	257	258	215	270	271	292	41	93	47	9	215	7	8	270	271	214	192	237	281	257	59	11	145	292	281	257	258	31	214	112	270	256	271	236	41	292	31	281	8	7	292
229	16	17	14	4	17	17	31	31	9	109	9	12	12	14	16	16	17	19	19	4	21	98	62	21	26	26	26	16	95	95	31	19	57	57	135	36	36	60	60	109	9	4	43	83	14	46	46	63	21	109	78	84	98	54	98	54	57	84	98	60	62	62	63	135	109	66	191	191	66	91	91	91	46	36	46	149	12	78	135	80	80	80	83	84	84	14	78	95	161	91	91	91	43	94	95	95	98	98	84	135	26	26	26	9	98	178	149	134	109	66	191	46	57	94	139	84	84	191	135	144	84	122	109	46	98	57	31	31	141	178	31	161	160	134	135	63	54	83	139	140	141	84	109	144	43	46	191	191	149	191	109	9	46	9	224	149	224	144	161	160	161	57	193	140	141	95	141	191	95	95	161	178	9	174	174	174	177	178	149	109	109	95	31	98	161	224	63	144	134	122	191	9	193	193	141	224	109	94	141	200	177	178	109	95	84	31	31	144	144	141	78	63	161	31	9	161	144	140	141	224	149	46	223	224	149	149	95	84	9	161	63	78	122	78	95	98	31	160	177	178	141	224	178	149	9	139	144	223	223	224	149	178	84	78	78	46	9	98	63	224	178	144	63	200	178	141	63	191	191	31	46	78	63	78	149	63	149	141	200	178	98	63	161	191	78	178	78	144	144	161	141	46	224	161	224	224	144
230	45	4	14	4	20	4	11	9	9	165	11	14	45	14	45	14	4	21	21	20	21	11	49	21	25	26	26	14	141	165	9	49	25	26	25	43	93	45	14	141	9	4	43	264	45	9	11	11	49	141	11	141	9	43	11	93	26	165	9	14	21	21	9	25	165	21	165	141	21	25	26	26	9	43	11	141	14	9	26	43	93	43	200	141	165	14	9	141	11	25	26	26	93	200	141	165	9	9	165	26	25	26	26	9	9	141	165	93	141	49	141	9	26	264	93	141	141	165	26	11	141	200	141	9	11	25	9	11	141	165	9	11	93	43	26	9	43	200	43	200	141	141	165	9	43	9	165	141	141	141	165	9	11	11	141	141	141	11	9	43	9	26	93	264	165	141	141	141	141	165	9	141	9	200	264	200	200	141	165	141	141	165	9	9	11	165	11	9	43	264	141	9	43	43	165	141	141	200	141	200	264	165	141	141	165	11	9	9	11	165	11	9	9	9	11	9	9	200	141	165	141	9	200	141	141	141	141	141	11	9	9	9	200	9	141	9	11	43	200	141	141	141	141	165	9	43	9	264	200	165	165	141	141	11	9	9	9	11	11	141	165	9	9	264	165	141	11	165	141	9	11	9	9	11	141	9	141	165	200	141	9	9	11	141	9	141	9	9	11	9	141	9	141	9	141	165	9
231	15	6	14	4	5	6	7	8	9	179	11	12	13	14	15	16	17	18	19	20	21	22	32	24	25	26	27	28	178	202	31	32	33	34	64	36	37	38	39	149	41	42	43	164	45	46	47	11	49	225	7	141	98	54	22	56	57	165	59	60	18	19	9	64	179	21	250	242	24	90	91	92	46	74	47	149	77	31	100	80	81	82	140	141	165	86	8	240	22	90	91	92	93	177	178	202	98	98	165	100	25	26	27	9	59	178	179	37	149	49	224	112	34	201	93	219	141	250	135	47	219	200	225	46	22	33	31	7	141	202	8	22	56	36	135	41	137	218	43	140	141	219	179	46	145	112	250	242	149	224	179	9	47	11	224	225	242	47	98	54	98	57	81	164	165	240	141	242	178	202	59	240	41	223	248	249	177	178	179	149	149	202	31	59	22	250	11	46	74	264	224	9	80	82	165	224	225	239	219	200	201	202	225	178	165	7	8	46	47	165	7	9	59	31	11	98	112	218	219	250	149	112	223	224	225	149	240	141	11	59	9	31	279	8	240	98	7	137	239	240	219	242	178	179	41	145	112	248	249	250	179	178	219	7	8	46	41	22	11	242	202	112	41	264	202	141	11	250	242	8	47	31	9	7	225	41	225	165	279	240	59	41	22	224	31	240	8	46	47	98	219	112	224	59	242	250	112
232	13	42	14	4	20	42	11	41	9	261	11	12	13	14	13	12	4	24	21	20	21	47	49	24	25	26	27	77	243	261	9	49	25	27	90	54	56	45	86	243	41	42	43	201	45	46	47	11	49	280	11	167	46	54	47	56	26	165	112	14	24	21	9	90	202	21	195	241	24	90	91	92	46	137	47	243	77	9	92	43	93	145	177	141	195	86	41	280	47	90	91	92	93	177	178	202	256	46	195	92	25	26	27	9	112	243	261	56	178	49	167	112	27	201	93	219	167	195	91	47	241	200	240	256	271	25	9	11	167	261	41	47	56	54	91	41	137	239	43	177	141	241	261	46	145	112	165	219	178	167	202	192	271	11	167	280	241	47	46	54	46	26	93	201	165	240	167	241	243	261	112	280	41	200	264	279	177	178	202	243	178	202	192	292	271	195	11	46	137	264	141	192	43	145	195	167	280	239	241	200	201	202	240	178	165	215	257	256	271	195	11	9	112	192	215	256	112	239	219	195	243	292	200	141	240	178	240	141	215	292	192	9	279	41	280	256	215	137	239	240	241	219	243	261	257	145	112	264	279	165	202	178	219	215	257	256	257	271	215	241	261	292	41	264	202	141	215	165	219	257	271	192	192	215	280	257	240	165	279	280	292	257	271	141	192	240	257	256	271	256	219	292	141	292	219	165	292
233	64	17	26	4	5	17	7	31	9	22	11	91	90	26	64	135	17	19	19	20	21	22	32	21	25	26	26	135	46	47	31	32	33	57	64	98	22	33	57	98	9	4	9	22	25	46	47	11	49	98	7	9	98	46	22	47	57	11	98	57	19	19	9	64	22	21	7	31	21	90	91	91	46	98	47	98	91	31	135	31	7	31	98	9	11	26	31	46	22	90	91	91	11	46	46	47	98	98	11	135	25	26	26	9	98	46	22	22	98	49	31	46	57	47	11	9	9	7	135	47	9	9	98	46	22	33	31	7	9	47	31	22	47	98	135	9	46	98	9	98	9	9	22	46	9	46	7	31	98	31	22	9	47	11	31	98	31	47	98	46	98	57	7	22	11	46	9	31	46	47	98	46	9	31	7	31	46	46	22	98	98	47	31	98	22	7	11	46	98	11	31	9	31	31	11	31	98	46	9	9	47	47	98	46	11	7	31	46	47	11	7	9	98	31	11	98	46	98	9	7	98	46	31	31	98	98	46	9	11	98	9	31	9	31	46	98	7	46	46	46	9	31	46	22	9	9	46	7	31	7	22	46	9	7	31	46	9	22	11	31	47	46	9	11	47	9	11	7	31	31	47	31	9	7	98	9	98	11	9	46	98	9	22	31	31	46	31	46	47	98	9	46	31	98	31	7	46
234	13	4	14	4	20	4	11	9	9	261	11	12	13	14	13	12	4	21	21	20	21	47	49	21	25	26	26	12	243	261	9	49	25	26	90	54	56	45	14	243	9	4	43	201	45	46	47	11	49	243	11	167	46	54	47	56	26	165	46	14	21	21	9	90	202	21	195	167	21	90	91	91	46	54	47	243	12	9	91	43	93	43	177	141	195	14	9	243	47	90	91	91	93	177	178	202	256	46	195	91	25	26	26	9	46	243	261	56	178	49	167	46	26	201	93	141	167	195	91	47	167	200	178	256	271	25	9	11	167	261	9	47	56	54	91	9	54	177	43	177	141	167	261	46	43	46	165	141	178	167	202	192	271	11	167	243	167	47	46	54	46	26	93	201	165	178	167	167	243	261	46	243	9	200	264	200	177	178	202	243	178	202	192	256	271	195	11	46	54	264	141	192	43	43	195	167	243	177	167	200	201	202	178	178	165	215	192	256	271	195	11	9	46	192	215	256	46	177	141	195	243	256	200	141	178	178	178	141	215	256	192	9	200	9	243	256	215	54	177	178	167	141	243	261	192	43	46	264	200	165	202	178	141	215	192	256	192	271	215	167	261	256	9	264	202	141	215	165	141	192	271	192	192	215	243	192	178	165	200	243	256	192	271	141	192	178	192	256	271	256	141	256	141	256	141	165	256
235	38	17	14	4	5	17	7	31	9	128	11	14	45	14	38	60	17	19	19	20	21	7	32	21	25	26	26	60	104	154	31	32	33	57	126	80	81	38	60	127	9	4	43	81	45	9	11	11	49	127	7	104	127	43	128	93	57	11	31	60	19	19	9	33	7	21	128	127	21	101	102	102	104	80	154	127	14	31	162	80	81	80	80	9	11	14	31	104	7	25	26	26	93	43	9	11	127	31	154	57	101	102	102	104	127	104	128	81	31	49	127	9	162	93	93	9	9	7	162	11	104	43	31	104	128	126	127	128	104	154	127	128	93	80	57	9	43	80	43	80	9	9	7	9	43	104	7	31	31	31	128	104	154	154	127	127	127	154	127	43	31	162	81	81	11	9	9	31	9	11	31	104	104	80	81	80	43	9	7	31	127	154	127	127	128	128	154	104	80	93	31	9	80	80	11	31	31	43	104	43	93	11	127	104	154	128	127	104	154	154	128	104	127	31	11	127	9	80	9	7	31	104	80	31	31	127	104	104	154	127	104	127	43	127	9	31	7	43	43	9	9	31	9	7	104	43	104	81	80	7	128	104	104	128	127	9	9	7	11	31	11	104	104	93	154	104	154	128	127	31	11	127	9	7	31	104	127	154	43	9	31	9	7	127	31	104	31	9	11	31	104	9	127	31	127	128	9
236	45	42	14	4	20	42	11	41	9	205	11	14	45	14	45	14	4	24	21	20	21	11	110	24	25	26	27	86	228	205	9	49	25	27	101	43	93	45	86	228	41	42	43	190	45	9	11	48	49	253	48	228	104	43	154	93	26	58	41	14	69	66	63	25	58	66	205	253	69	101	102	103	104	145	154	266	86	63	103	43	93	145	122	84	58	86	136	253	48	25	26	27	93	122	84	58	104	9	205	27	101	102	103	104	173	266	278	115	84	110	228	41	103	190	115	116	84	58	102	48	253	122	116	104	154	101	104	154	266	278	173	187	115	139	26	136	145	233	139	200	141	116	58	63	145	173	58	116	141	84	205	104	154	154	266	291	291	187	212	139	63	102	115	264	165	116	141	116	84	58	136	291	173	122	190	233	200	141	165	84	228	205	104	173	187	278	187	212	246	190	84	9	139	246	165	141	116	233	291	200	264	165	253	228	205	154	173	212	187	278	187	212	263	9	11	212	136	279	219	165	141	173	200	141	219	266	253	228	154	263	212	212	233	263	116	9	11	246	279	219	219	219	141	165	173	246	263	264	279	165	278	266	253	187	263	9	41	11	48	219	165	263	263	264	278	266	187	205	253	41	11	212	63	48	219	263	291	278	279	219	41	136	48	228	63	291	136	63	48	63	291	41	266	136	291	278	136
237	12	4	14	4	4	4	9	9	9	204	9	12	12	14	12	12	4	21	21	4	21	46	66	21	26	26	26	12	204	204	9	21	26	26	71	54	54	14	14	204	9	4	43	94	14	46	46	63	21	204	63	228	73	54	73	54	26	84	46	14	66	66	63	91	95	66	228	228	66	71	71	71	73	54	73	252	12	63	71	43	43	43	94	84	84	14	63	204	144	91	91	91	43	94	95	95	73	46	228	91	102	102	102	104	73	252	252	160	95	66	228	46	102	94	139	84	84	84	71	144	228	122	95	73	73	102	104	104	266	252	104	188	160	160	91	63	54	94	139	177	141	84	95	144	43	73	84	84	178	84	204	104	73	104	266	252	266	188	188	160	144	102	139	177	141	95	141	84	95	95	144	252	104	122	122	122	177	178	178	95	204	204	104	73	188	266	212	188	160	122	84	9	139	139	141	141	95	94	266	200	177	178	204	204	228	104	104	188	188	266	212	212	188	9	9	188	144	177	141	141	178	73	200	141	178	252	204	228	104	188	212	212	122	212	95	46	9	160	177	178	141	141	178	178	104	139	188	200	200	141	252	252	228	212	212	46	9	46	63	141	178	188	212	200	252	266	212	228	228	9	46	212	63	63	178	212	252	266	200	178	46	63	144	228	63	252	63	144	144	144	266	46	266	144	266	266	144
238	33	17	26	4	5	17	7	31	9	250	11	26	25	26	33	57	17	19	19	20	21	7	32	21	25	26	26	57	141	165	31	32	33	57	33	31	7	33	57	224	9	4	9	250	25	9	11	11	49	224	7	141	31	9	7	11	57	165	31	57	19	19	9	33	250	21	250	224	21	25	26	26	9	31	11	224	26	31	57	31	7	31	224	141	165	26	31	141	7	25	26	26	11	141	141	165	31	31	165	57	25	26	26	9	31	141	250	7	224	49	224	9	57	165	11	141	141	250	57	11	141	141	224	9	7	33	31	7	141	165	31	7	11	31	57	9	9	224	9	224	141	141	250	9	9	9	250	224	224	224	250	9	11	11	224	224	224	11	31	9	31	57	7	250	165	141	141	224	141	165	31	141	9	224	250	224	141	141	250	224	224	165	31	31	7	250	11	9	31	165	224	9	31	31	165	224	224	141	141	141	165	165	224	141	165	7	31	9	11	165	7	9	31	31	11	31	9	224	141	250	224	9	224	224	224	224	141	141	11	31	9	31	141	31	141	31	7	9	141	141	141	224	141	250	9	9	9	250	224	250	250	141	141	7	31	9	9	7	11	224	165	9	9	165	165	141	11	250	224	31	11	31	9	7	224	9	224	165	141	141	31	9	7	224	31	141	31	9	11	31	141	9	224	31	224	250	9
239	33	17	26	4	5	17	7	31	9	51	11	26	25	26	33	57	17	19	19	20	21	7	23	21	25	26	26	57	63	48	31	32	33	57	33	31	7	33	57	78	9	4	9	51	25	9	11	48	49	78	51	63	31	9	7	11	57	48	31	57	62	62	63	33	51	66	51	78	66	25	26	26	9	31	11	31	26	78	57	31	7	31	78	63	48	26	78	63	51	25	26	26	11	63	63	48	31	31	48	57	25	26	26	9	31	9	7	51	78	110	78	9	57	48	48	63	63	51	57	48	63	63	78	9	7	33	31	7	9	11	31	51	48	78	57	63	9	78	63	31	9	63	51	63	9	9	51	78	31	78	51	9	11	11	31	31	31	48	78	63	78	57	51	7	11	63	9	78	63	48	78	9	9	78	51	78	9	9	7	78	78	48	31	31	51	7	48	63	78	48	78	9	78	78	11	31	78	63	9	9	11	11	78	63	48	7	31	63	48	11	51	63	78	31	11	78	63	31	9	7	31	9	31	31	31	31	63	63	11	78	63	78	63	78	63	31	7	63	9	9	9	31	9	7	9	63	63	7	31	7	7	9	63	51	78	9	9	7	48	31	11	63	63	11	11	9	48	51	78	31	11	78	63	51	31	63	31	11	9	9	31	63	51	78	78	9	78	63	48	78	9	9	31	78	31	7	63
240	38	17	14	4	5	17	7	31	9	254	11	14	45	14	38	60	17	19	19	20	21	7	23	21	25	26	26	60	231	267	31	32	33	57	126	80	81	38	60	272	9	4	43	163	45	9	11	48	49	272	51	231	127	43	128	93	57	48	31	60	62	62	63	33	51	66	254	272	66	101	102	102	104	80	154	183	14	78	162	80	81	80	193	63	259	14	78	231	51	25	26	26	93	139	63	48	183	31	267	57	101	102	102	104	127	152	206	163	78	110	272	9	162	115	115	63	273	274	162	48	231	139	78	152	206	126	127	128	152	229	127	211	115	193	57	63	43	193	139	80	9	273	274	63	43	104	51	78	31	285	211	152	229	154	183	183	183	187	232	139	78	162	163	81	11	63	192	285	273	259	78	152	104	193	163	193	43	9	7	285	232	187	183	183	254	206	187	212	193	115	78	192	193	193	215	214	285	139	152	43	93	11	232	212	187	206	183	231	267	229	211	212	232	214	215	272	63	80	9	237	214	152	80	31	31	127	212	212	229	272	231	232	139	232	273	214	237	139	43	9	192	31	192	237	152	139	212	81	80	7	128	104	212	254	272	192	192	237	259	214	215	231	212	93	154	104	267	211	232	214	215	272	273	274	214	231	127	154	43	192	214	273	274	232	285	104	285	273	259	285	104	192	127	285	127	128	273
241	15	17	14	4	5	17	7	31	9	132	11	12	13	14	15	16	17	19	19	20	21	22	23	21	25	26	26	16	188	158	31	32	33	57	35	36	37	38	60	159	9	4	43	108	45	46	47	48	49	159	51	212	53	54	55	56	57	48	98	60	62	62	63	64	89	66	211	232	66	70	71	71	73	36	75	53	12	78	119	80	81	80	134	63	48	14	78	188	89	90	91	91	93	160	144	120	53	98	187	135	101	102	102	104	53	73	55	108	161	110	232	46	162	133	115	63	63	51	119	120	212	139	161	73	55	126	127	128	104	75	127	132	133	134	135	63	54	134	139	36	9	63	89	144	43	73	51	78	98	78	132	104	75	154	127	53	127	158	159	160	161	162	163	37	11	144	9	78	144	120	161	73	104	193	163	193	54	46	22	161	159	158	127	53	132	128	187	188	134	115	78	9	193	193	11	31	161	160	104	43	56	47	159	188	187	128	127	188	158	154	211	212	159	31	11	159	144	36	9	7	98	73	80	31	98	53	188	212	154	159	212	232	139	232	144	98	7	160	54	46	9	31	46	22	104	139	188	81	80	7	55	73	212	211	232	46	9	22	48	31	47	188	212	93	75	104	187	211	232	31	47	232	63	51	98	212	53	154	43	46	98	63	89	232	78	73	78	144	120	161	104	46	127	161	127	128	144
242	13	4	14	4	20	4	11	9	9	209	11	12	13	14	13	12	4	21	21	20	21	47	110	21	25	26	26	12	208	209	9	49	25	26	70	54	56	45	14	208	9	4	43	133	45	46	47	48	49	208	48	231	73	54	75	56	26	48	46	14	66	66	63	90	120	66	267	231	66	70	71	71	73	54	75	124	12	63	71	43	93	43	160	63	259	14	63	208	120	90	91	91	93	160	144	120	124	46	267	91	101	102	102	104	73	124	153	133	144	110	231	46	102	133	115	63	273	259	71	120	231	139	144	124	153	101	104	154	152	153	104	158	133	160	91	63	54	160	139	54	9	273	289	144	43	73	48	63	46	273	158	152	153	154	152	124	152	158	188	160	144	102	115	56	11	144	192	273	288	289	144	124	104	139	115	139	54	46	47	288	188	158	152	124	209	229	187	188	160	115	63	192	139	139	215	192	288	160	152	43	56	47	188	188	187	229	152	208	209	229	187	212	188	192	215	208	144	54	9	215	256	124	43	9	46	73	188	212	229	208	231	212	139	212	288	256	215	160	54	46	192	9	256	271	152	139	188	93	43	11	75	73	212	267	231	256	192	271	259	192	271	208	212	93	75	104	267	187	212	192	271	231	273	259	256	231	73	154	43	256	256	273	289	212	273	73	273	288	289	288	104	256	104	288	104	154	288
243	38	6	14	4	5	6	7	8	9	211	11	14	45	14	38	60	17	18	19	20	21	7	23	24	25	26	27	39	212	187	31	32	33	34	126	80	81	38	39	232	41	42	43	163	45	9	11	48	49	234	51	212	127	43	128	93	57	48	8	60	61	62	63	33	51	66	211	234	69	101	102	103	104	82	154	127	86	78	113	80	81	82	193	63	48	86	87	263	51	25	26	27	93	139	63	48	127	31	187	34	101	102	103	104	131	104	128	163	78	110	232	41	113	115	115	136	63	51	162	48	263	139	87	104	128	126	127	128	104	154	131	211	115	193	57	136	145	194	139	80	9	136	51	63	145	173	51	87	31	78	211	104	154	154	127	131	131	187	232	139	78	162	163	81	11	136	9	87	63	48	87	173	173	193	163	194	43	9	7	78	232	187	127	131	211	128	187	212	194	115	78	9	193	194	11	31	87	246	173	43	93	11	234	212	187	128	131	212	187	154	211	212	234	31	11	232	136	82	41	7	31	173	80	31	8	127	263	212	154	234	212	232	246	234	136	31	7	246	145	41	41	8	9	7	173	246	263	81	82	7	128	104	263	211	234	9	41	7	48	8	11	263	263	93	154	104	187	211	234	8	11	232	63	51	8	263	131	154	145	41	8	136	51	232	78	173	87	63	48	78	173	41	127	87	131	128	136
244	14	4	14	4	4	4	9	9	9	212	9	14	14	14	14	14	4	21	21	4	21	9	66	21	26	26	26	14	212	212	9	21	26	26	102	43	43	14	14	212	9	4	43	139	14	9	9	63	21	212	63	212	104	43	104	43	26	63	9	14	66	66	63	26	63	66	212	212	66	102	102	102	104	43	104	104	14	63	102	43	43	43	139	63	63	14	63	212	63	26	26	26	43	139	63	63	104	9	212	26	102	102	102	104	104	104	104	139	63	66	212	9	102	139	139	63	63	63	102	63	212	139	63	104	104	102	104	104	104	104	104	212	139	139	26	63	43	139	139	43	9	63	63	63	43	104	63	63	9	63	212	104	104	104	104	104	104	212	212	139	63	102	139	43	9	63	9	63	63	63	63	104	104	139	139	139	43	9	9	63	212	212	104	104	212	104	212	212	139	139	63	9	139	139	9	9	63	139	104	43	43	9	212	212	212	104	104	212	212	104	212	212	212	9	9	212	63	43	9	9	9	104	43	9	9	104	212	212	104	212	212	212	139	212	63	9	9	139	43	9	9	9	9	9	104	139	212	43	43	9	104	104	212	212	212	9	9	9	63	9	9	212	212	43	104	104	212	212	212	9	9	212	63	63	9	212	104	104	43	9	9	63	63	212	63	104	63	63	63	63	104	9	104	63	104	104	63
245	15	17	14	4	5	17	7	31	9	65	11	12	13	14	15	16	17	19	19	20	21	22	23	21	25	26	26	16	95	96	31	32	33	57	64	36	37	38	60	109	9	4	43	44	45	46	47	48	49	109	51	84	98	54	22	56	57	58	98	60	62	62	63	64	65	66	147	191	66	90	91	91	46	36	47	149	12	78	135	80	81	80	83	84	58	14	78	95	89	90	91	91	93	94	95	96	98	98	58	135	25	26	26	9	98	178	179	108	109	110	191	46	57	114	115	84	84	147	135	120	84	122	109	46	22	33	31	7	141	202	31	89	133	134	135	63	54	83	139	140	141	84	65	144	43	46	147	191	149	191	65	9	47	11	224	149	224	120	161	160	161	57	163	164	165	95	141	191	95	96	161	178	9	174	175	174	177	178	179	109	109	96	31	98	89	250	48	144	134	190	191	9	193	193	165	224	109	94	141	200	201	202	109	95	58	7	31	144	120	165	51	63	161	31	11	161	144	140	141	250	149	46	223	224	149	149	95	84	11	161	63	78	122	78	95	98	7	160	177	178	141	224	178	179	9	139	144	248	223	250	179	178	84	51	78	46	9	22	48	224	202	144	63	264	202	141	48	147	191	31	47	78	63	51	149	63	149	165	200	178	98	63	89	191	78	178	78	144	120	161	141	46	224	161	224	250	144
246	64	17	26	4	5	17	7	31	9	179	11	91	90	26	64	135	17	19	19	20	21	22	32	21	25	26	26	135	178	202	31	32	33	57	64	98	22	33	57	149	9	4	9	179	25	46	47	11	49	149	7	141	98	46	22	47	57	165	98	57	19	19	9	64	179	21	250	224	21	90	91	91	46	98	47	149	91	31	135	31	7	31	149	141	165	26	31	178	22	90	91	91	11	178	178	202	98	98	165	135	25	26	26	9	98	178	179	22	149	49	224	46	57	202	11	141	141	250	135	47	141	141	149	46	22	33	31	7	141	202	31	22	47	98	135	9	46	149	9	149	141	141	179	46	9	46	250	224	149	224	179	9	47	11	224	149	224	47	98	46	98	57	7	179	165	178	141	224	178	202	98	178	9	224	250	224	178	178	179	149	149	202	31	98	22	250	11	46	98	165	224	9	31	31	165	224	149	178	141	141	202	202	149	178	165	7	31	46	47	165	7	9	98	31	11	98	46	149	141	250	149	46	224	224	149	149	178	141	11	98	9	31	141	31	178	98	7	46	178	178	141	224	178	179	9	9	46	250	224	250	179	178	141	7	31	46	9	22	11	224	202	46	9	165	202	141	11	250	224	31	47	31	9	7	149	9	149	165	141	178	98	9	22	224	31	178	31	46	47	98	141	46	224	98	224	250	46
247	38	17	14	4	5	17	7	31	9	220	11	14	45	14	38	60	17	19	19	20	21	7	32	21	25	26	26	60	167	195	31	32	33	57	33	80	81	38	60	196	9	4	43	248	45	9	11	11	49	196	7	167	31	43	7	93	57	165	31	60	19	19	9	33	250	21	220	196	21	25	26	26	9	80	11	196	14	31	57	80	81	80	223	141	195	14	31	167	7	25	26	26	93	200	141	165	214	31	195	57	25	26	26	9	31	167	220	81	224	49	196	9	57	264	93	141	167	220	57	11	167	200	224	192	237	33	31	7	167	195	31	7	93	80	57	9	43	223	43	223	141	167	220	9	43	9	250	224	224	196	250	192	215	11	196	196	196	11	31	43	31	57	81	248	165	141	167	196	167	195	31	167	9	223	248	223	200	141	250	196	224	165	214	214	237	220	11	9	80	264	224	192	80	80	195	196	196	200	167	200	264	165	224	141	165	237	214	192	215	195	7	9	31	214	215	214	9	223	141	220	196	192	223	224	224	224	141	141	215	214	192	31	200	31	167	214	237	43	200	141	167	224	167	220	192	43	9	248	223	250	250	141	141	237	214	192	192	237	215	196	195	192	9	264	165	141	215	250	224	214	215	214	192	237	196	192	224	165	200	167	214	192	237	224	214	141	214	192	215	214	141	192	224	214	224	250	192
248	91	4	26	4	4	4	9	9	9	144	9	91	91	26	91	91	4	21	21	4	21	46	66	21	26	26	26	91	144	144	9	21	26	26	91	46	46	26	26	144	9	4	9	144	26	46	46	63	21	144	63	63	46	46	46	46	26	63	46	26	66	66	63	91	144	66	63	63	66	91	91	91	46	46	46	46	91	63	91	9	9	9	144	63	63	26	63	144	144	91	91	91	9	144	144	144	46	46	63	91	26	26	26	9	46	46	46	144	144	66	63	46	26	144	63	63	63	63	91	144	63	63	144	46	46	26	9	9	9	46	9	144	144	144	91	63	46	144	63	46	9	63	144	144	9	46	63	63	46	63	144	9	46	9	9	46	9	144	144	144	144	26	63	46	9	144	9	63	144	144	144	46	9	63	63	63	46	46	46	144	144	144	9	46	144	9	63	144	144	63	63	9	63	63	9	9	144	144	9	9	46	46	144	144	63	9	9	144	144	9	63	63	144	9	9	144	144	46	9	9	46	46	9	9	46	46	144	63	9	144	63	63	63	63	144	46	9	144	46	46	9	9	46	46	9	63	144	9	9	9	46	46	63	63	63	46	9	46	63	9	46	144	63	9	46	9	63	63	63	9	46	63	63	63	46	63	46	9	9	46	46	63	144	63	63	46	63	144	144	144	9	46	9	144	9	9	144
249	90	4	26	4	20	4	11	9	9	120	11	91	90	26	90	91	4	21	21	20	21	47	110	21	25	26	26	91	144	120	9	49	25	26	90	46	47	25	26	144	9	4	9	120	25	46	47	48	49	144	48	63	46	46	47	47	26	48	46	26	66	66	63	90	120	66	48	63	66	90	91	91	46	46	47	46	91	63	91	9	11	9	144	63	48	26	63	144	120	90	91	91	11	144	144	120	46	46	48	91	25	26	26	9	46	46	47	120	144	110	63	46	26	120	48	63	63	48	91	120	63	63	144	46	47	25	9	11	9	47	9	120	120	144	91	63	46	144	63	46	9	63	120	144	9	46	48	63	46	63	120	9	47	11	9	46	9	120	144	144	144	26	48	47	11	144	9	63	144	120	144	46	9	63	48	63	46	46	47	144	144	120	9	46	120	11	48	144	144	48	63	9	63	63	11	9	144	144	9	9	47	47	144	144	48	11	9	144	120	11	48	63	144	9	11	144	144	46	9	11	46	46	9	9	46	46	144	63	11	144	63	63	63	63	144	46	11	144	46	46	9	9	46	47	9	63	144	11	9	11	47	46	63	48	63	46	9	47	48	9	47	144	63	11	47	9	48	48	63	9	47	63	63	48	46	63	46	11	9	46	46	63	120	63	63	46	63	144	120	144	9	46	9	144	9	11	144
250	12	4	14	4	4	4	9	9	9	208	9	12	12	14	12	12	4	21	21	4	21	46	66	21	26	26	26	12	208	208	9	21	26	26	71	54	54	14	14	208	9	4	43	160	14	46	46	63	21	208	63	231	73	54	73	54	26	63	46	14	66	66	63	91	144	66	231	231	66	71	71	71	73	54	73	124	12	63	71	43	43	43	160	63	273	14	63	208	144	91	91	91	43	160	144	144	124	46	231	91	102	102	102	104	73	124	124	160	144	66	231	46	102	160	139	63	273	273	71	144	231	139	144	124	124	102	104	104	152	124	104	188	160	160	91	63	54	160	139	54	9	273	288	144	43	73	63	63	46	273	188	152	124	104	152	124	152	188	188	160	144	102	139	54	9	144	192	273	288	288	144	124	104	139	139	139	54	46	46	288	188	188	152	124	208	152	212	188	160	139	63	192	139	139	192	192	288	160	152	43	54	46	188	188	212	152	152	208	208	152	212	212	188	192	192	208	144	54	9	192	256	124	43	9	46	73	188	212	152	208	231	212	139	212	288	256	192	160	54	46	192	9	256	256	152	139	188	43	43	9	73	73	212	231	231	256	192	256	273	192	256	208	212	43	73	104	231	212	212	192	256	231	273	273	256	231	73	104	43	256	256	273	288	212	273	73	273	288	288	288	104	256	104	288	104	104	288
251	14	4	14	4	4	4	9	9	9	273	9	14	14	14	14	14	4	21	21	4	21	9	66	21	26	26	26	14	273	273	9	21	26	26	26	43	43	14	14	273	9	4	43	139	14	9	9	63	21	273	63	273	9	43	9	43	26	63	9	14	66	66	63	26	63	66	273	273	66	26	26	26	9	43	9	192	14	63	26	43	43	43	139	63	273	14	63	273	63	26	26	26	43	139	63	63	192	9	273	26	26	26	26	9	9	192	192	139	63	66	273	9	26	139	139	63	273	273	26	63	273	139	63	192	192	26	9	9	192	192	9	63	139	139	26	63	43	139	139	43	9	273	273	63	43	9	63	63	9	273	63	192	192	9	192	192	192	63	63	139	63	26	139	43	9	63	192	273	273	273	63	192	9	139	139	139	43	9	9	273	63	63	192	192	273	192	63	63	139	139	63	192	139	139	192	192	273	139	192	43	43	9	63	63	63	192	192	273	273	192	63	63	63	192	192	273	63	43	9	192	192	192	43	9	9	9	63	63	192	273	273	63	139	63	273	192	192	139	43	9	192	9	192	192	192	139	63	43	43	9	9	9	63	273	273	192	192	192	273	192	192	273	63	43	9	9	273	63	63	192	192	273	273	273	192	273	9	9	43	192	192	273	273	63	273	9	273	273	273	273	9	192	9	273	9	9	273
252	38	6	14	4	5	6	7	8	9	274	11	14	45	14	38	60	17	18	19	20	21	7	23	24	25	26	27	39	273	259	31	32	33	34	33	80	81	38	39	285	41	42	43	163	45	9	11	48	49	287	51	273	31	43	7	93	57	48	8	60	61	62	63	33	51	66	274	287	69	25	26	27	9	82	11	214	86	78	34	80	81	82	193	63	259	86	87	282	51	25	26	27	93	139	63	48	214	31	259	34	25	26	27	9	8	192	237	163	78	110	285	41	34	115	115	136	273	274	57	48	282	139	87	192	237	33	31	7	192	215	8	51	115	193	57	136	145	194	139	80	9	282	274	63	145	41	51	87	31	285	51	192	215	11	214	270	270	48	78	139	78	57	163	81	11	136	192	287	273	259	87	257	41	193	163	194	43	9	7	285	78	48	214	270	274	237	48	63	194	115	78	192	193	194	215	214	287	246	257	43	93	11	87	63	48	237	270	273	259	215	51	63	87	214	215	285	136	82	41	237	214	257	80	31	8	31	136	63	215	287	273	78	246	87	282	214	237	246	145	41	257	8	192	237	257	246	136	81	82	7	7	9	136	274	287	192	257	237	259	270	215	282	136	93	11	9	259	51	87	270	215	285	273	274	270	282	8	11	145	257	270	282	274	78	285	41	287	273	259	285	41	257	31	287	8	7	282
253	15	17	14	4	5	17	7	31	9	258	11	12	13	14	15	16	17	19	19	20	21	22	32	21	25	26	26	16	256	271	31	32	33	57	64	36	37	38	60	236	9	4	43	37	45	46	47	11	49	236	7	192	98	54	22	56	57	11	98	60	19	19	9	64	22	21	237	214	21	90	91	91	46	36	47	236	12	31	135	80	81	80	36	9	215	14	31	256	22	90	91	91	93	54	46	47	236	98	215	135	25	26	26	9	98	256	258	37	98	49	214	46	57	56	93	9	192	237	135	47	192	43	98	256	258	33	31	7	192	271	31	22	56	36	135	9	54	36	43	36	9	192	258	46	43	46	7	31	98	214	22	192	271	11	214	236	214	47	98	54	98	57	81	37	11	46	192	214	256	271	98	256	9	80	81	80	54	46	22	236	98	47	214	236	258	237	11	46	36	93	31	192	80	80	215	214	236	54	192	43	56	47	98	46	11	237	214	256	271	215	7	9	98	214	215	236	46	36	9	237	236	256	80	31	98	98	46	9	215	236	192	31	43	31	256	236	237	54	54	46	192	31	256	258	192	43	46	81	80	7	22	46	9	237	214	256	192	258	215	214	271	256	9	93	47	9	215	7	31	214	271	214	192	237	236	192	98	11	43	256	236	192	258	31	214	46	214	256	271	236	9	256	31	236	31	7	256
254	12	4	14	4	4	4	9	9	9	178	9	12	12	14	12	12	4	21	21	4	21	46	21	21	26	26	26	12	178	178	9	21	26	26	91	54	54	14	14	178	9	4	43	177	14	46	46	9	21	178	9	141	46	54	46	54	26	141	46	14	21	21	9	91	178	21	141	141	21	91	91	91	46	54	46	178	12	9	91	43	43	43	177	141	141	14	9	178	46	91	91	91	43	177	178	178	46	46	141	91	26	26	26	9	46	178	178	54	178	21	141	46	26	177	43	141	141	141	91	46	141	200	178	46	46	26	9	9	141	178	9	46	54	54	91	9	54	177	43	177	141	141	178	46	43	46	141	141	178	141	178	9	46	9	141	178	141	46	46	54	46	26	43	177	141	178	141	141	178	178	46	178	9	200	200	200	177	178	178	178	178	178	9	46	46	141	9	46	54	200	141	9	43	43	141	141	178	177	141	200	177	178	178	178	141	9	9	46	46	141	9	9	46	9	9	46	46	177	141	141	178	46	200	141	178	178	178	141	9	46	9	9	200	9	178	46	9	54	177	178	141	141	178	178	9	43	46	200	200	141	178	178	141	9	9	46	9	46	9	141	178	46	9	200	178	141	9	141	141	9	46	9	9	9	178	9	178	141	200	178	46	9	46	141	9	178	9	46	46	46	141	46	141	46	141	141	46
255	13	4	14	4	20	4	11	9	9	202	11	12	13	14	13	12	4	21	21	20	21	47	49	21	25	26	26	12	178	202	9	49	25	26	90	54	56	45	14	178	9	4	43	201	45	46	47	11	49	178	11	141	46	54	47	56	26	165	46	14	21	21	9	90	202	21	165	141	21	90	91	91	46	54	47	178	12	9	91	43	93	43	177	141	165	14	9	178	47	90	91	91	93	177	178	202	46	46	165	91	25	26	26	9	46	178	202	56	178	49	141	46	26	201	93	141	141	165	91	47	141	200	178	46	47	25	9	11	141	202	9	47	56	54	91	9	54	177	43	177	141	141	202	46	43	46	165	141	178	141	202	9	47	11	141	178	141	47	46	54	46	26	93	201	165	178	141	141	178	202	46	178	9	200	264	200	177	178	202	178	178	202	9	46	47	165	11	46	54	264	141	9	43	43	165	141	178	177	141	200	201	202	178	178	165	11	9	46	47	165	11	9	46	9	11	46	46	177	141	165	178	46	200	141	178	178	178	141	11	46	9	9	200	9	178	46	11	54	177	178	141	141	178	202	9	43	46	264	200	165	202	178	141	11	9	46	9	47	11	141	202	46	9	264	202	141	11	165	141	9	47	9	9	11	178	9	178	165	200	178	46	9	47	141	9	178	9	46	47	46	141	46	141	46	141	165	46
256	38	6	14	4	5	6	7	8	9	268	11	14	45	14	38	60	17	18	19	20	21	7	23	24	25	26	27	39	228	205	31	32	33	34	126	80	81	38	39	284	41	42	43	175	45	9	11	48	49	269	51	228	127	43	128	93	57	58	8	60	61	62	63	33	147	66	268	269	69	101	102	103	104	82	154	293	86	78	113	80	81	82	174	84	58	86	87	253	51	25	26	27	93	122	84	58	127	31	205	34	101	102	103	104	131	266	296	163	191	110	284	41	113	190	115	116	84	147	162	48	253	122	148	104	128	126	127	128	266	278	131	211	115	193	57	136	145	176	139	223	141	116	147	63	145	173	147	148	224	191	268	104	154	154	293	295	295	187	232	139	78	162	163	248	165	116	141	148	84	58	87	291	173	174	175	176	200	141	250	191	284	205	127	131	211	296	187	212	194	190	191	9	193	194	165	224	148	233	291	200	264	165	269	228	205	128	131	212	187	278	211	212	234	31	11	232	136	249	219	250	224	173	223	224	242	293	253	228	154	234	212	232	233	234	116	31	7	246	279	219	219	242	141	250	173	246	263	248	249	250	296	266	253	211	234	9	41	7	48	242	165	263	263	264	278	266	187	268	269	8	11	232	63	51	242	263	295	278	279	219	8	136	51	284	78	291	87	63	48	78	291	41	293	87	295	296	136
257	15	17	14	4	5	17	7	31	9	151	11	12	13	14	15	16	17	19	19	20	21	22	23	21	25	26	26	16	204	182	31	32	33	57	35	36	37	38	60	181	9	4	43	44	45	46	47	48	49	181	51	228	53	54	55	56	57	58	98	60	62	62	63	64	65	66	268	284	66	70	71	71	73	36	75	226	12	78	119	80	81	80	83	84	58	14	78	204	89	90	91	91	93	94	95	96	53	98	205	135	101	102	102	104	53	252	251	108	109	110	284	46	162	114	115	84	84	147	119	120	228	122	109	73	55	126	127	128	266	265	127	132	133	134	135	63	54	83	139	140	141	84	65	144	43	73	147	191	149	191	151	104	75	154	293	226	293	158	159	160	161	162	163	164	165	95	141	191	95	96	161	252	104	174	175	174	177	178	179	109	181	182	127	53	132	296	187	188	134	190	191	9	193	193	165	224	109	94	266	200	201	202	181	204	205	128	127	188	158	278	211	212	159	31	11	159	144	140	141	250	149	73	223	224	149	226	204	228	154	159	212	232	122	232	95	98	7	160	177	178	141	224	178	179	104	139	188	248	223	250	251	252	228	211	232	46	9	22	48	224	202	188	212	264	265	266	187	268	284	31	47	232	63	51	149	212	226	278	200	178	98	63	89	284	78	252	78	144	120	161	266	46	293	161	293	296	144
258	14	4	14	4	4	4	9	9	9	228	9	14	14	14	14	14	4	21	21	4	21	9	66	21	26	26	26	14	228	228	9	21	26	26	102	43	43	14	14	228	9	4	43	122	14	9	9	63	21	228	63	228	104	43	104	43	26	84	9	14	66	66	63	26	84	66	228	228	66	102	102	102	104	43	104	266	14	63	102	43	43	43	122	84	84	14	63	228	63	26	26	26	43	122	84	84	104	9	228	26	102	102	102	104	104	266	266	139	84	66	228	9	102	122	139	84	84	84	102	63	228	122	84	104	104	102	104	104	266	266	104	212	139	139	26	63	43	122	139	200	141	84	84	63	43	104	84	84	141	84	228	104	104	104	266	266	266	212	212	139	63	102	139	200	141	84	141	84	84	84	63	266	104	122	122	122	200	141	141	84	228	228	104	104	212	266	212	212	139	122	84	9	139	139	141	141	84	122	266	200	200	141	228	228	228	104	104	212	212	266	212	212	212	9	9	212	63	200	141	141	141	104	200	141	141	266	228	228	104	212	212	212	122	212	84	9	9	139	200	141	141	141	141	141	104	139	212	200	200	141	266	266	228	212	212	9	9	9	63	141	141	212	212	200	266	266	212	228	228	9	9	212	63	63	141	212	266	266	200	141	9	63	63	228	63	266	63	63	63	63	266	9	266	63	266	266	63
259	16	17	14	4	17	17	31	31	9	226	9	12	12	14	16	16	17	19	19	4	21	98	19	21	26	26	26	16	252	252	31	19	57	57	119	36	36	60	60	226	9	4	43	140	14	46	46	9	21	226	31	266	53	54	53	54	57	141	98	60	19	19	9	135	149	21	293	293	21	71	71	71	73	36	73	226	12	31	119	80	80	80	140	141	141	14	31	252	98	91	91	91	43	177	178	178	53	98	266	135	102	102	102	104	53	252	226	36	149	21	293	46	162	177	43	141	141	224	119	46	266	200	149	73	53	162	127	127	266	252	127	53	54	36	135	9	54	140	43	140	141	141	149	46	43	73	224	224	149	224	226	104	73	104	293	226	293	73	53	54	98	162	80	140	141	178	141	224	178	178	98	252	104	223	223	223	177	178	149	149	226	252	127	53	53	293	104	73	36	200	224	9	80	80	141	224	149	177	266	200	177	178	226	252	266	127	127	73	73	266	127	104	53	31	9	53	46	140	141	224	149	73	223	224	149	226	252	266	104	53	104	127	200	127	178	98	31	54	177	178	141	224	178	149	104	43	73	223	223	224	226	252	266	127	127	46	9	98	9	224	178	73	104	200	252	266	104	293	293	31	46	127	9	31	149	104	226	266	200	178	98	9	98	293	31	252	31	46	46	98	266	46	293	98	293	293	46
260	13	4	14	4	20	4	11	9	9	158	11	12	13	14	13	12	4	21	21	20	21	47	110	21	25	26	26	12	188	158	9	49	25	26	70	54	56	45	14	188	9	4	43	133	45	46	47	48	49	188	48	212	73	54	75	56	26	48	46	14	66	66	63	90	120	66	187	212	66	70	71	71	73	54	75	73	12	63	71	43	93	43	160	63	48	14	63	188	120	90	91	91	93	160	144	120	73	46	187	91	101	102	102	104	73	73	75	133	144	110	212	46	102	133	115	63	63	48	71	120	212	139	144	73	75	101	104	154	104	75	104	158	133	160	91	63	54	160	139	54	9	63	120	144	43	73	48	63	46	63	158	104	75	154	104	73	104	158	188	160	144	102	115	56	11	144	9	63	144	120	144	73	104	139	115	139	54	46	47	144	188	158	104	73	158	154	187	188	160	115	63	9	139	139	11	9	144	160	104	43	56	47	188	188	187	154	104	188	158	154	187	212	188	9	11	188	144	54	9	11	46	73	43	9	46	73	188	212	154	188	212	212	139	212	144	46	11	160	54	46	9	9	46	47	104	139	188	93	43	11	75	73	212	187	212	46	9	47	48	9	47	188	212	93	75	104	187	187	212	9	47	212	63	48	46	212	73	154	43	46	46	63	120	212	63	73	63	144	120	144	104	46	104	144	104	154	144
261	60	17	14	4	17	17	31	31	9	232	9	14	14	14	60	60	17	19	19	4	21	31	62	21	26	26	26	60	212	212	31	19	57	57	162	80	80	60	60	232	9	4	43	193	14	9	9	63	21	232	78	212	127	43	127	43	57	63	31	60	62	62	63	57	78	66	232	232	66	102	102	102	104	80	104	127	14	78	162	80	80	80	193	63	63	14	78	212	78	26	26	26	43	139	63	63	127	31	212	57	102	102	102	104	127	104	127	193	78	66	232	9	162	139	139	63	63	78	162	63	212	139	78	104	127	162	127	127	104	104	127	232	139	193	57	63	43	193	139	80	9	63	78	63	43	104	78	78	31	78	232	104	104	104	127	127	127	212	232	139	78	162	193	80	9	63	9	78	63	63	78	104	104	193	193	193	43	9	31	78	232	212	127	127	232	127	212	212	193	139	78	9	193	193	9	31	78	139	104	43	43	9	232	212	212	127	127	212	212	104	232	212	232	31	9	232	63	80	9	31	31	104	80	31	31	127	212	212	104	232	212	232	139	232	63	31	31	139	43	9	9	31	9	31	104	139	212	80	80	31	127	104	212	232	232	9	9	31	63	31	9	212	212	43	104	104	212	232	232	31	9	232	63	78	31	212	127	104	43	9	31	63	78	232	78	104	78	63	63	78	104	9	127	78	127	127	63
262	38	17	14	4	5	17	7	31	9	250	11	14	45	14	38	60	17	19	19	20	21	7	32	21	25	26	26	60	141	165	31	32	33	57	33	80	81	38	60	224	9	4	43	248	45	9	11	11	49	224	7	141	31	43	7	93	57	165	31	60	19	19	9	33	250	21	250	224	21	25	26	26	9	80	11	224	14	31	57	80	81	80	223	141	165	14	31	141	7	25	26	26	93	200	141	165	31	31	165	57	25	26	26	9	31	141	250	81	224	49	224	9	57	264	93	141	141	250	57	11	141	200	224	9	7	33	31	7	141	165	31	7	93	80	57	9	43	223	43	223	141	141	250	9	43	9	250	224	224	224	250	9	11	11	224	224	224	11	31	43	31	57	81	248	165	141	141	224	141	165	31	141	9	223	248	223	200	141	250	224	224	165	31	31	7	250	11	9	80	264	224	9	80	80	165	224	224	200	141	200	264	165	224	141	165	7	31	9	11	165	7	9	31	31	11	31	9	223	141	250	224	9	223	224	224	224	141	141	11	31	9	31	200	31	141	31	7	43	200	141	141	224	141	250	9	43	9	248	223	250	250	141	141	7	31	9	9	7	11	224	165	9	9	264	165	141	11	250	224	31	11	31	9	7	224	9	224	165	200	141	31	9	7	224	31	141	31	9	11	31	141	9	224	31	224	250	9
263	15	17	14	4	5	17	7	31	9	244	11	12	13	14	15	16	17	19	19	20	21	22	32	21	25	26	26	16	243	261	31	32	33	57	64	36	37	38	60	221	9	4	43	164	45	46	47	11	49	221	7	167	98	54	22	56	57	165	98	60	19	19	9	64	179	21	220	196	21	90	91	91	46	36	47	221	12	31	135	80	81	80	140	141	195	14	31	243	22	90	91	91	93	177	178	202	236	98	195	135	25	26	26	9	98	243	244	37	149	49	196	46	57	201	93	141	167	220	135	47	167	200	149	256	258	33	31	7	167	261	31	22	56	36	135	9	54	140	43	140	141	167	244	46	43	46	250	224	149	196	179	192	271	11	196	221	196	47	98	54	98	57	81	164	165	178	167	196	243	261	98	243	9	223	248	223	177	178	179	221	149	202	214	236	258	220	11	46	36	264	224	192	80	80	195	196	221	177	167	200	201	202	149	178	165	237	214	256	271	195	7	9	98	214	215	236	46	140	141	220	221	256	223	224	149	149	178	141	215	236	192	31	200	31	243	236	237	54	177	178	167	224	243	244	192	43	46	248	223	250	179	178	141	237	214	256	192	258	215	196	261	256	9	264	202	141	215	250	224	214	271	214	192	237	221	192	149	165	200	243	236	192	258	224	214	178	214	256	271	236	141	256	224	236	224	250	256
264	135	17	26	4	17	17	31	31	9	161	9	91	91	26	135	135	17	19	19	4	21	98	62	21	26	26	26	135	144	144	31	19	57	57	135	98	98	57	57	161	9	4	9	161	26	46	46	63	21	161	78	63	98	46	98	46	57	63	98	57	62	62	63	135	161	66	78	78	66	91	91	91	46	98	46	98	91	78	135	31	31	31	161	63	63	26	78	144	161	91	91	91	9	144	144	144	98	98	63	135	26	26	26	9	98	46	98	161	161	66	78	46	57	144	63	63	63	78	135	144	63	63	161	46	98	57	31	31	9	46	31	161	144	161	135	63	46	161	63	98	9	63	161	144	9	46	78	78	98	78	161	9	46	9	31	98	31	144	161	144	161	57	78	98	9	144	9	78	144	144	161	46	9	78	78	78	46	46	98	161	161	144	31	98	161	31	63	144	161	63	78	9	78	78	9	31	161	144	9	9	46	46	161	144	63	31	31	144	144	9	78	63	161	31	9	161	144	98	9	31	98	46	31	31	98	98	144	63	9	161	63	78	63	78	144	98	31	144	46	46	9	31	46	98	9	63	144	31	31	31	98	46	63	78	78	46	9	98	63	31	46	144	63	9	46	9	63	78	78	31	46	78	63	78	98	63	98	9	9	46	98	63	161	78	78	46	78	144	144	161	9	46	31	161	31	31	144
265	60	17	14	4	17	17	31	31	9	285	9	14	14	14	60	60	17	19	19	4	21	31	62	21	26	26	26	60	273	273	31	19	57	57	57	80	80	60	60	285	9	4	43	193	14	9	9	63	21	285	78	273	31	43	31	43	57	63	31	60	62	62	63	57	78	66	285	285	66	26	26	26	9	80	9	214	14	78	57	80	80	80	193	63	273	14	78	273	78	26	26	26	43	139	63	63	214	31	273	57	26	26	26	9	31	192	214	193	78	66	285	9	57	139	139	63	273	285	57	63	273	139	78	192	214	57	31	31	192	192	31	78	139	193	57	63	43	193	139	80	9	273	285	63	43	9	78	78	31	285	78	192	192	9	214	214	214	63	78	139	78	57	193	80	9	63	192	285	273	273	78	192	9	193	193	193	43	9	31	285	78	63	214	214	285	214	63	63	193	139	78	192	193	193	192	214	285	139	192	43	43	9	78	63	63	214	214	273	273	192	78	63	78	214	192	285	63	80	9	214	214	192	80	31	31	31	63	63	192	285	273	78	139	78	273	214	214	139	43	9	192	31	192	214	192	139	63	80	80	31	31	9	63	285	285	192	192	214	273	214	192	273	63	43	9	9	273	78	78	214	192	285	273	285	214	273	31	9	43	192	214	273	285	78	285	9	285	273	273	285	9	192	31	285	31	31	273
266	15	6	14	4	5	6	7	8	9	283	11	12	13	14	15	16	17	18	19	20	21	22	23	24	25	26	27	28	288	289	31	32	33	34	64	36	37	38	39	290	41	42	43	108	45	46	47	48	49	294	51	273	98	54	22	56	57	48	59	60	61	62	63	64	89	66	274	287	69	90	91	92	46	74	47	236	77	78	100	80	81	82	134	63	259	86	87	297	89	90	91	92	93	160	144	120	236	98	259	100	25	26	27	9	59	256	258	108	161	110	285	112	34	133	115	136	273	274	135	120	282	139	171	256	258	33	31	7	192	271	8	89	133	134	135	136	137	189	139	36	9	282	283	144	145	112	51	87	98	285	89	192	271	11	214	281	270	120	161	160	161	57	163	37	11	217	192	287	288	289	171	292	41	193	163	194	54	46	22	290	161	120	214	281	283	237	48	144	189	115	78	192	193	194	215	214	294	238	257	43	56	47	171	144	48	237	270	288	289	215	51	63	171	214	215	290	217	74	41	237	236	292	80	31	59	98	217	63	215	294	273	78	246	87	297	236	237	238	137	112	257	8	256	258	257	246	217	81	82	7	22	46	136	274	287	256	257	258	259	270	271	297	136	93	47	9	259	51	87	270	271	285	273	274	281	282	59	11	145	292	281	282	283	78	285	112	287	288	289	290	41	292	31	294	8	7	297
267	16	17	14	4	17	17	31	31	9	149	9	12	12	14	16	16	17	19	19	4	21	98	19	21	26	26	26	16	178	178	31	19	57	57	135	36	36	60	60	149	9	4	43	140	14	46	46	9	21	149	31	141	98	54	98	54	57	141	98	60	19	19	9	135	149	21	224	224	21	91	91	91	46	36	46	149	12	31	135	80	80	80	140	141	141	14	31	178	98	91	91	91	43	177	178	178	98	98	141	135	26	26	26	9	98	178	149	36	149	21	224	46	57	177	43	141	141	224	135	46	141	200	149	46	98	57	31	31	141	178	31	98	54	36	135	9	54	140	43	140	141	141	149	46	43	46	224	224	149	224	149	9	46	9	224	149	224	46	98	54	98	57	80	140	141	178	141	224	178	178	98	178	9	223	223	223	177	178	149	149	149	178	31	98	98	224	9	46	36	200	224	9	80	80	141	224	149	177	141	200	177	178	149	178	141	31	31	46	46	141	31	9	98	31	9	98	46	140	141	224	149	46	223	224	149	149	178	141	9	98	9	31	200	31	178	98	31	54	177	178	141	224	178	149	9	43	46	223	223	224	149	178	141	31	31	46	9	98	9	224	178	46	9	200	178	141	9	224	224	31	46	31	9	31	149	9	149	141	200	178	98	9	98	224	31	178	31	46	46	98	141	46	224	98	224	224	46
268	12	4	14	4	4	4	9	9	9	256	9	12	12	14	12	12	4	21	21	4	21	46	21	21	26	26	26	12	256	256	9	21	26	26	91	54	54	14	14	256	9	4	43	54	14	46	46	9	21	256	9	192	46	54	46	54	26	9	46	14	21	21	9	91	46	21	192	192	21	91	91	91	46	54	46	256	12	9	91	43	43	43	54	9	192	14	9	256	46	91	91	91	43	54	46	46	256	46	192	91	26	26	26	9	46	256	256	54	46	21	192	46	26	54	43	9	192	192	91	46	192	43	46	256	256	26	9	9	192	256	9	46	54	54	91	9	54	54	43	54	9	192	256	46	43	46	9	9	46	192	46	192	256	9	192	256	192	46	46	54	46	26	43	54	9	46	192	192	256	256	46	256	9	43	43	43	54	46	46	256	46	46	192	256	256	192	9	46	54	43	9	192	43	43	192	192	256	54	192	43	54	46	46	46	9	192	192	256	256	192	9	9	46	192	192	256	46	54	9	192	256	256	43	9	46	46	46	9	192	256	192	9	43	9	256	256	192	54	54	46	192	9	256	256	192	43	46	43	43	9	46	46	9	192	192	256	192	256	192	192	256	256	9	43	46	9	192	9	9	192	256	192	192	192	256	192	46	9	43	256	256	192	256	9	192	46	192	256	256	256	9	256	9	256	9	9	256
269	13	4	14	4	20	4	11	9	9	271	11	12	13	14	13	12	4	21	21	20	21	47	49	21	25	26	26	12	256	271	9	49	25	26	90	54	56	45	14	256	9	4	43	56	45	46	47	11	49	256	11	192	46	54	47	56	26	11	46	14	21	21	9	90	47	21	215	192	21	90	91	91	46	54	47	256	12	9	91	43	93	43	54	9	215	14	9	256	47	90	91	91	93	54	46	47	256	46	215	91	25	26	26	9	46	256	271	56	46	49	192	46	26	56	93	9	192	215	91	47	192	43	46	256	271	25	9	11	192	271	9	47	56	54	91	9	54	54	43	54	9	192	271	46	43	46	11	9	46	192	47	192	271	11	192	256	192	47	46	54	46	26	93	56	11	46	192	192	256	271	46	256	9	43	93	43	54	46	47	256	46	47	192	256	271	215	11	46	54	93	9	192	43	43	215	192	256	54	192	43	56	47	46	46	11	215	192	256	271	215	11	9	46	192	215	256	46	54	9	215	256	256	43	9	46	46	46	9	215	256	192	9	43	9	256	256	215	54	54	46	192	9	256	271	192	43	46	93	43	11	47	46	9	215	192	256	192	271	215	192	271	256	9	93	47	9	215	11	9	192	271	192	192	215	256	192	46	11	43	256	256	192	271	9	192	46	192	256	271	256	9	256	9	256	9	11	256
270	13	4	14	4	20	4	11	9	9	182	11	12	13	14	13	12	4	21	21	20	21	47	110	21	25	26	26	12	204	182	9	49	25	26	70	54	56	45	14	204	9	4	43	114	45	46	47	48	49	204	48	228	73	54	75	56	26	58	46	14	66	66	63	90	96	66	205	228	66	70	71	71	73	54	75	252	12	63	71	43	93	43	94	84	58	14	63	204	120	90	91	91	93	94	95	96	73	46	205	91	101	102	102	104	73	252	265	133	95	110	228	46	102	114	115	84	84	58	71	120	228	122	95	73	75	101	104	154	266	265	104	158	133	160	91	63	54	94	139	177	141	84	96	144	43	73	58	84	178	84	182	104	75	154	266	252	266	158	188	160	144	102	115	201	165	95	141	84	95	96	144	252	104	122	190	122	177	178	202	95	204	182	104	73	158	278	187	188	160	190	84	9	139	139	165	141	95	94	266	200	201	202	204	204	205	154	104	188	158	278	187	212	188	9	11	188	144	177	141	165	178	73	200	141	178	252	204	228	154	188	212	212	122	212	95	46	11	160	177	178	141	141	178	202	104	139	188	264	200	165	265	252	228	187	212	46	9	47	48	141	202	188	212	264	265	266	187	205	228	9	47	212	63	48	178	212	252	278	200	178	46	63	120	228	63	252	63	144	120	144	266	46	266	144	266	278	144
271	60	17	14	4	17	17	31	31	9	284	9	14	14	14	60	60	17	19	19	4	21	31	62	21	26	26	26	60	228	228	31	19	57	57	162	80	80	60	60	284	9	4	43	174	14	9	9	63	21	284	78	228	127	43	127	43	57	84	31	60	62	62	63	57	191	66	284	284	66	102	102	102	104	80	104	293	14	78	162	80	80	80	174	84	84	14	78	228	78	26	26	26	43	122	84	84	127	31	228	57	102	102	102	104	127	266	293	193	191	66	284	9	162	122	139	84	84	191	162	63	228	122	191	104	127	162	127	127	266	266	127	232	139	193	57	63	43	174	139	223	141	84	191	63	43	104	191	191	224	191	284	104	104	104	293	293	293	212	232	139	78	162	193	223	141	84	141	191	84	84	78	266	104	174	174	174	200	141	224	191	284	228	127	127	232	293	212	212	193	122	191	9	193	193	141	224	191	122	266	200	200	141	284	228	228	127	127	212	212	266	232	212	232	31	9	232	63	223	141	224	224	104	223	224	224	293	228	228	104	232	212	232	122	232	84	31	31	139	200	141	141	224	141	224	104	139	212	223	223	224	293	266	228	232	232	9	9	31	63	224	141	212	212	200	266	266	212	284	284	31	9	232	63	78	224	212	293	266	200	141	31	63	78	284	78	266	78	63	63	78	266	9	293	78	293	293	63
272	13	42	14	4	20	42	11	41	9	202	11	12	13	14	13	12	4	24	21	20	21	47	49	24	25	26	27	77	178	202	9	49	25	27	90	54	56	45	86	178	41	42	43	201	45	46	47	11	49	240	11	141	46	54	47	56	26	165	112	14	24	21	9	90	202	21	165	219	24	90	91	92	46	137	47	178	77	9	92	43	93	145	177	141	165	86	41	240	47	90	91	92	93	177	178	202	46	46	165	92	25	26	27	9	112	178	202	56	178	49	141	112	27	201	93	219	141	165	91	47	219	200	240	46	47	25	9	11	141	202	41	47	56	54	91	41	137	239	43	177	141	219	202	46	145	112	165	219	178	141	202	9	47	11	141	240	219	47	46	54	46	26	93	201	165	240	141	219	178	202	112	240	41	200	264	279	177	178	202	178	178	202	9	112	47	165	11	46	137	264	141	9	43	145	165	141	240	239	219	200	201	202	240	178	165	11	41	46	47	165	11	9	112	9	11	46	112	239	219	165	178	112	200	141	240	178	240	141	11	112	9	9	279	41	240	46	11	137	239	240	219	219	178	202	41	145	112	264	279	165	202	178	219	11	41	46	41	47	11	219	202	112	41	264	202	141	11	165	219	41	47	9	9	11	240	41	240	165	279	240	112	41	47	141	9	240	41	46	47	46	219	112	141	112	219	165	112
273	15	6	14	4	5	6	7	8	9	251	11	12	13	14	15	16	17	18	19	20	21	22	32	24	25	26	27	28	252	265	31	32	33	34	35	36	37	38	39	226	41	42	43	164	45	46	47	11	49	277	7	266	53	54	55	56	57	165	59	60	18	19	9	64	179	21	296	295	24	70	71	72	73	74	75	226	77	31	79	80	81	82	140	141	165	86	8	286	22	90	91	92	93	177	178	202	53	98	278	100	101	102	103	104	105	252	251	37	149	49	293	112	113	201	93	219	141	250	119	47	291	200	225	73	55	126	127	128	266	265	131	55	56	36	135	41	137	218	43	140	141	219	179	46	145	146	250	242	149	224	251	104	75	154	293	277	295	75	53	54	98	162	81	164	165	240	141	242	178	202	59	286	173	223	248	249	177	178	179	149	226	265	127	105	55	296	154	73	74	264	224	9	80	82	165	224	225	239	291	200	201	202	277	252	278	128	131	73	75	278	128	104	105	31	11	53	112	218	219	250	149	146	223	224	225	226	286	266	154	105	104	127	279	131	240	98	7	137	239	240	219	242	178	179	173	145	146	248	249	250	251	252	291	128	131	46	41	22	11	242	202	146	173	264	265	266	154	296	295	8	47	127	9	7	225	173	277	278	279	240	59	41	22	293	31	286	8	46	47	98	291	112	293	59	295	296	112
274	12	4	14	4	4	4	9	9	9	252	9	12	12	14	12	12	4	21	21	4	21	46	21	21	26	26	26	12	252	252	9	21	26	26	71	54	54	14	14	252	9	4	43	177	14	46	46	9	21	252	9	266	73	54	73	54	26	141	46	14	21	21	9	91	178	21	266	266	21	71	71	71	73	54	73	252	12	9	71	43	43	43	177	141	141	14	9	252	46	91	91	91	43	177	178	178	73	46	266	91	102	102	102	104	73	252	252	54	178	21	266	46	102	177	43	141	141	141	71	46	266	200	178	73	73	102	104	104	266	252	104	73	54	54	91	9	54	177	43	177	141	141	178	46	43	73	141	141	178	141	252	104	73	104	266	252	266	73	73	54	46	102	43	177	141	178	141	141	178	178	46	252	104	200	200	200	177	178	178	178	252	252	104	73	73	266	104	73	54	200	141	9	43	43	141	141	178	177	266	200	177	178	252	252	266	104	104	73	73	266	104	104	73	9	9	73	46	177	141	141	178	73	200	141	178	252	252	266	104	73	104	104	200	104	178	46	9	54	177	178	141	141	178	178	104	43	73	200	200	141	252	252	266	104	104	46	9	46	9	141	178	73	104	200	252	266	104	266	266	9	46	104	9	9	178	104	252	266	200	178	46	9	46	266	9	252	9	46	46	46	266	46	266	46	266	266	46
275	45	4	14	4	20	4	11	9	9	187	11	14	45	14	45	14	4	21	21	20	21	11	110	21	25	26	26	14	212	187	9	49	25	26	101	43	93	45	14	212	9	4	43	115	45	9	11	48	49	212	48	212	104	43	154	93	26	48	9	14	66	66	63	25	48	66	187	212	66	101	102	102	104	43	154	104	14	63	102	43	93	43	139	63	48	14	63	212	48	25	26	26	93	139	63	48	104	9	187	26	101	102	102	104	104	104	154	115	63	110	212	9	102	115	115	63	63	48	102	48	212	139	63	104	154	101	104	154	104	154	104	187	115	139	26	63	43	139	139	43	9	63	48	63	43	104	48	63	9	63	187	104	154	154	104	104	104	187	212	139	63	102	115	93	11	63	9	63	63	48	63	104	104	139	115	139	43	9	11	63	212	187	104	104	187	154	187	212	139	115	63	9	139	139	11	9	63	139	104	43	93	11	212	212	187	154	104	212	187	154	187	212	212	9	11	212	63	43	9	11	9	104	43	9	9	104	212	212	154	212	212	212	139	212	63	9	11	139	43	9	9	9	9	11	104	139	212	93	43	11	154	104	212	187	212	9	9	11	48	9	11	212	212	93	154	104	187	187	212	9	11	212	63	48	9	212	104	154	43	9	9	63	48	212	63	104	63	63	48	63	104	9	104	63	104	154	63
276	15	17	14	4	5	17	7	31	9	179	11	12	13	14	15	16	17	19	19	20	21	22	32	21	25	26	26	16	178	202	31	32	33	57	64	36	37	38	60	149	9	4	43	164	45	46	47	11	49	149	7	141	98	54	22	56	57	165	98	60	19	19	9	64	179	21	250	224	21	90	91	91	46	36	47	149	12	31	135	80	81	80	140	141	165	14	31	178	22	90	91	91	93	177	178	202	98	98	165	135	25	26	26	9	98	178	179	37	149	49	224	46	57	201	93	141	141	250	135	47	141	200	149	46	22	33	31	7	141	202	31	22	56	36	135	9	54	140	43	140	141	141	179	46	43	46	250	224	149	224	179	9	47	11	224	149	224	47	98	54	98	57	81	164	165	178	141	224	178	202	98	178	9	223	248	223	177	178	179	149	149	202	31	98	22	250	11	46	36	264	224	9	80	80	165	224	149	177	141	200	201	202	149	178	165	7	31	46	47	165	7	9	98	31	11	98	46	140	141	250	149	46	223	224	149	149	178	141	11	98	9	31	200	31	178	98	7	54	177	178	141	224	178	179	9	43	46	248	223	250	179	178	141	7	31	46	9	22	11	224	202	46	9	264	202	141	11	250	224	31	47	31	9	7	149	9	149	165	200	178	98	9	22	224	31	178	31	46	47	98	141	46	224	98	224	250	46
277	45	4	14	4	20	4	11	9	9	259	11	14	45	14	45	14	4	21	21	20	21	11	110	21	25	26	26	14	273	259	9	49	25	26	25	43	93	45	14	273	9	4	43	115	45	9	11	48	49	273	48	273	9	43	11	93	26	48	9	14	66	66	63	25	48	66	259	273	66	25	26	26	9	43	11	192	14	63	26	43	93	43	139	63	259	14	63	273	48	25	26	26	93	139	63	48	192	9	259	26	25	26	26	9	9	192	215	115	63	110	273	9	26	115	115	63	273	259	26	48	273	139	63	192	215	25	9	11	192	215	9	48	115	139	26	63	43	139	139	43	9	273	259	63	43	9	48	63	9	273	48	192	215	11	192	192	192	48	63	139	63	26	115	93	11	63	192	273	273	259	63	192	9	139	115	139	43	9	11	273	63	48	192	192	259	215	48	63	139	115	63	192	139	139	215	192	273	139	192	43	93	11	63	63	48	215	192	273	259	215	48	63	63	192	215	273	63	43	9	215	192	192	43	9	9	9	63	63	215	273	273	63	139	63	273	192	215	139	43	9	192	9	192	215	192	139	63	93	43	11	11	9	63	259	273	192	192	215	259	192	215	273	63	93	11	9	259	48	63	192	215	273	273	259	192	273	9	11	43	192	192	273	259	63	273	9	273	273	259	273	9	192	9	273	9	11	273
278	16	17	14	4	17	17	31	31	9	290	9	12	12	14	16	16	17	19	19	4	21	98	62	21	26	26	26	16	288	288	31	19	57	57	135	36	36	60	60	290	9	4	43	134	14	46	46	63	21	290	78	273	98	54	98	54	57	63	98	60	62	62	63	135	161	66	285	285	66	91	91	91	46	36	46	236	12	78	135	80	80	80	134	63	273	14	78	288	161	91	91	91	43	160	144	144	236	98	273	135	26	26	26	9	98	256	236	134	161	66	285	46	57	160	139	63	273	285	135	144	273	139	161	256	236	57	31	31	192	256	31	161	160	134	135	63	54	134	139	36	9	273	290	144	43	46	78	78	98	285	161	192	256	9	214	236	214	144	161	160	161	57	193	36	9	144	192	285	288	288	161	256	9	193	193	193	54	46	98	290	161	144	214	236	290	214	63	144	134	139	78	192	193	193	192	214	290	160	192	43	54	46	161	144	63	214	214	288	288	192	78	63	161	214	192	290	144	36	9	214	236	256	80	31	98	98	144	63	192	290	273	78	139	78	288	236	214	160	54	46	192	31	256	236	192	139	144	80	80	31	98	46	63	285	285	256	192	236	273	214	256	288	63	43	46	9	273	78	78	214	256	285	273	285	236	273	98	9	43	256	236	273	290	78	285	46	285	288	288	290	9	256	31	290	31	31	288
279	64	17	26	4	5	17	7	31	9	89	11	91	90	26	64	135	17	19	19	20	21	22	23	21	25	26	26	135	144	120	31	32	33	57	64	98	22	33	57	161	9	4	9	89	25	46	47	48	49	161	51	63	98	46	22	47	57	48	98	57	62	62	63	64	89	66	51	78	66	90	91	91	46	98	47	98	91	78	135	31	7	31	161	63	48	26	78	144	89	90	91	91	11	144	144	120	98	98	48	135	25	26	26	9	98	46	22	89	161	110	78	46	57	120	48	63	63	51	135	120	63	63	161	46	22	33	31	7	9	47	31	89	120	161	135	63	46	161	63	98	9	63	89	144	9	46	51	78	98	78	89	9	47	11	31	98	31	120	161	144	161	57	51	22	11	144	9	78	144	120	161	46	9	78	51	78	46	46	22	161	161	120	31	98	89	7	48	144	161	48	78	9	78	78	11	31	161	144	9	9	47	47	161	144	48	7	31	144	120	11	51	63	161	31	11	161	144	98	9	7	98	46	31	31	98	98	144	63	11	161	63	78	63	78	144	98	7	144	46	46	9	31	46	22	9	63	144	7	31	7	22	46	63	51	78	46	9	22	48	31	47	144	63	11	47	9	48	51	78	31	47	78	63	51	98	63	98	11	9	46	98	63	89	78	78	46	78	144	120	161	9	46	31	161	31	7	144
280	38	17	14	4	5	17	7	31	9	211	11	14	45	14	38	60	17	19	19	20	21	7	23	21	25	26	26	60	212	187	31	32	33	57	126	80	81	38	60	232	9	4	43	163	45	9	11	48	49	232	51	212	127	43	128	93	57	48	31	60	62	62	63	33	51	66	211	232	66	101	102	102	104	80	154	127	14	78	162	80	81	80	193	63	48	14	78	212	51	25	26	26	93	139	63	48	127	31	187	57	101	102	102	104	127	104	128	163	78	110	232	9	162	115	115	63	63	51	162	48	212	139	78	104	128	126	127	128	104	154	127	211	115	193	57	63	43	193	139	80	9	63	51	63	43	104	51	78	31	78	211	104	154	154	127	127	127	187	232	139	78	162	163	81	11	63	9	78	63	48	78	104	104	193	163	193	43	9	7	78	232	187	127	127	211	128	187	212	193	115	78	9	193	193	11	31	78	139	104	43	93	11	232	212	187	128	127	212	187	154	211	212	232	31	11	232	63	80	9	7	31	104	80	31	31	127	212	212	154	232	212	232	139	232	63	31	7	139	43	9	9	31	9	7	104	139	212	81	80	7	128	104	212	211	232	9	9	7	48	31	11	212	212	93	154	104	187	211	232	31	11	232	63	51	31	212	127	154	43	9	31	63	51	232	78	104	78	63	48	78	104	9	127	78	127	128	63
281	45	4	14	4	20	4	11	9	9	205	11	14	45	14	45	14	4	21	21	20	21	11	110	21	25	26	26	14	228	205	9	49	25	26	101	43	93	45	14	228	9	4	43	190	45	9	11	48	49	228	48	228	104	43	154	93	26	58	9	14	66	66	63	25	58	66	205	228	66	101	102	102	104	43	154	266	14	63	102	43	93	43	122	84	58	14	63	228	48	25	26	26	93	122	84	58	104	9	205	26	101	102	102	104	104	266	278	115	84	110	228	9	102	190	115	84	84	58	102	48	228	122	84	104	154	101	104	154	266	278	104	187	115	139	26	63	43	122	139	200	141	84	58	63	43	104	58	84	141	84	205	104	154	154	266	266	266	187	212	139	63	102	115	264	165	84	141	84	84	58	63	266	104	122	190	122	200	141	165	84	228	205	104	104	187	278	187	212	139	190	84	9	139	139	165	141	84	122	266	200	264	165	228	228	205	154	104	212	187	278	187	212	212	9	11	212	63	200	141	165	141	104	200	141	141	266	228	228	154	212	212	212	122	212	84	9	11	139	200	141	141	141	141	165	104	139	212	264	200	165	278	266	228	187	212	9	9	11	48	141	165	212	212	264	278	266	187	205	228	9	11	212	63	48	141	212	266	278	200	141	9	63	48	228	63	266	63	63	48	63	266	9	266	63	266	278	63
282	15	17	14	4	5	17	7	31	9	251	11	12	13	14	15	16	17	19	19	20	21	22	32	21	25	26	26	16	252	265	31	32	33	57	35	36	37	38	60	226	9	4	43	164	45	46	47	11	49	226	7	266	53	54	55	56	57	165	98	60	19	19	9	64	179	21	296	293	21	70	71	71	73	36	75	226	12	31	119	80	81	80	140	141	165	14	31	252	22	90	91	91	93	177	178	202	53	98	278	135	101	102	102	104	53	252	251	37	149	49	293	46	162	201	93	141	141	250	119	47	266	200	149	73	55	126	127	128	266	265	127	55	56	36	135	9	54	140	43	140	141	141	179	46	43	73	250	224	149	224	251	104	75	154	293	226	293	75	53	54	98	162	81	164	165	178	141	224	178	202	98	252	104	223	248	223	177	178	179	149	226	265	127	53	55	296	154	73	36	264	224	9	80	80	165	224	149	177	266	200	201	202	226	252	278	128	127	73	75	278	128	104	53	31	11	53	46	140	141	250	149	73	223	224	149	226	252	266	154	53	104	127	200	127	178	98	7	54	177	178	141	224	178	179	104	43	73	248	223	250	251	252	266	128	127	46	9	22	11	224	202	73	104	264	265	266	154	296	293	31	47	127	9	7	149	104	226	278	200	178	98	9	22	293	31	252	31	46	47	98	266	46	293	98	293	296	46
283	14	4	14	4	4	4	9	9	9	266	9	14	14	14	14	14	4	21	21	4	21	9	21	21	26	26	26	14	266	266	9	21	26	26	102	43	43	14	14	266	9	4	43	200	14	9	9	9	21	266	9	266	104	43	104	43	26	141	9	14	21	21	9	26	141	21	266	266	21	102	102	102	104	43	104	266	14	9	102	43	43	43	200	141	141	14	9	266	9	26	26	26	43	200	141	141	104	9	266	26	102	102	102	104	104	266	266	43	141	21	266	9	102	200	43	141	141	141	102	9	266	200	141	104	104	102	104	104	266	266	104	104	43	43	26	9	43	200	43	200	141	141	141	9	43	104	141	141	141	141	266	104	104	104	266	266	266	104	104	43	9	102	43	200	141	141	141	141	141	141	9	266	104	200	200	200	200	141	141	141	266	266	104	104	104	266	104	104	43	200	141	9	43	43	141	141	141	200	266	200	200	141	266	266	266	104	104	104	104	266	104	104	104	9	9	104	9	200	141	141	141	104	200	141	141	266	266	266	104	104	104	104	200	104	141	9	9	43	200	141	141	141	141	141	104	43	104	200	200	141	266	266	266	104	104	9	9	9	9	141	141	104	104	200	266	266	104	266	266	9	9	104	9	9	141	104	266	266	200	141	9	9	9	266	9	266	9	9	9	9	266	9	266	9	266	266	9
284	13	42	14	4	20	42	11	41	9	271	11	12	13	14	13	12	4	24	21	20	21	47	49	24	25	26	27	77	256	271	9	49	25	27	90	54	56	45	86	256	41	42	43	56	45	46	47	11	49	292	11	192	46	54	47	56	26	11	112	14	24	21	9	90	47	21	215	257	24	90	91	92	46	137	47	256	77	9	92	43	93	145	54	9	215	86	41	292	47	90	91	92	93	54	46	47	256	46	215	92	25	26	27	9	112	256	271	56	46	49	192	112	27	56	93	41	192	215	91	47	257	43	112	256	271	25	9	11	192	271	41	47	56	54	91	41	137	137	43	54	9	257	271	46	145	112	11	41	46	192	47	192	271	11	192	292	257	47	46	54	46	26	93	56	11	112	192	257	256	271	112	292	41	43	93	145	54	46	47	256	46	47	192	292	271	215	11	46	137	93	9	192	43	145	215	192	292	137	257	43	56	47	112	46	11	215	257	256	271	215	11	9	112	192	215	256	112	137	41	215	256	292	43	9	112	46	112	9	215	292	192	9	145	41	292	256	215	137	137	112	257	41	256	271	257	145	112	93	145	11	47	46	41	215	257	256	257	271	215	257	271	292	41	93	47	9	215	11	41	257	271	192	192	215	292	257	112	11	145	292	292	257	271	9	192	112	257	256	271	256	41	292	9	292	41	11	292
285	13	42	14	4	20	42	11	41	9	265	11	12	13	14	13	12	4	24	21	20	21	47	49	24	25	26	27	77	252	265	9	49	25	27	70	54	56	45	86	252	41	42	43	201	45	46	47	11	49	286	11	266	73	54	75	56	26	165	112	14	24	21	9	90	202	21	278	291	24	70	71	72	73	137	75	252	77	9	72	43	93	145	177	141	165	86	41	286	47	90	91	92	93	177	178	202	73	46	278	92	101	102	103	104	146	252	265	56	178	49	266	112	103	201	93	219	141	165	71	47	291	200	240	73	75	101	104	154	266	265	173	75	56	54	91	41	137	239	43	177	141	219	202	46	145	146	165	219	178	141	265	104	75	154	266	286	291	75	73	54	46	102	93	201	165	240	141	219	178	202	112	286	173	200	264	279	177	178	202	178	252	265	104	146	75	278	154	73	137	264	141	9	43	145	165	141	240	239	291	200	201	202	286	252	278	154	173	73	75	278	154	104	146	9	11	73	112	239	219	165	178	146	200	141	240	252	286	266	154	146	104	104	279	173	240	46	11	137	239	240	219	219	178	202	173	145	146	264	279	165	265	252	291	154	173	46	41	47	11	219	202	146	173	264	265	266	154	278	291	41	47	104	9	11	240	173	286	278	279	240	112	41	47	266	9	286	41	46	47	46	291	112	266	112	291	278	112
286	38	17	14	4	5	17	7	31	9	274	11	14	45	14	38	60	17	19	19	20	21	7	23	21	25	26	26	60	273	259	31	32	33	57	33	80	81	38	60	285	9	4	43	163	45	9	11	48	49	285	51	273	31	43	7	93	57	48	31	60	62	62	63	33	51	66	274	285	66	25	26	26	9	80	11	214	14	78	57	80	81	80	193	63	259	14	78	273	51	25	26	26	93	139	63	48	214	31	259	57	25	26	26	9	31	192	237	163	78	110	285	9	57	115	115	63	273	274	57	48	273	139	78	192	237	33	31	7	192	215	31	51	115	193	57	63	43	193	139	80	9	273	274	63	43	9	51	78	31	285	51	192	215	11	214	214	214	48	78	139	78	57	163	81	11	63	192	285	273	259	78	192	9	193	163	193	43	9	7	285	78	48	214	214	274	237	48	63	193	115	78	192	193	193	215	214	285	139	192	43	93	11	78	63	48	237	214	273	259	215	51	63	78	214	215	285	63	80	9	237	214	192	80	31	31	31	63	63	215	285	273	78	139	78	273	214	237	139	43	9	192	31	192	237	192	139	63	81	80	7	7	9	63	274	285	192	192	237	259	214	215	273	63	93	11	9	259	51	78	214	215	285	273	274	214	273	31	11	43	192	214	273	274	78	285	9	285	273	259	285	9	192	31	285	31	7	273
287	13	4	14	4	20	4	11	9	9	265	11	12	13	14	13	12	4	21	21	20	21	47	49	21	25	26	26	12	252	265	9	49	25	26	70	54	56	45	14	252	9	4	43	201	45	46	47	11	49	252	11	266	73	54	75	56	26	165	46	14	21	21	9	90	202	21	278	266	21	70	71	71	73	54	75	252	12	9	71	43	93	43	177	141	165	14	9	252	47	90	91	91	93	177	178	202	73	46	278	91	101	102	102	104	73	252	265	56	178	49	266	46	102	201	93	141	141	165	71	47	266	200	178	73	75	101	104	154	266	265	104	75	56	54	91	9	54	177	43	177	141	141	202	46	43	73	165	141	178	141	265	104	75	154	266	252	266	75	73	54	46	102	93	201	165	178	141	141	178	202	46	252	104	200	264	200	177	178	202	178	252	265	104	73	75	278	154	73	54	264	141	9	43	43	165	141	178	177	266	200	201	202	252	252	278	154	104	73	75	278	154	104	73	9	11	73	46	177	141	165	178	73	200	141	178	252	252	266	154	73	104	104	200	104	178	46	11	54	177	178	141	141	178	202	104	43	73	264	200	165	265	252	266	154	104	46	9	47	11	141	202	73	104	264	265	266	154	278	266	9	47	104	9	11	178	104	252	278	200	178	46	9	47	266	9	252	9	46	47	46	266	46	266	46	266	278	46
288	38	6	14	4	5	6	7	8	9	296	11	14	45	14	38	60	17	18	19	20	21	7	32	24	25	26	27	39	266	278	31	32	33	34	126	80	81	38	39	293	41	42	43	248	45	9	11	11	49	295	7	266	127	43	128	93	57	165	8	60	18	19	9	33	250	21	296	295	24	101	102	103	104	82	154	293	86	31	113	80	81	82	223	141	165	86	8	291	7	25	26	27	93	200	141	165	127	31	278	34	101	102	103	104	131	266	296	81	224	49	293	41	113	264	93	219	141	250	162	11	291	200	242	104	128	126	127	128	266	278	131	128	93	80	57	41	145	249	43	223	141	219	250	9	145	173	250	242	224	224	296	104	154	154	293	295	295	154	127	43	31	162	81	248	165	219	141	242	141	165	8	291	173	223	248	249	200	141	250	224	293	278	127	131	128	296	154	104	82	264	224	9	80	82	165	224	242	279	291	200	264	165	295	266	278	128	131	104	154	278	128	104	131	31	11	127	41	249	219	250	224	173	223	224	242	293	291	266	154	131	104	127	279	131	219	31	7	145	279	219	219	242	141	250	173	145	173	248	249	250	296	266	291	128	131	9	41	7	11	242	165	173	173	264	278	266	154	296	295	8	11	127	9	7	242	173	295	278	279	219	8	41	7	293	31	291	8	9	11	31	291	41	293	8	295	296	41
289	60	17	14	4	17	17	31	31	9	293	9	14	14	14	60	60	17	19	19	4	21	31	19	21	26	26	26	60	266	266	31	19	57	57	162	80	80	60	60	293	9	4	43	223	14	9	9	9	21	293	31	266	127	43	127	43	57	141	31	60	19	19	9	57	224	21	293	293	21	102	102	102	104	80	104	293	14	31	162	80	80	80	223	141	141	14	31	266	31	26	26	26	43	200	141	141	127	31	266	57	102	102	102	104	127	266	293	80	224	21	293	9	162	200	43	141	141	224	162	9	266	200	224	104	127	162	127	127	266	266	127	127	43	80	57	9	43	223	43	223	141	141	224	9	43	104	224	224	224	224	293	104	104	104	293	293	293	104	127	43	31	162	80	223	141	141	141	224	141	141	31	266	104	223	223	223	200	141	224	224	293	266	127	127	127	293	104	104	80	200	224	9	80	80	141	224	224	200	266	200	200	141	293	266	266	127	127	104	104	266	127	104	127	31	9	127	9	223	141	224	224	104	223	224	224	293	266	266	104	127	104	127	200	127	141	31	31	43	200	141	141	224	141	224	104	43	104	223	223	224	293	266	266	127	127	9	9	31	9	224	141	104	104	200	266	266	104	293	293	31	9	127	9	31	224	104	293	266	200	141	31	9	31	293	31	266	31	9	9	31	266	9	293	31	293	293	9
290	45	42	14	4	20	42	11	41	9	278	11	14	45	14	45	14	4	24	21	20	21	11	49	24	25	26	27	86	266	278	9	49	25	27	101	43	93	45	86	266	41	42	43	264	45	9	11	11	49	291	11	266	104	43	154	93	26	165	41	14	24	21	9	25	165	21	278	291	24	101	102	103	104	145	154	266	86	9	103	43	93	145	200	141	165	86	41	291	11	25	26	27	93	200	141	165	104	9	278	27	101	102	103	104	173	266	278	93	141	49	266	41	103	264	93	219	141	165	102	11	291	200	219	104	154	101	104	154	266	278	173	154	93	43	26	41	145	279	43	200	141	219	165	9	145	173	165	219	141	141	278	104	154	154	266	291	291	154	104	43	9	102	93	264	165	219	141	219	141	165	41	291	173	200	264	279	200	141	165	141	266	278	104	173	154	278	154	104	145	264	141	9	43	145	165	141	219	279	291	200	264	165	291	266	278	154	173	104	154	278	154	104	173	9	11	104	41	279	219	165	141	173	200	141	219	266	291	266	154	173	104	104	279	173	219	9	11	145	279	219	219	219	141	165	173	145	173	264	279	165	278	266	291	154	173	9	41	11	11	219	165	173	173	264	278	266	154	278	291	41	11	104	9	11	219	173	291	278	279	219	41	41	11	266	9	291	41	9	11	9	291	41	266	41	291	278	41
291	15	17	14	4	5	17	7	31	9	283	11	12	13	14	15	16	17	19	19	20	21	22	23	21	25	26	26	16	288	289	31	32	33	57	64	36	37	38	60	290	9	4	43	108	45	46	47	48	49	290	51	273	98	54	22	56	57	48	98	60	62	62	63	64	89	66	274	285	66	90	91	91	46	36	47	236	12	78	135	80	81	80	134	63	259	14	78	288	89	90	91	91	93	160	144	120	236	98	259	135	25	26	26	9	98	256	258	108	161	110	285	46	57	133	115	63	273	274	135	120	273	139	161	256	258	33	31	7	192	271	31	89	133	134	135	63	54	134	139	36	9	273	283	144	43	46	51	78	98	285	89	192	271	11	214	236	214	120	161	160	161	57	163	37	11	144	192	285	288	289	161	256	9	193	163	193	54	46	22	290	161	120	214	236	283	237	48	144	134	115	78	192	193	193	215	214	290	160	192	43	56	47	161	144	48	237	214	288	289	215	51	63	161	214	215	290	144	36	9	237	236	256	80	31	98	98	144	63	215	290	273	78	139	78	288	236	237	160	54	46	192	31	256	258	192	139	144	81	80	7	22	46	63	274	285	256	192	258	259	214	271	288	63	93	47	9	259	51	78	214	271	285	273	274	236	273	98	11	43	256	236	273	283	78	285	46	285	288	289	290	9	256	31	290	31	7	288
292	38	17	14	4	5	17	7	31	9	268	11	14	45	14	38	60	17	19	19	20	21	7	23	21	25	26	26	60	228	205	31	32	33	57	126	80	81	38	60	284	9	4	43	175	45	9	11	48	49	284	51	228	127	43	128	93	57	58	31	60	62	62	63	33	147	66	268	284	66	101	102	102	104	80	154	293	14	78	162	80	81	80	174	84	58	14	78	228	51	25	26	26	93	122	84	58	127	31	205	57	101	102	102	104	127	266	296	163	191	110	284	9	162	190	115	84	84	147	162	48	228	122	191	104	128	126	127	128	266	278	127	211	115	193	57	63	43	174	139	223	141	84	147	63	43	104	147	191	224	191	268	104	154	154	293	293	293	187	232	139	78	162	163	248	165	84	141	191	84	58	78	266	104	174	175	174	200	141	250	191	284	205	127	127	211	296	187	212	193	190	191	9	193	193	165	224	191	122	266	200	264	165	284	228	205	128	127	212	187	278	211	212	232	31	11	232	63	223	141	250	224	104	223	224	224	293	228	228	154	232	212	232	122	232	84	31	7	139	200	141	141	224	141	250	104	139	212	248	223	250	296	266	228	211	232	9	9	7	48	224	165	212	212	264	278	266	187	268	284	31	11	232	63	51	224	212	293	278	200	141	31	63	51	284	78	266	78	63	48	78	266	9	293	78	293	296	63
293	13	42	14	4	20	42	11	41	9	289	11	12	13	14	13	12	4	24	21	20	21	47	110	24	25	26	27	77	288	289	9	49	25	27	90	54	56	45	86	288	41	42	43	133	45	46	47	48	49	297	48	273	46	54	47	56	26	48	112	14	69	66	63	90	120	66	259	282	69	90	91	92	46	137	47	256	77	63	92	43	93	145	160	63	259	86	136	297	120	90	91	92	93	160	144	120	256	46	259	92	25	26	27	9	112	256	271	133	144	110	273	112	27	133	115	136	273	259	91	120	282	139	217	256	271	25	9	11	192	271	41	120	133	160	91	136	137	238	139	54	9	282	289	144	145	112	48	136	46	273	120	192	271	11	192	292	257	120	144	160	144	26	115	56	11	217	192	282	288	289	217	292	41	139	115	246	54	46	47	288	144	120	192	292	289	215	48	144	238	115	63	192	139	246	215	192	297	238	257	43	56	47	217	144	48	215	257	288	289	215	48	63	217	192	215	288	217	137	41	215	256	292	43	9	112	46	217	63	215	297	273	63	246	136	297	256	215	238	137	112	257	41	256	271	257	246	217	93	145	11	47	46	136	259	282	256	257	271	259	257	271	297	136	93	47	9	259	48	136	257	271	273	273	259	292	282	112	11	145	292	292	282	289	63	273	112	282	288	289	288	41	292	9	297	41	11	297
294	45	4	14	4	20	4	11	9	9	278	11	14	45	14	45	14	4	21	21	20	21	11	49	21	25	26	26	14	266	278	9	49	25	26	101	43	93	45	14	266	9	4	43	264	45	9	11	11	49	266	11	266	104	43	154	93	26	165	9	14	21	21	9	25	165	21	278	266	21	101	102	102	104	43	154	266	14	9	102	43	93	43	200	141	165	14	9	266	11	25	26	26	93	200	141	165	104	9	278	26	101	102	102	104	104	266	278	93	141	49	266	9	102	264	93	141	141	165	102	11	266	200	141	104	154	101	104	154	266	278	104	154	93	43	26	9	43	200	43	200	141	141	165	9	43	104	165	141	141	141	278	104	154	154	266	266	266	154	104	43	9	102	93	264	165	141	141	141	141	165	9	266	104	200	264	200	200	141	165	141	266	278	104	104	154	278	154	104	43	264	141	9	43	43	165	141	141	200	266	200	264	165	266	266	278	154	104	104	154	278	154	104	104	9	11	104	9	200	141	165	141	104	200	141	141	266	266	266	154	104	104	104	200	104	141	9	11	43	200	141	141	141	141	165	104	43	104	264	200	165	278	266	266	154	104	9	9	11	11	141	165	104	104	264	278	266	154	278	266	9	11	104	9	11	141	104	266	278	200	141	9	9	11	266	9	266	9	9	11	9	266	9	266	9	266	278	9
295	13	4	14	4	20	4	11	9	9	289	11	12	13	14	13	12	4	21	21	20	21	47	110	21	25	26	26	12	288	289	9	49	25	26	90	54	56	45	14	288	9	4	43	133	45	46	47	48	49	288	48	273	46	54	47	56	26	48	46	14	66	66	63	90	120	66	259	273	66	90	91	91	46	54	47	256	12	63	91	43	93	43	160	63	259	14	63	288	120	90	91	91	93	160	144	120	256	46	259	91	25	26	26	9	46	256	271	133	144	110	273	46	26	133	115	63	273	259	91	120	273	139	144	256	271	25	9	11	192	271	9	120	133	160	91	63	54	160	139	54	9	273	289	144	43	46	48	63	46	273	120	192	271	11	192	256	192	120	144	160	144	26	115	56	11	144	192	273	288	289	144	256	9	139	115	139	54	46	47	288	144	120	192	256	289	215	48	144	160	115	63	192	139	139	215	192	288	160	192	43	56	47	144	144	48	215	192	288	289	215	48	63	144	192	215	288	144	54	9	215	256	256	43	9	46	46	144	63	215	288	273	63	139	63	288	256	215	160	54	46	192	9	256	271	192	139	144	93	43	11	47	46	63	259	273	256	192	271	259	192	271	288	63	93	47	9	259	48	63	192	271	273	273	259	256	273	46	11	43	256	256	273	289	63	273	46	273	288	289	288	9	256	9	288	9	11	288
296	12	4	14	4	4	4	9	9	9	288	9	12	12	14	12	12	4	21	21	4	21	46	66	21	26	26	26	12	288	288	9	21	26	26	91	54	54	14	14	288	9	4	43	160	14	46	46	63	21	288	63	273	46	54	46	54	26	63	46	14	66	66	63	91	144	66	273	273	66	91	91	91	46	54	46	256	12	63	91	43	43	43	160	63	273	14	63	288	144	91	91	91	43	160	144	144	256	46	273	91	26	26	26	9	46	256	256	160	144	66	273	46	26	160	139	63	273	273	91	144	273	139	144	256	256	26	9	9	192	256	9	144	160	160	91	63	54	160	139	54	9	273	288	144	43	46	63	63	46	273	144	192	256	9	192	256	192	144	144	160	144	26	139	54	9	144	192	273	288	288	144	256	9	139	139	139	54	46	46	288	144	144	192	256	288	192	63	144	160	139	63	192	139	139	192	192	288	160	192	43	54	46	144	144	63	192	192	288	288	192	63	63	144	192	192	288	144	54	9	192	256	256	43	9	46	46	144	63	192	288	273	63	139	63	288	256	192	160	54	46	192	9	256	256	192	139	144	43	43	9	46	46	63	273	273	256	192	256	273	192	256	288	63	43	46	9	273	63	63	192	256	273	273	273	256	273	46	9	43	256	256	273	288	63	273	46	273	288	288	288	9	256	9	288	9	9	288
297	38	17	14	4	5	17	7	31	9	296	11	14	45	14	38	60	17	19	19	20	21	7	32	21	25	26	26	60	266	278	31	32	33	57	126	80	81	38	60	293	9	4	43	248	45	9	11	11	49	293	7	266	127	43	128	93	57	165	31	60	19	19	9	33	250	21	296	293	21	101	102	102	104	80	154	293	14	31	162	80	81	80	223	141	165	14	31	266	7	25	26	26	93	200	141	165	127	31	278	57	101	102	102	104	127	266	296	81	224	49	293	9	162	264	93	141	141	250	162	11	266	200	224	104	128	126	127	128	266	278	127	128	93	80	57	9	43	223	43	223	141	141	250	9	43	104	250	224	224	224	296	104	154	154	293	293	293	154	127	43	31	162	81	248	165	141	141	224	141	165	31	266	104	223	248	223	200	141	250	224	293	278	127	127	128	296	154	104	80	264	224	9	80	80	165	224	224	200	266	200	264	165	293	266	278	128	127	104	154	278	128	104	127	31	11	127	9	223	141	250	224	104	223	224	224	293	266	266	154	127	104	127	200	127	141	31	7	43	200	141	141	224	141	250	104	43	104	248	223	250	296	266	266	128	127	9	9	7	11	224	165	104	104	264	278	266	154	296	293	31	11	127	9	7	224	104	293	278	200	141	31	9	7	293	31	266	31	9	11	31	266	9	293	31	293	296	9
